File Name,Accent
ASF001-EN-ST01U1.wav,Assamese
ASF001-EN-ST01U10.wav,Assamese
ASF001-EN-ST01U11.wav,Assamese
ASF001-EN-ST01U12.wav,Assamese
ASF001-EN-ST01U13.wav,Assamese
ASF001-EN-ST01U14.wav,Assamese
ASF001-EN-ST01U15.wav,Assamese
ASF001-EN-ST01U16.wav,Assamese
ASF001-EN-ST01U17.wav,Assamese
ASF001-EN-ST01U2.wav,Assamese
ASF001-EN-ST01U4.wav,Assamese
ASF001-EN-ST01U6.wav,Assamese
ASF001-EN-ST01U7.wav,Assamese
ASF001-EN-ST01U8.wav,Assamese
ASF001-EN-ST01U9.wav,Assamese
ASF001-EN-ST02U1.wav,Assamese
ASF001-EN-ST02U10.wav,Assamese
ASF001-EN-ST02U11.wav,Assamese
ASF001-EN-ST02U12.wav,Assamese
ASF001-EN-ST02U13.wav,Assamese
ASF001-EN-ST02U14.wav,Assamese
ASF001-EN-ST02U15.wav,Assamese
ASF001-EN-ST02U16.wav,Assamese
ASF001-EN-ST02U17.wav,Assamese
ASF001-EN-ST02U2.wav,Assamese
ASF001-EN-ST02U3.wav,Assamese
ASF001-EN-ST02U4.wav,Assamese
ASF001-EN-ST02U5.wav,Assamese
ASF001-EN-ST02U6.wav,Assamese
ASF001-EN-ST02U7.wav,Assamese
ASF001-EN-ST02U8.wav,Assamese
ASF001-EN-ST02U9.wav,Assamese
ASF001-EN-ST03U1.wav,Assamese
ASF001-EN-ST03U10.wav,Assamese
ASF001-EN-ST03U11.wav,Assamese
ASF001-EN-ST03U12.wav,Assamese
ASF001-EN-ST03U13.wav,Assamese
ASF001-EN-ST03U14.wav,Assamese
ASF001-EN-ST03U15.wav,Assamese
ASF001-EN-ST03U16.wav,Assamese
ASF001-EN-ST03U17.wav,Assamese
ASF001-EN-ST03U2.wav,Assamese
ASF001-EN-ST03U3.wav,Assamese
ASF001-EN-ST03U4.wav,Assamese
ASF001-EN-ST03U5.wav,Assamese
ASF001-EN-ST03U6.wav,Assamese
ASF001-EN-ST03U7.wav,Assamese
ASF001-EN-ST03U8.wav,Assamese
ASF001-EN-ST03U9.wav,Assamese
ASF001-EN-ST04U1.wav,Assamese
ASF001-EN-ST04U10.wav,Assamese
ASF001-EN-ST04U11.wav,Assamese
ASF001-EN-ST04U12.wav,Assamese
ASF001-EN-ST04U13.wav,Assamese
ASF001-EN-ST04U14.wav,Assamese
ASF001-EN-ST04U15.wav,Assamese
ASF001-EN-ST04U16.wav,Assamese
ASF001-EN-ST04U17.wav,Assamese
ASF001-EN-ST04U2.wav,Assamese
ASF001-EN-ST04U3.wav,Assamese
ASF001-EN-ST04U4.wav,Assamese
ASF001-EN-ST04U5.wav,Assamese
ASF001-EN-ST04U6.wav,Assamese
ASF001-EN-ST04U7.wav,Assamese
ASF001-EN-ST04U8.wav,Assamese
ASF001-EN-ST04U9.wav,Assamese
ASF001-EN-ST05U1.wav,Assamese
ASF001-EN-ST05U10.wav,Assamese
ASF001-EN-ST05U11.wav,Assamese
ASF001-EN-ST05U12.wav,Assamese
ASF001-EN-ST05U13.wav,Assamese
ASF001-EN-ST05U14.wav,Assamese
ASF001-EN-ST05U15.wav,Assamese
ASF001-EN-ST05U16.wav,Assamese
ASF001-EN-ST05U17.wav,Assamese
ASF001-EN-ST05U2.wav,Assamese
ASF001-EN-ST05U3.wav,Assamese
ASF001-EN-ST05U4.wav,Assamese
ASF001-EN-ST05U5.wav,Assamese
ASF001-EN-ST05U6.wav,Assamese
ASF001-EN-ST05U7.wav,Assamese
ASF001-EN-ST05U8.wav,Assamese
ASF001-EN-ST05U9.wav,Assamese
ASF001-EN-ST06U1.wav,Assamese
ASF001-EN-ST06U10.wav,Assamese
ASF001-EN-ST06U11.wav,Assamese
ASF001-EN-ST06U12.wav,Assamese
ASF001-EN-ST06U13.wav,Assamese
ASF001-EN-ST06U14.wav,Assamese
ASF001-EN-ST06U15.wav,Assamese
ASF001-EN-ST06U16.wav,Assamese
ASF001-EN-ST06U17.wav,Assamese
ASF001-EN-ST06U2.wav,Assamese
ASF001-EN-ST06U3.wav,Assamese
ASF001-EN-ST06U4.wav,Assamese
ASF001-EN-ST06U5.wav,Assamese
ASF001-EN-ST06U6.wav,Assamese
ASF001-EN-ST06U7.wav,Assamese
ASF001-EN-ST06U8.wav,Assamese
ASF001-EN-ST06U9.wav,Assamese
ASF001-EN-ST07U1.wav,Assamese
ASF001-EN-ST07U10.wav,Assamese
ASF001-EN-ST07U11.wav,Assamese
ASF001-EN-ST07U12.wav,Assamese
ASF001-EN-ST07U13.wav,Assamese
ASF001-EN-ST07U14.wav,Assamese
ASF001-EN-ST07U15.wav,Assamese
ASF001-EN-ST07U16.wav,Assamese
ASF001-EN-ST07U17.wav,Assamese
ASF001-EN-ST07U2.wav,Assamese
ASF001-EN-ST07U3.wav,Assamese
ASF001-EN-ST07U4.wav,Assamese
ASF001-EN-ST07U5.wav,Assamese
ASF001-EN-ST07U6.wav,Assamese
ASF001-EN-ST07U7.wav,Assamese
ASF001-EN-ST07U8.wav,Assamese
ASF001-EN-ST07U9.wav,Assamese
ASF001-EN-ST08U1.wav,Assamese
ASF001-EN-ST08U10.wav,Assamese
ASF001-EN-ST08U11.wav,Assamese
ASF001-EN-ST08U12.wav,Assamese
ASF001-EN-ST08U13.wav,Assamese
ASF001-EN-ST08U14.wav,Assamese
ASF001-EN-ST08U15.wav,Assamese
ASF001-EN-ST08U16.wav,Assamese
ASF001-EN-ST08U17.wav,Assamese
ASF001-EN-ST08U2.wav,Assamese
ASF001-EN-ST08U3.wav,Assamese
ASF001-EN-ST08U4.wav,Assamese
ASF001-EN-ST08U5.wav,Assamese
ASF001-EN-ST08U6.wav,Assamese
ASF001-EN-ST08U7.wav,Assamese
ASF001-EN-ST08U8.wav,Assamese
ASF001-EN-ST08U9.wav,Assamese
ASF001-EN-ST09U1.wav,Assamese
ASF001-EN-ST09U10.wav,Assamese
ASF001-EN-ST09U11.wav,Assamese
ASF001-EN-ST09U12.wav,Assamese
ASF001-EN-ST09U13.wav,Assamese
ASF001-EN-ST09U14.wav,Assamese
ASF001-EN-ST09U15.wav,Assamese
ASF001-EN-ST09U16.wav,Assamese
ASF001-EN-ST09U17.wav,Assamese
ASF001-EN-ST09U2.wav,Assamese
ASF001-EN-ST09U3.wav,Assamese
ASF001-EN-ST09U4.wav,Assamese
ASF001-EN-ST09U5.wav,Assamese
ASF001-EN-ST09U6.wav,Assamese
ASF001-EN-ST09U7.wav,Assamese
ASF001-EN-ST09U8.wav,Assamese
ASF001-EN-ST09U9.wav,Assamese
ASF001-EN-ST20U1.wav,Assamese
ASF001-EN-ST20U10.wav,Assamese
ASF001-EN-ST20U11.wav,Assamese
ASF001-EN-ST20U12.wav,Assamese
ASF001-EN-ST20U13.wav,Assamese
ASF001-EN-ST20U14.wav,Assamese
ASF001-EN-ST20U15.wav,Assamese
ASF001-EN-ST20U16.wav,Assamese
ASF001-EN-ST20U17.wav,Assamese
ASF001-EN-ST20U18.wav,Assamese
ASF001-EN-ST20U19.wav,Assamese
ASF001-EN-ST20U2.wav,Assamese
ASF001-EN-ST20U20.wav,Assamese
ASF001-EN-ST20U21.wav,Assamese
ASF001-EN-ST20U22.wav,Assamese
ASF001-EN-ST20U23.wav,Assamese
ASF001-EN-ST20U24.wav,Assamese
ASF001-EN-ST20U25.wav,Assamese
ASF001-EN-ST20U26.wav,Assamese
ASF001-EN-ST20U27.wav,Assamese
ASF001-EN-ST20U28.wav,Assamese
ASF001-EN-ST20U29.wav,Assamese
ASF001-EN-ST20U3.wav,Assamese
ASF001-EN-ST20U30.wav,Assamese
ASF001-EN-ST20U31.wav,Assamese
ASF001-EN-ST20U32.wav,Assamese
ASF001-EN-ST20U4.wav,Assamese
ASF001-EN-ST20U5.wav,Assamese
ASF001-EN-ST20U6.wav,Assamese
ASF001-EN-ST20U7.wav,Assamese
ASF001-EN-ST20U8.wav,Assamese
ASF001-EN-ST20U9.wav,Assamese
ASF001-EN-ST21U1.wav,Assamese
ASF001-EN-ST21U10.wav,Assamese
ASF001-EN-ST21U11.wav,Assamese
ASF001-EN-ST21U12.wav,Assamese
ASF001-EN-ST21U13.wav,Assamese
ASF001-EN-ST21U14.wav,Assamese
ASF001-EN-ST21U15.wav,Assamese
ASF001-EN-ST21U16.wav,Assamese
ASF001-EN-ST21U17.wav,Assamese
ASF001-EN-ST21U18.wav,Assamese
ASF001-EN-ST21U19.wav,Assamese
ASF001-EN-ST21U2.wav,Assamese
ASF001-EN-ST21U20.wav,Assamese
ASF001-EN-ST21U21.wav,Assamese
ASF001-EN-ST21U22.wav,Assamese
ASF001-EN-ST21U23.wav,Assamese
ASF001-EN-ST21U24.wav,Assamese
ASF001-EN-ST21U25.wav,Assamese
ASF001-EN-ST21U26.wav,Assamese
ASF001-EN-ST21U27.wav,Assamese
ASF001-EN-ST21U28.wav,Assamese
ASF001-EN-ST21U29.wav,Assamese
ASF001-EN-ST21U3.wav,Assamese
ASF001-EN-ST21U30.wav,Assamese
ASF001-EN-ST21U31.wav,Assamese
ASF001-EN-ST21U32.wav,Assamese
ASF001-EN-ST21U33.wav,Assamese
ASF001-EN-ST21U4.wav,Assamese
ASF001-EN-ST21U5.wav,Assamese
ASF001-EN-ST21U6.wav,Assamese
ASF001-EN-ST21U7.wav,Assamese
ASF001-EN-ST21U8.wav,Assamese
ASF001-EN-ST21U9.wav,Assamese
ASF001-EN-ST22U1.wav,Assamese
ASF001-EN-ST22U10.wav,Assamese
ASF001-EN-ST22U11.wav,Assamese
ASF001-EN-ST22U12.wav,Assamese
ASF001-EN-ST22U13.wav,Assamese
ASF001-EN-ST22U14.wav,Assamese
ASF001-EN-ST22U15.wav,Assamese
ASF001-EN-ST22U16.wav,Assamese
ASF001-EN-ST22U17.wav,Assamese
ASF001-EN-ST22U18.wav,Assamese
ASF001-EN-ST22U19.wav,Assamese
ASF001-EN-ST22U2.wav,Assamese
ASF001-EN-ST22U20.wav,Assamese
ASF001-EN-ST22U21.wav,Assamese
ASF001-EN-ST22U22.wav,Assamese
ASF001-EN-ST22U23.wav,Assamese
ASF001-EN-ST22U24.wav,Assamese
ASF001-EN-ST22U25.wav,Assamese
ASF001-EN-ST22U26.wav,Assamese
ASF001-EN-ST22U3.wav,Assamese
ASF001-EN-ST22U4.wav,Assamese
ASF001-EN-ST22U5.wav,Assamese
ASF001-EN-ST22U6.wav,Assamese
ASF001-EN-ST22U7.wav,Assamese
ASF001-EN-ST22U8.wav,Assamese
ASF001-EN-ST22U9.wav,Assamese
ASF001-EN-ST23U3.wav,Assamese
ASF001-EN-ST23U4.wav,Assamese
ASF001-EN-ST23U5.wav,Assamese
ASF001-EN-ST23U6.wav,Assamese
ASF001-EN-ST23U7.wav,Assamese
ASF001-EN-ST23U8.wav,Assamese
ASF001-EN-ST24U1.wav,Assamese
ASF001-EN-ST24U10.wav,Assamese
ASF001-EN-ST24U11.wav,Assamese
ASF001-EN-ST24U12.wav,Assamese
ASF001-EN-ST24U13.wav,Assamese
ASF001-EN-ST24U14.wav,Assamese
ASF001-EN-ST24U15.wav,Assamese
ASF001-EN-ST24U16.wav,Assamese
ASF001-EN-ST24U17.wav,Assamese
ASF001-EN-ST24U18.wav,Assamese
ASF001-EN-ST24U19.wav,Assamese
ASF001-EN-ST24U2.wav,Assamese
ASF001-EN-ST24U20.wav,Assamese
ASF001-EN-ST24U21.wav,Assamese
ASF001-EN-ST24U22.wav,Assamese
ASF001-EN-ST24U23.wav,Assamese
ASF001-EN-ST24U24.wav,Assamese
ASF001-EN-ST24U25.wav,Assamese
ASF001-EN-ST24U26.wav,Assamese
ASF001-EN-ST24U27.wav,Assamese
ASF001-EN-ST24U28.wav,Assamese
ASF001-EN-ST24U29.wav,Assamese
ASF001-EN-ST24U3.wav,Assamese
ASF001-EN-ST24U30.wav,Assamese
ASF001-EN-ST24U31.wav,Assamese
ASF001-EN-ST24U32.wav,Assamese
ASF001-EN-ST24U33.wav,Assamese
ASF001-EN-ST24U4.wav,Assamese
ASF001-EN-ST24U5.wav,Assamese
ASF001-EN-ST24U6.wav,Assamese
ASF001-EN-ST24U7.wav,Assamese
ASF001-EN-ST24U8.wav,Assamese
ASF001-EN-ST24U9.wav,Assamese
ASF001-EN-ST25U1.wav,Assamese
ASF001-EN-ST25U10.wav,Assamese
ASF001-EN-ST25U11.wav,Assamese
ASF001-EN-ST25U12.wav,Assamese
ASF001-EN-ST25U13.wav,Assamese
ASF001-EN-ST25U14.wav,Assamese
ASF001-EN-ST25U15.wav,Assamese
ASF001-EN-ST25U16.wav,Assamese
ASF001-EN-ST25U17.wav,Assamese
ASF001-EN-ST25U18.wav,Assamese
ASF001-EN-ST25U19.wav,Assamese
ASF001-EN-ST25U2.wav,Assamese
ASF001-EN-ST25U20.wav,Assamese
ASF001-EN-ST25U21.wav,Assamese
ASF001-EN-ST25U22.wav,Assamese
ASF001-EN-ST25U23.wav,Assamese
ASF001-EN-ST25U24.wav,Assamese
ASF001-EN-ST25U25.wav,Assamese
ASF001-EN-ST25U26.wav,Assamese
ASF001-EN-ST25U27.wav,Assamese
ASF001-EN-ST25U28.wav,Assamese
ASF001-EN-ST25U29.wav,Assamese
ASF001-EN-ST25U3.wav,Assamese
ASF001-EN-ST25U30.wav,Assamese
ASF001-EN-ST25U31.wav,Assamese
ASF001-EN-ST25U32.wav,Assamese
ASF001-EN-ST25U4.wav,Assamese
ASF001-EN-ST25U5.wav,Assamese
ASF001-EN-ST25U6.wav,Assamese
ASF001-EN-ST25U7.wav,Assamese
ASF001-EN-ST25U8.wav,Assamese
ASF001-EN-ST25U9.wav,Assamese
ASF001-EN-ST26U1.wav,Assamese
ASF001-EN-ST26U10.wav,Assamese
ASF001-EN-ST26U11.wav,Assamese
ASF001-EN-ST26U12.wav,Assamese
ASF001-EN-ST26U13.wav,Assamese
ASF001-EN-ST26U14.wav,Assamese
ASF001-EN-ST26U15.wav,Assamese
ASF001-EN-ST26U16.wav,Assamese
ASF001-EN-ST26U17.wav,Assamese
ASF001-EN-ST26U18.wav,Assamese
ASF001-EN-ST26U19.wav,Assamese
ASF001-EN-ST26U2.wav,Assamese
ASF001-EN-ST26U20.wav,Assamese
ASF001-EN-ST26U21.wav,Assamese
ASF001-EN-ST26U22.wav,Assamese
ASF001-EN-ST26U23.wav,Assamese
ASF001-EN-ST26U24.wav,Assamese
ASF001-EN-ST26U25.wav,Assamese
ASF001-EN-ST26U26.wav,Assamese
ASF001-EN-ST26U27.wav,Assamese
ASF001-EN-ST26U28.wav,Assamese
ASF001-EN-ST26U29.wav,Assamese
ASF001-EN-ST26U3.wav,Assamese
ASF001-EN-ST26U30.wav,Assamese
ASF001-EN-ST26U31.wav,Assamese
ASF001-EN-ST26U32.wav,Assamese
ASF001-EN-ST26U33.wav,Assamese
ASF001-EN-ST26U4.wav,Assamese
ASF001-EN-ST26U5.wav,Assamese
ASF001-EN-ST26U6.wav,Assamese
ASF001-EN-ST26U7.wav,Assamese
ASF001-EN-ST26U8.wav,Assamese
ASF001-EN-ST26U9.wav,Assamese
ASF001-EN-ST27U1.wav,Assamese
ASF001-EN-ST27U10.wav,Assamese
ASF001-EN-ST27U11.wav,Assamese
ASF001-EN-ST27U12.wav,Assamese
ASF001-EN-ST27U13.wav,Assamese
ASF001-EN-ST27U14.wav,Assamese
ASF001-EN-ST27U15.wav,Assamese
ASF001-EN-ST27U16.wav,Assamese
ASF001-EN-ST27U2.wav,Assamese
ASF001-EN-ST27U3.wav,Assamese
ASF001-EN-ST27U4.wav,Assamese
ASF001-EN-ST27U5.wav,Assamese
ASF001-EN-ST27U6.wav,Assamese
ASF001-EN-ST27U7.wav,Assamese
ASF001-EN-ST27U8.wav,Assamese
ASF001-EN-ST27U9.wav,Assamese
ASF001-EN-ST28U1.wav,Assamese
ASF001-EN-ST28U10.wav,Assamese
ASF001-EN-ST28U11.wav,Assamese
ASF001-EN-ST28U12.wav,Assamese
ASF001-EN-ST28U13.wav,Assamese
ASF001-EN-ST28U14.wav,Assamese
ASF001-EN-ST28U15.wav,Assamese
ASF001-EN-ST28U16.wav,Assamese
ASF001-EN-ST28U2.wav,Assamese
ASF001-EN-ST28U3.wav,Assamese
ASF001-EN-ST28U4.wav,Assamese
ASF001-EN-ST28U5.wav,Assamese
ASF001-EN-ST28U6.wav,Assamese
ASF001-EN-ST28U7.wav,Assamese
ASF001-EN-ST28U8.wav,Assamese
ASF001-EN-ST28U9.wav,Assamese
ASF001-EN-ST29U1.wav,Assamese
ASF001-EN-ST29U10.wav,Assamese
ASF001-EN-ST29U11.wav,Assamese
ASF001-EN-ST29U12.wav,Assamese
ASF001-EN-ST29U13.wav,Assamese
ASF001-EN-ST29U14.wav,Assamese
ASF001-EN-ST29U15.wav,Assamese
ASF001-EN-ST29U16.wav,Assamese
ASF001-EN-ST29U17.wav,Assamese
ASF001-EN-ST29U2.wav,Assamese
ASF001-EN-ST29U3.wav,Assamese
ASF001-EN-ST29U4.wav,Assamese
ASF001-EN-ST29U5.wav,Assamese
ASF001-EN-ST29U6.wav,Assamese
ASF001-EN-ST29U7.wav,Assamese
ASF001-EN-ST29U8.wav,Assamese
ASF001-EN-ST29U9.wav,Assamese
ASF001-EN-ST30U1.wav,Assamese
ASF001-EN-ST30U10.wav,Assamese
ASF001-EN-ST30U11.wav,Assamese
ASF001-EN-ST30U12.wav,Assamese
ASF001-EN-ST30U13.wav,Assamese
ASF001-EN-ST30U14.wav,Assamese
ASF001-EN-ST30U15.wav,Assamese
ASF001-EN-ST30U16.wav,Assamese
ASF001-EN-ST30U17.wav,Assamese
ASF001-EN-ST30U2.wav,Assamese
ASF001-EN-ST30U3.wav,Assamese
ASF001-EN-ST30U4.wav,Assamese
ASF001-EN-ST30U5.wav,Assamese
ASF001-EN-ST30U6.wav,Assamese
ASF001-EN-ST30U7.wav,Assamese
ASF001-EN-ST30U8.wav,Assamese
ASF001-EN-ST30U9.wav,Assamese
ASF001-EN-ST31U1.wav,Assamese
ASF001-EN-ST31U2.wav,Assamese
ASF001-EN-ST31U3.wav,Assamese
ASF001-EN-ST31U4.wav,Assamese
ASF001-EN-ST31U5.wav,Assamese
ASF001-EN-ST31U6.wav,Assamese
ASF001-EN-ST31U7.wav,Assamese
ASF001-EN-ST31U8.wav,Assamese
ASF001-EN-ST31U9.wav,Assamese
ASF001-EN-ST32U10.wav,Assamese
ASF001-EN-ST32U3.wav,Assamese
ASF001-EN-ST32U4.wav,Assamese
ASF001-EN-ST32U5.wav,Assamese
ASF001-EN-ST32U6.wav,Assamese
ASF001-EN-ST32U7.wav,Assamese
ASF001-EN-ST32U8.wav,Assamese
ASF001-EN-ST32U9.wav,Assamese
ASF001-EN-ST33U1.wav,Assamese
ASF001-EN-ST33U10.wav,Assamese
ASF001-EN-ST33U11.wav,Assamese
ASF001-EN-ST33U12.wav,Assamese
ASF001-EN-ST33U13.wav,Assamese
ASF001-EN-ST33U14.wav,Assamese
ASF001-EN-ST33U15.wav,Assamese
ASF001-EN-ST33U16.wav,Assamese
ASF001-EN-ST33U17.wav,Assamese
ASF001-EN-ST33U2.wav,Assamese
ASF001-EN-ST33U3.wav,Assamese
ASF001-EN-ST33U4.wav,Assamese
ASF001-EN-ST33U5.wav,Assamese
ASF001-EN-ST33U6.wav,Assamese
ASF001-EN-ST33U7.wav,Assamese
ASF001-EN-ST33U8.wav,Assamese
ASF001-EN-ST33U9.wav,Assamese
ASF001-EN-ST34U1.wav,Assamese
ASF001-EN-ST34U10.wav,Assamese
ASF001-EN-ST34U11.wav,Assamese
ASF001-EN-ST34U12.wav,Assamese
ASF001-EN-ST34U13.wav,Assamese
ASF001-EN-ST34U14.wav,Assamese
ASF001-EN-ST34U15.wav,Assamese
ASF001-EN-ST34U16.wav,Assamese
ASF001-EN-ST34U17.wav,Assamese
ASF001-EN-ST34U2.wav,Assamese
ASF001-EN-ST34U3.wav,Assamese
ASF001-EN-ST34U4.wav,Assamese
ASF001-EN-ST34U5.wav,Assamese
ASF001-EN-ST34U6.wav,Assamese
ASF001-EN-ST34U7.wav,Assamese
ASF001-EN-ST34U8.wav,Assamese
ASF001-EN-ST34U9.wav,Assamese
ASF001-EN-ST35U1.wav,Assamese
ASF001-EN-ST35U10.wav,Assamese
ASF001-EN-ST35U11.wav,Assamese
ASF001-EN-ST35U12.wav,Assamese
ASF001-EN-ST35U13.wav,Assamese
ASF001-EN-ST35U14.wav,Assamese
ASF001-EN-ST35U15.wav,Assamese
ASF001-EN-ST35U16.wav,Assamese
ASF001-EN-ST35U17.wav,Assamese
ASF001-EN-ST35U2.wav,Assamese
ASF001-EN-ST35U3.wav,Assamese
ASF001-EN-ST35U4.wav,Assamese
ASF001-EN-ST35U5.wav,Assamese
ASF001-EN-ST35U6.wav,Assamese
ASF001-EN-ST35U7.wav,Assamese
ASF001-EN-ST35U8.wav,Assamese
ASF001-EN-ST35U9.wav,Assamese
ASF001-EN-ST36U1.wav,Assamese
ASF001-EN-ST36U10.wav,Assamese
ASF001-EN-ST36U11.wav,Assamese
ASF001-EN-ST36U12.wav,Assamese
ASF001-EN-ST36U13.wav,Assamese
ASF001-EN-ST36U14.wav,Assamese
ASF001-EN-ST36U15.wav,Assamese
ASF001-EN-ST36U16.wav,Assamese
ASF001-EN-ST36U17.wav,Assamese
ASF001-EN-ST36U2.wav,Assamese
ASF001-EN-ST36U3.wav,Assamese
ASF001-EN-ST36U4.wav,Assamese
ASF001-EN-ST36U5.wav,Assamese
ASF001-EN-ST36U6.wav,Assamese
ASF001-EN-ST36U7.wav,Assamese
ASF001-EN-ST36U8.wav,Assamese
ASF001-EN-ST36U9.wav,Assamese
ASF001-EN-ST37U1.wav,Assamese
ASF001-EN-ST37U10.wav,Assamese
ASF001-EN-ST37U11.wav,Assamese
ASF001-EN-ST37U12.wav,Assamese
ASF001-EN-ST37U13.wav,Assamese
ASF001-EN-ST37U14.wav,Assamese
ASF001-EN-ST37U15.wav,Assamese
ASF001-EN-ST37U16.wav,Assamese
ASF001-EN-ST37U17.wav,Assamese
ASF001-EN-ST37U18.wav,Assamese
ASF001-EN-ST37U19.wav,Assamese
ASF001-EN-ST37U2.wav,Assamese
ASF001-EN-ST37U20.wav,Assamese
ASF001-EN-ST37U21.wav,Assamese
ASF001-EN-ST37U22.wav,Assamese
ASF001-EN-ST37U23.wav,Assamese
ASF001-EN-ST37U24.wav,Assamese
ASF001-EN-ST37U25.wav,Assamese
ASF001-EN-ST37U26.wav,Assamese
ASF001-EN-ST37U27.wav,Assamese
ASF001-EN-ST37U28.wav,Assamese
ASF001-EN-ST37U29.wav,Assamese
ASF001-EN-ST37U3.wav,Assamese
ASF001-EN-ST37U30.wav,Assamese
ASF001-EN-ST37U31.wav,Assamese
ASF001-EN-ST37U32.wav,Assamese
ASF001-EN-ST37U4.wav,Assamese
ASF001-EN-ST37U5.wav,Assamese
ASF001-EN-ST37U6.wav,Assamese
ASF001-EN-ST37U7.wav,Assamese
ASF001-EN-ST37U8.wav,Assamese
ASF001-EN-ST37U9.wav,Assamese
ASF001-EN-ST38U1.wav,Assamese
ASF001-EN-ST38U10.wav,Assamese
ASF001-EN-ST38U11.wav,Assamese
ASF001-EN-ST38U12.wav,Assamese
ASF001-EN-ST38U13.wav,Assamese
ASF001-EN-ST38U14.wav,Assamese
ASF001-EN-ST38U15.wav,Assamese
ASF001-EN-ST38U16.wav,Assamese
ASF001-EN-ST38U17.wav,Assamese
ASF001-EN-ST38U18.wav,Assamese
ASF001-EN-ST38U19.wav,Assamese
ASF001-EN-ST38U2.wav,Assamese
ASF001-EN-ST38U20.wav,Assamese
ASF001-EN-ST38U21.wav,Assamese
ASF001-EN-ST38U22.wav,Assamese
ASF001-EN-ST38U23.wav,Assamese
ASF001-EN-ST38U24.wav,Assamese
ASF001-EN-ST38U25.wav,Assamese
ASF001-EN-ST38U26.wav,Assamese
ASF001-EN-ST38U27.wav,Assamese
ASF001-EN-ST38U28.wav,Assamese
ASF001-EN-ST38U29.wav,Assamese
ASF001-EN-ST38U3.wav,Assamese
ASF001-EN-ST38U30.wav,Assamese
ASF001-EN-ST38U31.wav,Assamese
ASF001-EN-ST38U32.wav,Assamese
ASF001-EN-ST38U33.wav,Assamese
ASF001-EN-ST38U4.wav,Assamese
ASF001-EN-ST38U5.wav,Assamese
ASF001-EN-ST38U6.wav,Assamese
ASF001-EN-ST38U7.wav,Assamese
ASF001-EN-ST38U8.wav,Assamese
ASF001-EN-ST38U9.wav,Assamese
ASF001-EN-ST39U1.wav,Assamese
ASF001-EN-ST39U2.wav,Assamese
ASF001-EN-ST39U3.wav,Assamese
ASF001-EN-ST39U4.wav,Assamese
ASF001-EN-ST39U5.wav,Assamese
ASF001-EN-ST39U6.wav,Assamese
ASF001-EN-ST39U7.wav,Assamese
ASF001-EN-ST39U8.wav,Assamese
ASF001-EN-ST39U9.wav,Assamese
ASF001-EN-ST40U1.wav,Assamese
ASF001-EN-ST40U10.wav,Assamese
ASF001-EN-ST40U11.wav,Assamese
ASF001-EN-ST40U12.wav,Assamese
ASF001-EN-ST40U13.wav,Assamese
ASF001-EN-ST40U14.wav,Assamese
ASF001-EN-ST40U15.wav,Assamese
ASF001-EN-ST40U16.wav,Assamese
ASF001-EN-ST40U2.wav,Assamese
ASF001-EN-ST40U3.wav,Assamese
ASF001-EN-ST40U4.wav,Assamese
ASF001-EN-ST40U5.wav,Assamese
ASF001-EN-ST40U6.wav,Assamese
ASF001-EN-ST40U7.wav,Assamese
ASF001-EN-ST40U8.wav,Assamese
ASF001-EN-ST40U9.wav,Assamese
ASF001-EN-ST41U1.wav,Assamese
ASF001-EN-ST41U2.wav,Assamese
ASF001-EN-ST41U3.wav,Assamese
ASF001-EN-ST41U4.wav,Assamese
ASF001-EN-ST41U5.wav,Assamese
ASF001-EN-ST41U6.wav,Assamese
ASF001-EN-ST41U7.wav,Assamese
ASF001-EN-ST42U1.wav,Assamese
ASF001-EN-ST42U10.wav,Assamese
ASF001-EN-ST42U11.wav,Assamese
ASF001-EN-ST42U12.wav,Assamese
ASF001-EN-ST42U13.wav,Assamese
ASF001-EN-ST42U14.wav,Assamese
ASF001-EN-ST42U15.wav,Assamese
ASF001-EN-ST42U16.wav,Assamese
ASF001-EN-ST42U17.wav,Assamese
ASF001-EN-ST42U18.wav,Assamese
ASF001-EN-ST42U19.wav,Assamese
ASF001-EN-ST42U2.wav,Assamese
ASF001-EN-ST42U20.wav,Assamese
ASF001-EN-ST42U21.wav,Assamese
ASF001-EN-ST42U22.wav,Assamese
ASF001-EN-ST42U23.wav,Assamese
ASF001-EN-ST42U24.wav,Assamese
ASF001-EN-ST42U25.wav,Assamese
ASF001-EN-ST42U26.wav,Assamese
ASF001-EN-ST42U27.wav,Assamese
ASF001-EN-ST42U28.wav,Assamese
ASF001-EN-ST42U29.wav,Assamese
ASF001-EN-ST42U3.wav,Assamese
ASF001-EN-ST42U30.wav,Assamese
ASF001-EN-ST42U31.wav,Assamese
ASF001-EN-ST42U32.wav,Assamese
ASF001-EN-ST42U33.wav,Assamese
ASF001-EN-ST42U4.wav,Assamese
ASF001-EN-ST42U5.wav,Assamese
ASF001-EN-ST42U6.wav,Assamese
ASF001-EN-ST42U7.wav,Assamese
ASF001-EN-ST42U8.wav,Assamese
ASF001-EN-ST42U9.wav,Assamese
ASF001-EN-ST43U1.wav,Assamese
ASF001-EN-ST43U10.wav,Assamese
ASF001-EN-ST43U11.wav,Assamese
ASF001-EN-ST43U12.wav,Assamese
ASF001-EN-ST43U13.wav,Assamese
ASF001-EN-ST43U14.wav,Assamese
ASF001-EN-ST43U15.wav,Assamese
ASF001-EN-ST43U16.wav,Assamese
ASF001-EN-ST43U17.wav,Assamese
ASF001-EN-ST43U18.wav,Assamese
ASF001-EN-ST43U19.wav,Assamese
ASF001-EN-ST43U2.wav,Assamese
ASF001-EN-ST43U20.wav,Assamese
ASF001-EN-ST43U21.wav,Assamese
ASF001-EN-ST43U22.wav,Assamese
ASF001-EN-ST43U23.wav,Assamese
ASF001-EN-ST43U24.wav,Assamese
ASF001-EN-ST43U25.wav,Assamese
ASF001-EN-ST43U26.wav,Assamese
ASF001-EN-ST43U27.wav,Assamese
ASF001-EN-ST43U28.wav,Assamese
ASF001-EN-ST43U29.wav,Assamese
ASF001-EN-ST43U3.wav,Assamese
ASF001-EN-ST43U30.wav,Assamese
ASF001-EN-ST43U31.wav,Assamese
ASF001-EN-ST43U32.wav,Assamese
ASF001-EN-ST43U4.wav,Assamese
ASF001-EN-ST43U5.wav,Assamese
ASF001-EN-ST43U6.wav,Assamese
ASF001-EN-ST43U7.wav,Assamese
ASF001-EN-ST43U8.wav,Assamese
ASF001-EN-ST43U9.wav,Assamese
ASF001-EN-ST44U1.wav,Assamese
ASF001-EN-ST44U2.wav,Assamese
ASF001-EN-ST44U3.wav,Assamese
ASF001-EN-ST44U4.wav,Assamese
ASF001-EN-ST44U5.wav,Assamese
ASF001-EN-ST44U6.wav,Assamese
ASF001-EN-ST44U7.wav,Assamese
ASF001-EN-ST44U8.wav,Assamese
ASF001-EN-ST44U9.wav,Assamese
ASF001-EN-ST45U1.wav,Assamese
ASF001-EN-ST45U10.wav,Assamese
ASF001-EN-ST45U11.wav,Assamese
ASF001-EN-ST45U12.wav,Assamese
ASF001-EN-ST45U13.wav,Assamese
ASF001-EN-ST45U14.wav,Assamese
ASF001-EN-ST45U15.wav,Assamese
ASF001-EN-ST45U16.wav,Assamese
ASF001-EN-ST45U17.wav,Assamese
ASF001-EN-ST45U18.wav,Assamese
ASF001-EN-ST45U19.wav,Assamese
ASF001-EN-ST45U2.wav,Assamese
ASF001-EN-ST45U20.wav,Assamese
ASF001-EN-ST45U21.wav,Assamese
ASF001-EN-ST45U22.wav,Assamese
ASF001-EN-ST45U23.wav,Assamese
ASF001-EN-ST45U24.wav,Assamese
ASF001-EN-ST45U3.wav,Assamese
ASF001-EN-ST45U4.wav,Assamese
ASF001-EN-ST45U5.wav,Assamese
ASF001-EN-ST45U6.wav,Assamese
ASF001-EN-ST45U7.wav,Assamese
ASF001-EN-ST45U8.wav,Assamese
ASF001-EN-ST45U9.wav,Assamese
ASF001-EN-ST46U1.wav,Assamese
ASF001-EN-ST46U10.wav,Assamese
ASF001-EN-ST46U11.wav,Assamese
ASF001-EN-ST46U12.wav,Assamese
ASF001-EN-ST46U13.wav,Assamese
ASF001-EN-ST46U14.wav,Assamese
ASF001-EN-ST46U15.wav,Assamese
ASF001-EN-ST46U16.wav,Assamese
ASF001-EN-ST46U17.wav,Assamese
ASF001-EN-ST46U18.wav,Assamese
ASF001-EN-ST46U19.wav,Assamese
ASF001-EN-ST46U2.wav,Assamese
ASF001-EN-ST46U20.wav,Assamese
ASF001-EN-ST46U21.wav,Assamese
ASF001-EN-ST46U22.wav,Assamese
ASF001-EN-ST46U23.wav,Assamese
ASF001-EN-ST46U24.wav,Assamese
ASF001-EN-ST46U25.wav,Assamese
ASF001-EN-ST46U26.wav,Assamese
ASF001-EN-ST46U27.wav,Assamese
ASF001-EN-ST46U28.wav,Assamese
ASF001-EN-ST46U29.wav,Assamese
ASF001-EN-ST46U3.wav,Assamese
ASF001-EN-ST46U30.wav,Assamese
ASF001-EN-ST46U31.wav,Assamese
ASF001-EN-ST46U32.wav,Assamese
ASF001-EN-ST46U4.wav,Assamese
ASF001-EN-ST46U5.wav,Assamese
ASF001-EN-ST46U6.wav,Assamese
ASF001-EN-ST46U7.wav,Assamese
ASF001-EN-ST46U8.wav,Assamese
ASF001-EN-ST46U9.wav,Assamese
ASF001-EN-ST47U1.wav,Assamese
ASF001-EN-ST47U10.wav,Assamese
ASF001-EN-ST47U11.wav,Assamese
ASF001-EN-ST47U12.wav,Assamese
ASF001-EN-ST47U13.wav,Assamese
ASF001-EN-ST47U14.wav,Assamese
ASF001-EN-ST47U15.wav,Assamese
ASF001-EN-ST47U16.wav,Assamese
ASF001-EN-ST47U17.wav,Assamese
ASF001-EN-ST47U18.wav,Assamese
ASF001-EN-ST47U19.wav,Assamese
ASF001-EN-ST47U2.wav,Assamese
ASF001-EN-ST47U20.wav,Assamese
ASF001-EN-ST47U3.wav,Assamese
ASF001-EN-ST47U4.wav,Assamese
ASF001-EN-ST47U5.wav,Assamese
ASF001-EN-ST47U6.wav,Assamese
ASF001-EN-ST47U7.wav,Assamese
ASF001-EN-ST47U8.wav,Assamese
ASF001-EN-ST47U9.wav,Assamese
ASF001-EN-ST48U1.wav,Assamese
ASF001-EN-ST48U10.wav,Assamese
ASF001-EN-ST48U11.wav,Assamese
ASF001-EN-ST48U12.wav,Assamese
ASF001-EN-ST48U13.wav,Assamese
ASF001-EN-ST48U14.wav,Assamese
ASF001-EN-ST48U15.wav,Assamese
ASF001-EN-ST48U16.wav,Assamese
ASF001-EN-ST48U17.wav,Assamese
ASF001-EN-ST48U18.wav,Assamese
ASF001-EN-ST48U19.wav,Assamese
ASF001-EN-ST48U2.wav,Assamese
ASF001-EN-ST48U20.wav,Assamese
ASF001-EN-ST48U21.wav,Assamese
ASF001-EN-ST48U22.wav,Assamese
ASF001-EN-ST48U23.wav,Assamese
ASF001-EN-ST48U24.wav,Assamese
ASF001-EN-ST48U25.wav,Assamese
ASF001-EN-ST48U26.wav,Assamese
ASF001-EN-ST48U27.wav,Assamese
ASF001-EN-ST48U28.wav,Assamese
ASF001-EN-ST48U29.wav,Assamese
ASF001-EN-ST48U3.wav,Assamese
ASF001-EN-ST48U30.wav,Assamese
ASF001-EN-ST48U31.wav,Assamese
ASF001-EN-ST48U32.wav,Assamese
ASF001-EN-ST48U4.wav,Assamese
ASF001-EN-ST48U5.wav,Assamese
ASF001-EN-ST48U6.wav,Assamese
ASF001-EN-ST48U7.wav,Assamese
ASF001-EN-ST48U8.wav,Assamese
ASF001-EN-ST48U9.wav,Assamese
ASF001-EN-ST49U1.wav,Assamese
ASF001-EN-ST49U10.wav,Assamese
ASF001-EN-ST49U11.wav,Assamese
ASF001-EN-ST49U12.wav,Assamese
ASF001-EN-ST49U13.wav,Assamese
ASF001-EN-ST49U14.wav,Assamese
ASF001-EN-ST49U15.wav,Assamese
ASF001-EN-ST49U16.wav,Assamese
ASF001-EN-ST49U17.wav,Assamese
ASF001-EN-ST49U18.wav,Assamese
ASF001-EN-ST49U19.wav,Assamese
ASF001-EN-ST49U2.wav,Assamese
ASF001-EN-ST49U20.wav,Assamese
ASF001-EN-ST49U21.wav,Assamese
ASF001-EN-ST49U22.wav,Assamese
ASF001-EN-ST49U23.wav,Assamese
ASF001-EN-ST49U24.wav,Assamese
ASF001-EN-ST49U25.wav,Assamese
ASF001-EN-ST49U26.wav,Assamese
ASF001-EN-ST49U27.wav,Assamese
ASF001-EN-ST49U28.wav,Assamese
ASF001-EN-ST49U29.wav,Assamese
ASF001-EN-ST49U3.wav,Assamese
ASF001-EN-ST49U30.wav,Assamese
ASF001-EN-ST49U31.wav,Assamese
ASF001-EN-ST49U32.wav,Assamese
ASF001-EN-ST49U33.wav,Assamese
ASF001-EN-ST49U4.wav,Assamese
ASF001-EN-ST49U5.wav,Assamese
ASF001-EN-ST49U6.wav,Assamese
ASF001-EN-ST49U7.wav,Assamese
ASF001-EN-ST49U8.wav,Assamese
ASF001-EN-ST49U9.wav,Assamese
ASF001-EN-ST50U1.wav,Assamese
ASF001-EN-ST50U10.wav,Assamese
ASF001-EN-ST50U11.wav,Assamese
ASF001-EN-ST50U12.wav,Assamese
ASF001-EN-ST50U13.wav,Assamese
ASF001-EN-ST50U14.wav,Assamese
ASF001-EN-ST50U15.wav,Assamese
ASF001-EN-ST50U16.wav,Assamese
ASF001-EN-ST50U17.wav,Assamese
ASF001-EN-ST50U18.wav,Assamese
ASF001-EN-ST50U19.wav,Assamese
ASF001-EN-ST50U2.wav,Assamese
ASF001-EN-ST50U20.wav,Assamese
ASF001-EN-ST50U21.wav,Assamese
ASF001-EN-ST50U22.wav,Assamese
ASF001-EN-ST50U23.wav,Assamese
ASF001-EN-ST50U24.wav,Assamese
ASF001-EN-ST50U25.wav,Assamese
ASF001-EN-ST50U26.wav,Assamese
ASF001-EN-ST50U27.wav,Assamese
ASF001-EN-ST50U28.wav,Assamese
ASF001-EN-ST50U29.wav,Assamese
ASF001-EN-ST50U3.wav,Assamese
ASF001-EN-ST50U30.wav,Assamese
ASF001-EN-ST50U31.wav,Assamese
ASF001-EN-ST50U32.wav,Assamese
ASF001-EN-ST50U4.wav,Assamese
ASF001-EN-ST50U5.wav,Assamese
ASF001-EN-ST50U6.wav,Assamese
ASF001-EN-ST50U7.wav,Assamese
ASF001-EN-ST50U8.wav,Assamese
ASF001-EN-ST50U9.wav,Assamese
ASF001-EN-ST51U1.wav,Assamese
ASF001-EN-ST51U10.wav,Assamese
ASF001-EN-ST51U11.wav,Assamese
ASF001-EN-ST51U12.wav,Assamese
ASF001-EN-ST51U13.wav,Assamese
ASF001-EN-ST51U14.wav,Assamese
ASF001-EN-ST51U15.wav,Assamese
ASF001-EN-ST51U16.wav,Assamese
ASF001-EN-ST51U17.wav,Assamese
ASF001-EN-ST51U18.wav,Assamese
ASF001-EN-ST51U19.wav,Assamese
ASF001-EN-ST51U2.wav,Assamese
ASF001-EN-ST51U20.wav,Assamese
ASF001-EN-ST51U21.wav,Assamese
ASF001-EN-ST51U22.wav,Assamese
ASF001-EN-ST51U23.wav,Assamese
ASF001-EN-ST51U24.wav,Assamese
ASF001-EN-ST51U25.wav,Assamese
ASF001-EN-ST51U26.wav,Assamese
ASF001-EN-ST51U27.wav,Assamese
ASF001-EN-ST51U28.wav,Assamese
ASF001-EN-ST51U29.wav,Assamese
ASF001-EN-ST51U3.wav,Assamese
ASF001-EN-ST51U30.wav,Assamese
ASF001-EN-ST51U31.wav,Assamese
ASF001-EN-ST51U32.wav,Assamese
ASF001-EN-ST51U33.wav,Assamese
ASF001-EN-ST51U4.wav,Assamese
ASF001-EN-ST51U5.wav,Assamese
ASF001-EN-ST51U6.wav,Assamese
ASF001-EN-ST51U7.wav,Assamese
ASF001-EN-ST51U8.wav,Assamese
ASF001-EN-ST51U9.wav,Assamese
ASF001-EN-ST52U1.wav,Assamese
ASF001-EN-ST52U10.wav,Assamese
ASF001-EN-ST52U11.wav,Assamese
ASF001-EN-ST52U12.wav,Assamese
ASF001-EN-ST52U13.wav,Assamese
ASF001-EN-ST52U14.wav,Assamese
ASF001-EN-ST52U15.wav,Assamese
ASF001-EN-ST52U16.wav,Assamese
ASF001-EN-ST52U17.wav,Assamese
ASF001-EN-ST52U18.wav,Assamese
ASF001-EN-ST52U19.wav,Assamese
ASF001-EN-ST52U2.wav,Assamese
ASF001-EN-ST52U20.wav,Assamese
ASF001-EN-ST52U21.wav,Assamese
ASF001-EN-ST52U22.wav,Assamese
ASF001-EN-ST52U23.wav,Assamese
ASF001-EN-ST52U24.wav,Assamese
ASF001-EN-ST52U25.wav,Assamese
ASF001-EN-ST52U26.wav,Assamese
ASF001-EN-ST52U27.wav,Assamese
ASF001-EN-ST52U28.wav,Assamese
ASF001-EN-ST52U29.wav,Assamese
ASF001-EN-ST52U3.wav,Assamese
ASF001-EN-ST52U30.wav,Assamese
ASF001-EN-ST52U31.wav,Assamese
ASF001-EN-ST52U32.wav,Assamese
ASF001-EN-ST52U4.wav,Assamese
ASF001-EN-ST52U5.wav,Assamese
ASF001-EN-ST52U6.wav,Assamese
ASF001-EN-ST52U7.wav,Assamese
ASF001-EN-ST52U8.wav,Assamese
ASF001-EN-ST52U9.wav,Assamese
ASF001-EN-ST53U1.wav,Assamese
ASF001-EN-ST53U10.wav,Assamese
ASF001-EN-ST53U11.wav,Assamese
ASF001-EN-ST53U12.wav,Assamese
ASF001-EN-ST53U13.wav,Assamese
ASF001-EN-ST53U14.wav,Assamese
ASF001-EN-ST53U15.wav,Assamese
ASF001-EN-ST53U16.wav,Assamese
ASF001-EN-ST53U17.wav,Assamese
ASF001-EN-ST53U18.wav,Assamese
ASF001-EN-ST53U19.wav,Assamese
ASF001-EN-ST53U2.wav,Assamese
ASF001-EN-ST53U20.wav,Assamese
ASF001-EN-ST53U21.wav,Assamese
ASF001-EN-ST53U22.wav,Assamese
ASF001-EN-ST53U23.wav,Assamese
ASF001-EN-ST53U24.wav,Assamese
ASF001-EN-ST53U25.wav,Assamese
ASF001-EN-ST53U26.wav,Assamese
ASF001-EN-ST53U27.wav,Assamese
ASF001-EN-ST53U28.wav,Assamese
ASF001-EN-ST53U29.wav,Assamese
ASF001-EN-ST53U3.wav,Assamese
ASF001-EN-ST53U30.wav,Assamese
ASF001-EN-ST53U31.wav,Assamese
ASF001-EN-ST53U32.wav,Assamese
ASF001-EN-ST53U33.wav,Assamese
ASF001-EN-ST53U4.wav,Assamese
ASF001-EN-ST53U5.wav,Assamese
ASF001-EN-ST53U6.wav,Assamese
ASF001-EN-ST53U7.wav,Assamese
ASF001-EN-ST53U8.wav,Assamese
ASF001-EN-ST53U9.wav,Assamese
ASF001-EN-ST54U1.wav,Assamese
ASF001-EN-ST54U10.wav,Assamese
ASF001-EN-ST54U11.wav,Assamese
ASF001-EN-ST54U12.wav,Assamese
ASF001-EN-ST54U13.wav,Assamese
ASF001-EN-ST54U14.wav,Assamese
ASF001-EN-ST54U15.wav,Assamese
ASF001-EN-ST54U16.wav,Assamese
ASF001-EN-ST54U17.wav,Assamese
ASF001-EN-ST54U18.wav,Assamese
ASF001-EN-ST54U19.wav,Assamese
ASF001-EN-ST54U2.wav,Assamese
ASF001-EN-ST54U20.wav,Assamese
ASF001-EN-ST54U21.wav,Assamese
ASF001-EN-ST54U22.wav,Assamese
ASF001-EN-ST54U23.wav,Assamese
ASF001-EN-ST54U24.wav,Assamese
ASF001-EN-ST54U25.wav,Assamese
ASF001-EN-ST54U26.wav,Assamese
ASF001-EN-ST54U27.wav,Assamese
ASF001-EN-ST54U28.wav,Assamese
ASF001-EN-ST54U29.wav,Assamese
ASF001-EN-ST54U3.wav,Assamese
ASF001-EN-ST54U30.wav,Assamese
ASF001-EN-ST54U31.wav,Assamese
ASF001-EN-ST54U32.wav,Assamese
ASF001-EN-ST54U4.wav,Assamese
ASF001-EN-ST54U5.wav,Assamese
ASF001-EN-ST54U6.wav,Assamese
ASF001-EN-ST54U7.wav,Assamese
ASF001-EN-ST54U8.wav,Assamese
ASF001-EN-ST54U9.wav,Assamese
ASF001-EN-ST55U1.wav,Assamese
ASF001-EN-ST55U10.wav,Assamese
ASF001-EN-ST55U11.wav,Assamese
ASF001-EN-ST55U12.wav,Assamese
ASF001-EN-ST55U13.wav,Assamese
ASF001-EN-ST55U14.wav,Assamese
ASF001-EN-ST55U15.wav,Assamese
ASF001-EN-ST55U16.wav,Assamese
ASF001-EN-ST55U17.wav,Assamese
ASF001-EN-ST55U18.wav,Assamese
ASF001-EN-ST55U19.wav,Assamese
ASF001-EN-ST55U2.wav,Assamese
ASF001-EN-ST55U20.wav,Assamese
ASF001-EN-ST55U21.wav,Assamese
ASF001-EN-ST55U22.wav,Assamese
ASF001-EN-ST55U23.wav,Assamese
ASF001-EN-ST55U24.wav,Assamese
ASF001-EN-ST55U25.wav,Assamese
ASF001-EN-ST55U26.wav,Assamese
ASF001-EN-ST55U3.wav,Assamese
ASF001-EN-ST55U4.wav,Assamese
ASF001-EN-ST55U5.wav,Assamese
ASF001-EN-ST55U6.wav,Assamese
ASF001-EN-ST55U7.wav,Assamese
ASF001-EN-ST55U8.wav,Assamese
ASF001-EN-ST55U9.wav,Assamese
ASF001-EN-ST56U1.wav,Assamese
ASF001-EN-ST56U2.wav,Assamese
ASF001-EN-ST56U3.wav,Assamese
c0001.wav,Odia
c0002.wav,Odia
c0003.wav,Odia
c0004.wav,Odia
c0005.wav,Odia
c0006.wav,Odia
c0007.wav,Odia
c0008.wav,Odia
c0009.wav,Odia
c0010.wav,Odia
c0011.wav,Odia
c0012.wav,Odia
c0013.wav,Odia
c0014.wav,Odia
c0015.wav,Odia
c0016.wav,Odia
c0017.wav,Odia
c0018.wav,Odia
c0019.wav,Odia
c0020.wav,Odia
c0021.wav,Odia
c0022.wav,Odia
c0023.wav,Odia
c0024.wav,Odia
c0025.wav,Odia
c0026.wav,Odia
c0027.wav,Odia
c0028.wav,Odia
c0029.wav,Odia
c0030.wav,Odia
c0031.wav,Odia
c0032.wav,Odia
c0033.wav,Odia
c0034.wav,Odia
c0035.wav,Odia
c0036.wav,Odia
c0037.wav,Odia
c0038.wav,Odia
c0039.wav,Odia
c0040.wav,Odia
c0041.wav,Odia
c0042.wav,Odia
c0043.wav,Odia
c0044.wav,Odia
c0045.wav,Odia
c0046.wav,Odia
c0047.wav,Odia
c0048.wav,Odia
c0049.wav,Odia
c0050.wav,Odia
c0051.wav,Odia
c0052.wav,Odia
c0053.wav,Odia
c0054.wav,Odia
c0055.wav,Odia
c0056.wav,Odia
c0057.wav,Odia
c0058.wav,Odia
c0059.wav,Odia
c0060.wav,Odia
c0061.wav,Odia
c0062.wav,Odia
c0063.wav,Odia
c0064.wav,Odia
c0065.wav,Odia
c0066.wav,Odia
c0067.wav,Odia
c0068.wav,Odia
c0069.wav,Odia
c0070.wav,Odia
c0071.wav,Odia
c0072.wav,Odia
c0073.wav,Odia
c0074.wav,Odia
c0075.wav,Odia
c0076.wav,Odia
c0077.wav,Odia
c0078.wav,Odia
c0079.wav,Odia
c0080.wav,Odia
c0081.wav,Odia
c0082.wav,Odia
c0083.wav,Odia
c0084.wav,Odia
c0085.wav,Odia
c0086.wav,Odia
c0087.wav,Odia
c0088.wav,Odia
c0089.wav,Odia
c0090.wav,Odia
c0091.wav,Odia
c0092.wav,Odia
c0093.wav,Odia
c0094.wav,Odia
c0095.wav,Odia
c0096.wav,Odia
c0097.wav,Odia
c0098.wav,Odia
c0099.wav,Odia
c0100.wav,Odia
c0101.wav,Odia
c0102.wav,Odia
c0103.wav,Odia
c0104.wav,Odia
c0105.wav,Odia
c0106.wav,Odia
c0107.wav,Odia
c0108.wav,Odia
c0109.wav,Odia
c0110.wav,Odia
c0111.wav,Odia
c0112.wav,Odia
c0113.wav,Odia
c0114.wav,Odia
c0115.wav,Odia
c0116.wav,Odia
c0117.wav,Odia
c0118.wav,Odia
c0119.wav,Odia
c0120.wav,Odia
c0121.wav,Odia
c0122.wav,Odia
c0123.wav,Odia
c0124.wav,Odia
c0125.wav,Odia
c0126.wav,Odia
c0127.wav,Odia
c0128.wav,Odia
c0129.wav,Odia
c0130.wav,Odia
c0131.wav,Odia
c0132.wav,Odia
c0133.wav,Odia
c0134.wav,Odia
c0135.wav,Odia
c0136.wav,Odia
c0137.wav,Odia
c0138.wav,Odia
c0139.wav,Odia
c0140.wav,Odia
c0141.wav,Odia
c0142.wav,Odia
c0143.wav,Odia
c0144.wav,Odia
c0145.wav,Odia
c0146.wav,Odia
c0147.wav,Odia
c0148.wav,Odia
c0149.wav,Odia
c0150.wav,Odia
c0151.wav,Odia
c0152.wav,Odia
c0153.wav,Odia
c0154.wav,Odia
c0155.wav,Odia
c0156.wav,Odia
c0157.wav,Odia
c0158.wav,Odia
c0159.wav,Odia
c0160.wav,Odia
c0161.wav,Odia
c0162.wav,Odia
c0163.wav,Odia
c0164.wav,Odia
c0165.wav,Odia
c0166.wav,Odia
c0167.wav,Odia
c0168.wav,Odia
c0169.wav,Odia
c0170.wav,Odia
c0171.wav,Odia
c0172.wav,Odia
c0173.wav,Odia
c0174.wav,Odia
c0175.wav,Odia
c0176.wav,Odia
c0177.wav,Odia
c0178.wav,Odia
c0179.wav,Odia
c0180.wav,Odia
c0181.wav,Odia
c0182.wav,Odia
c0183.wav,Odia
c0184.wav,Odia
c0185.wav,Odia
c0186.wav,Odia
c0187.wav,Odia
c0188.wav,Odia
c0189.wav,Odia
c0190.wav,Odia
c0191.wav,Odia
c0192.wav,Odia
c0193.wav,Odia
c0194.wav,Odia
c0195.wav,Odia
c0196.wav,Odia
c0197.wav,Odia
c0198.wav,Odia
c0199.wav,Odia
c0200.wav,Odia
c0201.wav,Odia
c0202.wav,Odia
c0203.wav,Odia
c0204.wav,Odia
c0205.wav,Odia
c0206.wav,Odia
c0207.wav,Odia
c0208.wav,Odia
c0209.wav,Odia
c0210.wav,Odia
c0211.wav,Odia
c0212.wav,Odia
c0213.wav,Odia
c0214.wav,Odia
c0215.wav,Odia
c0216.wav,Odia
c0217.wav,Odia
c0218.wav,Odia
c0219.wav,Odia
c0220.wav,Odia
c0221.wav,Odia
c0222.wav,Odia
c0223.wav,Odia
c0224.wav,Odia
c0225.wav,Odia
c0226.wav,Odia
c0227.wav,Odia
c0228.wav,Odia
c0229.wav,Odia
c0230.wav,Odia
c0231.wav,Odia
c0232.wav,Odia
c0233.wav,Odia
c0234.wav,Odia
c0235.wav,Odia
c0236.wav,Odia
c0237.wav,Odia
c0238.wav,Odia
c0239.wav,Odia
c0240.wav,Odia
c0241.wav,Odia
c0242.wav,Odia
c0243.wav,Odia
c0244.wav,Odia
c0245.wav,Odia
c0246.wav,Odia
c0247.wav,Odia
c0248.wav,Odia
c0249.wav,Odia
c0250.wav,Odia
c0251.wav,Odia
c0252.wav,Odia
c0253.wav,Odia
c0254.wav,Odia
c0255.wav,Odia
c0256.wav,Odia
c0257.wav,Odia
c0258.wav,Odia
c0259.wav,Odia
c0260.wav,Odia
c0261.wav,Odia
c0262.wav,Odia
c0263.wav,Odia
c0264.wav,Odia
c0265.wav,Odia
c0266.wav,Odia
c0267.wav,Odia
c0268.wav,Odia
c0269.wav,Odia
c0270.wav,Odia
c0271.wav,Odia
c0272.wav,Odia
c0273.wav,Odia
c0274.wav,Odia
c0275.wav,Odia
c0276.wav,Odia
c0277.wav,Odia
c0278.wav,Odia
c0279.wav,Odia
c0280.wav,Odia
c0281.wav,Odia
c0282.wav,Odia
c0283.wav,Odia
c0284.wav,Odia
c0285.wav,Odia
c0286.wav,Odia
c0287.wav,Odia
c0288.wav,Odia
c0289.wav,Odia
c0290.wav,Odia
c0291.wav,Odia
c0292.wav,Odia
c0293.wav,Odia
c0294.wav,Odia
c0295.wav,Odia
c0296.wav,Odia
c0297.wav,Odia
c0298.wav,Odia
c0299.wav,Odia
c0300.wav,Odia
c0301.wav,Odia
c0302.wav,Odia
c0303.wav,Odia
c0304.wav,Odia
c0305.wav,Odia
c0306.wav,Odia
c0307.wav,Odia
c0308.wav,Odia
c0309.wav,Odia
c0310.wav,Odia
c0311.wav,Odia
c0312.wav,Odia
c0313.wav,Odia
c0314.wav,Odia
c0315.wav,Odia
c0316.wav,Odia
c0317.wav,Odia
c0318.wav,Odia
c0319.wav,Odia
c0320.wav,Odia
c0321.wav,Odia
c0322.wav,Odia
c0323.wav,Odia
c0324.wav,Odia
c0325.wav,Odia
c0326.wav,Odia
c0327.wav,Odia
c0328.wav,Odia
c0329.wav,Odia
c0330.wav,Odia
c0331.wav,Odia
c0332.wav,Odia
c0333.wav,Odia
c0334.wav,Odia
c0335.wav,Odia
c0336.wav,Odia
c0337.wav,Odia
c0338.wav,Odia
c0339.wav,Odia
c0340.wav,Odia
c0341.wav,Odia
c0342.wav,Odia
c0343.wav,Odia
c0344.wav,Odia
c0345.wav,Odia
c0346.wav,Odia
c0347.wav,Odia
c0348.wav,Odia
c0349.wav,Odia
c0350.wav,Odia
c0351.wav,Odia
c0352.wav,Odia
c0353.wav,Odia
c0354.wav,Odia
c0355.wav,Odia
c0356.wav,Odia
c0357.wav,Odia
c0358.wav,Odia
c0359.wav,Odia
c0360.wav,Odia
c0361.wav,Odia
c0362.wav,Odia
c0363.wav,Odia
c0364.wav,Odia
c0365.wav,Odia
c0366.wav,Odia
c0367.wav,Odia
c0368.wav,Odia
c0369.wav,Odia
c0370.wav,Odia
c0371.wav,Odia
c0372.wav,Odia
c0373.wav,Odia
c0374.wav,Odia
c0375.wav,Odia
c0376.wav,Odia
c0377.wav,Odia
c0378.wav,Odia
c0379.wav,Odia
c0380.wav,Odia
c0381.wav,Odia
c0382.wav,Odia
c0383.wav,Odia
c0384.wav,Odia
c0385.wav,Odia
c0386.wav,Odia
c0387.wav,Odia
c0388.wav,Odia
c0389.wav,Odia
c0390.wav,Odia
c0391.wav,Odia
c0392.wav,Odia
c0393.wav,Odia
c0394.wav,Odia
c0395.wav,Odia
c0396.wav,Odia
c0397.wav,Odia
c0398.wav,Odia
c0399.wav,Odia
c0400.wav,Odia
c0401.wav,Odia
c0402.wav,Odia
c0403.wav,Odia
c0404.wav,Odia
c0405.wav,Odia
c0406.wav,Odia
c0407.wav,Odia
c0408.wav,Odia
c0409.wav,Odia
c0410.wav,Odia
c0411.wav,Odia
c0412.wav,Odia
c0413.wav,Odia
c0414.wav,Odia
c0415.wav,Odia
c0416.wav,Odia
c0417.wav,Odia
c0418.wav,Odia
c0419.wav,Odia
c0420.wav,Odia
c0421.wav,Odia
c0422.wav,Odia
c0423.wav,Odia
c0424.wav,Odia
c0425.wav,Odia
c0426.wav,Odia
c0427.wav,Odia
c0428.wav,Odia
c0429.wav,Odia
c0430.wav,Odia
c0431.wav,Odia
c0432.wav,Odia
c0433.wav,Odia
c0434.wav,Odia
c0435.wav,Odia
c0436.wav,Odia
c0437.wav,Odia
c0438.wav,Odia
c0439.wav,Odia
c0440.wav,Odia
c0441.wav,Odia
c0442.wav,Odia
c0443.wav,Odia
c0444.wav,Odia
c0445.wav,Odia
c0446.wav,Odia
c0447.wav,Odia
c0448.wav,Odia
c0449.wav,Odia
c0450.wav,Odia
c0451.wav,Odia
c0452.wav,Odia
c0453.wav,Odia
c0454.wav,Odia
c0455.wav,Odia
c0456.wav,Odia
c0457.wav,Odia
c0458.wav,Odia
c0459.wav,Odia
c0460.wav,Odia
c0461.wav,Odia
c0462.wav,Odia
c0463.wav,Odia
c0464.wav,Odia
c0465.wav,Odia
c0466.wav,Odia
c0467.wav,Odia
c0468.wav,Odia
c0469.wav,Odia
c0470.wav,Odia
c0471.wav,Odia
c0472.wav,Odia
c0473.wav,Odia
c0474.wav,Odia
c0475.wav,Odia
c0476.wav,Odia
c0477.wav,Odia
c0478.wav,Odia
c0479.wav,Odia
c0480.wav,Odia
c0481.wav,Odia
c0482.wav,Odia
c0483.wav,Odia
c0484.wav,Odia
c0485.wav,Odia
c0486.wav,Odia
c0487.wav,Odia
c0488.wav,Odia
c0489.wav,Odia
c0490.wav,Odia
c0491.wav,Odia
c0492.wav,Odia
c0493.wav,Odia
c0494.wav,Odia
c0495.wav,Odia
c0496.wav,Odia
c0497.wav,Odia
c0498.wav,Odia
c0499.wav,Odia
c0500.wav,Odia
c0501.wav,Odia
c0502.wav,Odia
c0503.wav,Odia
c0504.wav,Odia
c0505.wav,Odia
c0506.wav,Odia
c0507.wav,Odia
c0508.wav,Odia
c0509.wav,Odia
c0510.wav,Odia
c0511.wav,Odia
c0512.wav,Odia
c0513.wav,Odia
c0514.wav,Odia
c0515.wav,Odia
c0516.wav,Odia
c0517.wav,Odia
c0518.wav,Odia
c0519.wav,Odia
c0520.wav,Odia
c0521.wav,Odia
c0522.wav,Odia
c0523.wav,Odia
c0524.wav,Odia
c0525.wav,Odia
c0526.wav,Odia
c0527.wav,Odia
c0528.wav,Odia
c0529.wav,Odia
c0530.wav,Odia
c0531.wav,Odia
c0532.wav,Odia
c0533.wav,Odia
c0534.wav,Odia
c0535.wav,Odia
c0536.wav,Odia
c0537.wav,Odia
c0538.wav,Odia
c0539.wav,Odia
c0540.wav,Odia
c0541.wav,Odia
c0542.wav,Odia
c0543.wav,Odia
c0544.wav,Odia
c0545.wav,Odia
c0546.wav,Odia
c0547.wav,Odia
c0548.wav,Odia
c0549.wav,Odia
c0550.wav,Odia
c0551.wav,Odia
c0552.wav,Odia
c0553.wav,Odia
c0554.wav,Odia
c0555.wav,Odia
c0556.wav,Odia
c0557.wav,Odia
c0558.wav,Odia
c0559.wav,Odia
c0560.wav,Odia
c0561.wav,Odia
c0562.wav,Odia
c0563.wav,Odia
c0564.wav,Odia
c0565.wav,Odia
c0566.wav,Odia
c0567.wav,Odia
c0568.wav,Odia
c0569.wav,Odia
c0570.wav,Odia
c0571.wav,Odia
c0572.wav,Odia
c0573.wav,Odia
c0574.wav,Odia
c0575.wav,Odia
c0576.wav,Odia
c0577.wav,Odia
c0578.wav,Odia
c0579.wav,Odia
c0580.wav,Odia
c0581.wav,Odia
c0582.wav,Odia
c0583.wav,Odia
c0584.wav,Odia
c0585.wav,Odia
c0586.wav,Odia
c0587.wav,Odia
c0588.wav,Odia
c0589.wav,Odia
c0590.wav,Odia
c0591.wav,Odia
c0592.wav,Odia
c0593.wav,Odia
c0594.wav,Odia
c0595.wav,Odia
c0596.wav,Odia
c0597.wav,Odia
c0598.wav,Odia
c0599.wav,Odia
c0600.wav,Odia
c0601.wav,Odia
c0602.wav,Odia
c0603.wav,Odia
c0604.wav,Odia
c0605.wav,Odia
c0606.wav,Odia
c0607.wav,Odia
c0608.wav,Odia
c0609.wav,Odia
c0610.wav,Odia
c0611.wav,Odia
c0612.wav,Odia
c0613.wav,Odia
c0614.wav,Odia
c0615.wav,Odia
c0616.wav,Odia
c0617.wav,Odia
c0618.wav,Odia
c0619.wav,Odia
c0620.wav,Odia
c0621.wav,Odia
c0622.wav,Odia
c0623.wav,Odia
c0624.wav,Odia
c0625.wav,Odia
c0626.wav,Odia
c0627.wav,Odia
c0628.wav,Odia
c0629.wav,Odia
c0630.wav,Odia
c0631.wav,Odia
c0632.wav,Odia
c0633.wav,Odia
c0634.wav,Odia
c0635.wav,Odia
c0636.wav,Odia
c0637.wav,Odia
c0638.wav,Odia
c0639.wav,Odia
c0640.wav,Odia
c0641.wav,Odia
c0642.wav,Odia
c0643.wav,Odia
c0644.wav,Odia
c0645.wav,Odia
c0646.wav,Odia
c0647.wav,Odia
c0648.wav,Odia
c0649.wav,Odia
c0650.wav,Odia
c0651.wav,Odia
c0652.wav,Odia
c0653.wav,Odia
c0654.wav,Odia
c0655.wav,Odia
c0656.wav,Odia
c0657.wav,Odia
c0658.wav,Odia
c0659.wav,Odia
c0660.wav,Odia
c0661.wav,Odia
c0662.wav,Odia
c0663.wav,Odia
c0664.wav,Odia
c0665.wav,Odia
c0666.wav,Odia
c0667.wav,Odia
c0668.wav,Odia
c0669.wav,Odia
c0670.wav,Odia
c0671.wav,Odia
c0672.wav,Odia
c0673.wav,Odia
c0674.wav,Odia
c0675.wav,Odia
c0676.wav,Odia
c0677.wav,Odia
c0678.wav,Odia
c0679.wav,Odia
c0680.wav,Odia
c0681.wav,Odia
c0682.wav,Odia
c0683.wav,Odia
c0684.wav,Odia
c0685.wav,Odia
c0686.wav,Odia
c0687.wav,Odia
c0688.wav,Odia
c0689.wav,Odia
c0690.wav,Odia
c0691.wav,Odia
c0692.wav,Odia
c0693.wav,Odia
c0694.wav,Odia
c0695.wav,Odia
c0696.wav,Odia
c0697.wav,Odia
c0698.wav,Odia
c0699.wav,Odia
c0700.wav,Odia
c0701.wav,Odia
c0702.wav,Odia
c0703.wav,Odia
c0704.wav,Odia
c0705.wav,Odia
c0706.wav,Odia
c0707.wav,Odia
c0708.wav,Odia
c0709.wav,Odia
c0710.wav,Odia
c0711.wav,Odia
c0712.wav,Odia
c0713.wav,Odia
c0714.wav,Odia
c0715.wav,Odia
c0716.wav,Odia
c0717.wav,Odia
c0718.wav,Odia
c0719.wav,Odia
c0720.wav,Odia
c0721.wav,Odia
c0722.wav,Odia
c0723.wav,Odia
c0724.wav,Odia
c0725.wav,Odia
c0726.wav,Odia
c0727.wav,Odia
c0728.wav,Odia
c0729.wav,Odia
c0730.wav,Odia
c0731.wav,Odia
c0732.wav,Odia
c0733.wav,Odia
c0734.wav,Odia
c0735.wav,Odia
c0736.wav,Odia
c0737.wav,Odia
c0738.wav,Odia
c0739.wav,Odia
c0740.wav,Odia
c0741.wav,Odia
c0742.wav,Odia
c0743.wav,Odia
c0744.wav,Odia
c0745.wav,Odia
c0746.wav,Odia
c0747.wav,Odia
c0748.wav,Odia
c0749.wav,Odia
c0750.wav,Odia
c0751.wav,Odia
c0752.wav,Odia
c0753.wav,Odia
c0754.wav,Odia
c0755.wav,Odia
c0756.wav,Odia
c0757.wav,Odia
c0758.wav,Odia
c0759.wav,Odia
c0760.wav,Odia
c0761.wav,Odia
c0762.wav,Odia
c0763.wav,Odia
c0764.wav,Odia
c0765.wav,Odia
c0766.wav,Odia
c0767.wav,Odia
c0768.wav,Odia
c0769.wav,Odia
c0770.wav,Odia
c0771.wav,Odia
c0772.wav,Odia
c0773.wav,Odia
c0774.wav,Odia
c0775.wav,Odia
c0776.wav,Odia
c0777.wav,Odia
c0778.wav,Odia
c0779.wav,Odia
c0780.wav,Odia
c0781.wav,Odia
c0782.wav,Odia
c0783.wav,Odia
c0784.wav,Odia
c0785.wav,Odia
c0786.wav,Odia
c0787.wav,Odia
c0788.wav,Odia
c0789.wav,Odia
c0790.wav,Odia
c0791.wav,Odia
c0792.wav,Odia
c0793.wav,Odia
c0794.wav,Odia
c0795.wav,Odia
c0796.wav,Odia
c0797.wav,Odia
c0798.wav,Odia
c0799.wav,Odia
c0800.wav,Odia
c0801.wav,Odia
c0802.wav,Odia
c0803.wav,Odia
c0804.wav,Odia
c0805.wav,Odia
c0806.wav,Odia
c0807.wav,Odia
c0808.wav,Odia
c0809.wav,Odia
c0810.wav,Odia
c0811.wav,Odia
c0812.wav,Odia
c0813.wav,Odia
c0814.wav,Odia
c0815.wav,Odia
c0816.wav,Odia
c0817.wav,Odia
c0818.wav,Odia
c0819.wav,Odia
c0820.wav,Odia
c0821.wav,Odia
c0822.wav,Odia
c0823.wav,Odia
c0824.wav,Odia
c0825.wav,Odia
c0826.wav,Odia
c0827.wav,Odia
c0828.wav,Odia
c0829.wav,Odia
c0830.wav,Odia
c0831.wav,Odia
c0832.wav,Odia
c0833.wav,Odia
c0834.wav,Odia
c0835.wav,Odia
c0836.wav,Odia
c0837.wav,Odia
c0838.wav,Odia
c0839.wav,Odia
c0840.wav,Odia
c0841.wav,Odia
c0842.wav,Odia
c0843.wav,Odia
c0844.wav,Odia
c0845.wav,Odia
c0846.wav,Odia
c0847.wav,Odia
c0848.wav,Odia
c0849.wav,Odia
c0850.wav,Odia
c0851.wav,Odia
c0852.wav,Odia
c0853.wav,Odia
c0854.wav,Odia
c0855.wav,Odia
c0856.wav,Odia
c0857.wav,Odia
c0858.wav,Odia
c0859.wav,Odia
c0860.wav,Odia
c0861.wav,Odia
c0862.wav,Odia
c0863.wav,Odia
c0864.wav,Odia
c0865.wav,Odia
c0866.wav,Odia
c0867.wav,Odia
c0868.wav,Odia
c0869.wav,Odia
c0870.wav,Odia
c0871.wav,Odia
c0872.wav,Odia
c0873.wav,Odia
c0874.wav,Odia
c0875.wav,Odia
c0876.wav,Odia
c0877.wav,Odia
c0878.wav,Odia
c0879.wav,Odia
c0880.wav,Odia
c0881.wav,Odia
c0882.wav,Odia
c0883.wav,Odia
c0884.wav,Odia
c0885.wav,Odia
c0886.wav,Odia
c0887.wav,Odia
c0888.wav,Odia
c0889.wav,Odia
c0890.wav,Odia
c0891.wav,Odia
c0892.wav,Odia
c0893.wav,Odia
c0894.wav,Odia
c0895.wav,Odia
c0896.wav,Odia
c0897.wav,Odia
c0898.wav,Odia
c0899.wav,Odia
c0900.wav,Odia
c0901.wav,Odia
c0902.wav,Odia
c0903.wav,Odia
c0904.wav,Odia
c0905.wav,Odia
c0906.wav,Odia
c0907.wav,Odia
c0908.wav,Odia
c0909.wav,Odia
c0910.wav,Odia
c0911.wav,Odia
c0912.wav,Odia
c0913.wav,Odia
c0914.wav,Odia
c0915.wav,Odia
c0916.wav,Odia
c0917.wav,Odia
c0918.wav,Odia
c0919.wav,Odia
c0920.wav,Odia
c0921.wav,Odia
c0922.wav,Odia
c0923.wav,Odia
c0924.wav,Odia
c0925.wav,Odia
c0926.wav,Odia
c0927.wav,Odia
c0928.wav,Odia
c0929.wav,Odia
c0930.wav,Odia
c0931.wav,Odia
c0932.wav,Odia
c0933.wav,Odia
c0934.wav,Odia
c0935.wav,Odia
c0936.wav,Odia
c0937.wav,Odia
c0938.wav,Odia
c0939.wav,Odia
c0940.wav,Odia
c0941.wav,Odia
c0942.wav,Odia
c0943.wav,Odia
c0944.wav,Odia
c0945.wav,Odia
c0946.wav,Odia
c0947.wav,Odia
c0948.wav,Odia
c0949.wav,Odia
c0950.wav,Odia
c0951.wav,Odia
c0952.wav,Odia
c0953.wav,Odia
c0954.wav,Odia
c0955.wav,Odia
c0956.wav,Odia
c0957.wav,Odia
c0958.wav,Odia
c0959.wav,Odia
c0960.wav,Odia
c0961.wav,Odia
c0962.wav,Odia
c0963.wav,Odia
c0964.wav,Odia
c0965.wav,Odia
c0966.wav,Odia
c0967.wav,Odia
c0968.wav,Odia
c0969.wav,Odia
c0970.wav,Odia
c0971.wav,Odia
c0972.wav,Odia
c0973.wav,Odia
c0974.wav,Odia
c0975.wav,Odia
c0976.wav,Odia
c0977.wav,Odia
c0978.wav,Odia
c0979.wav,Odia
c0980.wav,Odia
c0981.wav,Odia
c0982.wav,Odia
c0983.wav,Odia
c0984.wav,Odia
c0985.wav,Odia
c0986.wav,Odia
c0987.wav,Odia
c0988.wav,Odia
c0989.wav,Odia
c0990.wav,Odia
c0991.wav,Odia
c0992.wav,Odia
c0993.wav,Odia
c0994.wav,Odia
c0995.wav,Odia
c0996.wav,Odia
c0997.wav,Odia
c0998.wav,Odia
c0999.wav,Odia
c1000.wav,Odia
train_assamesemale_00001.wav,Assamese
train_assamesemale_00002.wav,Assamese
train_assamesemale_00003.wav,Assamese
train_assamesemale_00004.wav,Assamese
train_assamesemale_00005.wav,Assamese
train_assamesemale_00006.wav,Assamese
train_assamesemale_00007.wav,Assamese
train_assamesemale_00008.wav,Assamese
train_assamesemale_00009.wav,Assamese
train_assamesemale_00010.wav,Assamese
train_assamesemale_00011.wav,Assamese
train_assamesemale_00012.wav,Assamese
train_assamesemale_00013.wav,Assamese
train_assamesemale_00014.wav,Assamese
train_assamesemale_00015.wav,Assamese
train_assamesemale_00016.wav,Assamese
train_assamesemale_00017.wav,Assamese
train_assamesemale_00018.wav,Assamese
train_assamesemale_00019.wav,Assamese
train_assamesemale_00020.wav,Assamese
train_assamesemale_00021.wav,Assamese
train_assamesemale_00022.wav,Assamese
train_assamesemale_00023.wav,Assamese
train_assamesemale_00024.wav,Assamese
train_assamesemale_00025.wav,Assamese
train_assamesemale_00026.wav,Assamese
train_assamesemale_00027.wav,Assamese
train_assamesemale_00028.wav,Assamese
train_assamesemale_00029.wav,Assamese
train_assamesemale_00030.wav,Assamese
train_assamesemale_00031.wav,Assamese
train_assamesemale_00032.wav,Assamese
train_assamesemale_00033.wav,Assamese
train_assamesemale_00034.wav,Assamese
train_assamesemale_00035.wav,Assamese
train_assamesemale_00036.wav,Assamese
train_assamesemale_00037.wav,Assamese
train_assamesemale_00038.wav,Assamese
train_assamesemale_00039.wav,Assamese
train_assamesemale_00040.wav,Assamese
train_assamesemale_00041.wav,Assamese
train_assamesemale_00042.wav,Assamese
train_assamesemale_00043.wav,Assamese
train_assamesemale_00044.wav,Assamese
train_assamesemale_00045.wav,Assamese
train_assamesemale_00046.wav,Assamese
train_assamesemale_00047.wav,Assamese
train_assamesemale_00048.wav,Assamese
train_assamesemale_00049.wav,Assamese
train_assamesemale_00050.wav,Assamese
train_assamesemale_00051.wav,Assamese
train_assamesemale_00052.wav,Assamese
train_assamesemale_00053.wav,Assamese
train_assamesemale_00054.wav,Assamese
train_assamesemale_00055.wav,Assamese
train_assamesemale_00056.wav,Assamese
train_assamesemale_00057.wav,Assamese
train_assamesemale_00058.wav,Assamese
train_assamesemale_00059.wav,Assamese
train_assamesemale_00060.wav,Assamese
train_assamesemale_00061.wav,Assamese
train_assamesemale_00062.wav,Assamese
train_assamesemale_00063.wav,Assamese
train_assamesemale_00064.wav,Assamese
train_assamesemale_00065.wav,Assamese
train_assamesemale_00066.wav,Assamese
train_assamesemale_00067.wav,Assamese
train_assamesemale_00068.wav,Assamese
train_assamesemale_00069.wav,Assamese
train_assamesemale_00070.wav,Assamese
train_assamesemale_00071.wav,Assamese
train_assamesemale_00072.wav,Assamese
train_assamesemale_00073.wav,Assamese
train_assamesemale_00074.wav,Assamese
train_assamesemale_00075.wav,Assamese
train_assamesemale_00076.wav,Assamese
train_assamesemale_00077.wav,Assamese
train_assamesemale_00078.wav,Assamese
train_assamesemale_00079.wav,Assamese
train_assamesemale_00080.wav,Assamese
train_assamesemale_00081.wav,Assamese
train_assamesemale_00082.wav,Assamese
train_assamesemale_00083.wav,Assamese
train_assamesemale_00084.wav,Assamese
train_assamesemale_00085.wav,Assamese
train_assamesemale_00086.wav,Assamese
train_assamesemale_00087.wav,Assamese
train_assamesemale_00088.wav,Assamese
train_assamesemale_00089.wav,Assamese
train_assamesemale_00090.wav,Assamese
train_assamesemale_00091.wav,Assamese
train_assamesemale_00092.wav,Assamese
train_assamesemale_00093.wav,Assamese
train_assamesemale_00094.wav,Assamese
train_assamesemale_00095.wav,Assamese
train_assamesemale_00096.wav,Assamese
train_assamesemale_00097.wav,Assamese
train_assamesemale_00098.wav,Assamese
train_assamesemale_00099.wav,Assamese
train_assamesemale_00100.wav,Assamese
train_assamesemale_00101.wav,Assamese
train_assamesemale_00102.wav,Assamese
train_assamesemale_00103.wav,Assamese
train_assamesemale_00104.wav,Assamese
train_assamesemale_00105.wav,Assamese
train_assamesemale_00106.wav,Assamese
train_assamesemale_00107.wav,Assamese
train_assamesemale_00108.wav,Assamese
train_assamesemale_00109.wav,Assamese
train_assamesemale_00110.wav,Assamese
train_assamesemale_00111.wav,Assamese
train_assamesemale_00112.wav,Assamese
train_assamesemale_00113.wav,Assamese
train_assamesemale_00114.wav,Assamese
train_assamesemale_00115.wav,Assamese
train_assamesemale_00116.wav,Assamese
train_assamesemale_00117.wav,Assamese
train_assamesemale_00118.wav,Assamese
train_assamesemale_00119.wav,Assamese
train_assamesemale_00120.wav,Assamese
train_assamesemale_00121.wav,Assamese
train_assamesemale_00122.wav,Assamese
train_assamesemale_00123.wav,Assamese
train_assamesemale_00124.wav,Assamese
train_assamesemale_00125.wav,Assamese
train_assamesemale_00126.wav,Assamese
train_assamesemale_00127.wav,Assamese
train_assamesemale_00128.wav,Assamese
train_assamesemale_00129.wav,Assamese
train_assamesemale_00130.wav,Assamese
train_assamesemale_00131.wav,Assamese
train_assamesemale_00132.wav,Assamese
train_assamesemale_00133.wav,Assamese
train_assamesemale_00134.wav,Assamese
train_assamesemale_00135.wav,Assamese
train_assamesemale_00136.wav,Assamese
train_assamesemale_00137.wav,Assamese
train_assamesemale_00138.wav,Assamese
train_assamesemale_00139.wav,Assamese
train_assamesemale_00140.wav,Assamese
train_assamesemale_00141.wav,Assamese
train_assamesemale_00142.wav,Assamese
train_assamesemale_00143.wav,Assamese
train_assamesemale_00144.wav,Assamese
train_assamesemale_00145.wav,Assamese
train_assamesemale_00146.wav,Assamese
train_assamesemale_00147.wav,Assamese
train_assamesemale_00148.wav,Assamese
train_assamesemale_00149.wav,Assamese
train_assamesemale_00150.wav,Assamese
train_assamesemale_00151.wav,Assamese
train_assamesemale_00152.wav,Assamese
train_assamesemale_00153.wav,Assamese
train_assamesemale_00154.wav,Assamese
train_assamesemale_00155.wav,Assamese
train_assamesemale_00156.wav,Assamese
train_assamesemale_00157.wav,Assamese
train_assamesemale_00158.wav,Assamese
train_assamesemale_00159.wav,Assamese
train_assamesemale_00160.wav,Assamese
train_assamesemale_00161.wav,Assamese
train_assamesemale_00162.wav,Assamese
train_assamesemale_00163.wav,Assamese
train_assamesemale_00164.wav,Assamese
train_assamesemale_00165.wav,Assamese
train_assamesemale_00166.wav,Assamese
train_assamesemale_00167.wav,Assamese
train_assamesemale_00168.wav,Assamese
train_assamesemale_00169.wav,Assamese
train_assamesemale_00170.wav,Assamese
train_assamesemale_00171.wav,Assamese
train_assamesemale_00172.wav,Assamese
train_assamesemale_00173.wav,Assamese
train_assamesemale_00174.wav,Assamese
train_assamesemale_00175.wav,Assamese
train_assamesemale_00176.wav,Assamese
train_assamesemale_00177.wav,Assamese
train_assamesemale_00178.wav,Assamese
train_assamesemale_00179.wav,Assamese
train_assamesemale_00180.wav,Assamese
train_assamesemale_00181.wav,Assamese
train_assamesemale_00182.wav,Assamese
train_assamesemale_00183.wav,Assamese
train_assamesemale_00184.wav,Assamese
train_assamesemale_00185.wav,Assamese
train_assamesemale_00186.wav,Assamese
train_assamesemale_00187.wav,Assamese
train_assamesemale_00188.wav,Assamese
train_assamesemale_00189.wav,Assamese
train_assamesemale_00190.wav,Assamese
train_assamesemale_00191.wav,Assamese
train_assamesemale_00192.wav,Assamese
train_assamesemale_00193.wav,Assamese
train_assamesemale_00194.wav,Assamese
train_assamesemale_00195.wav,Assamese
train_assamesemale_00196.wav,Assamese
train_assamesemale_00197.wav,Assamese
train_assamesemale_00198.wav,Assamese
train_assamesemale_00199.wav,Assamese
train_assamesemale_00200.wav,Assamese
train_assamesemale_00201.wav,Assamese
train_assamesemale_00202.wav,Assamese
train_assamesemale_00203.wav,Assamese
train_assamesemale_00204.wav,Assamese
train_assamesemale_00205.wav,Assamese
train_assamesemale_00206.wav,Assamese
train_assamesemale_00207.wav,Assamese
train_assamesemale_00208.wav,Assamese
train_assamesemale_00209.wav,Assamese
train_assamesemale_00210.wav,Assamese
train_assamesemale_00211.wav,Assamese
train_assamesemale_00212.wav,Assamese
train_assamesemale_00213.wav,Assamese
train_assamesemale_00214.wav,Assamese
train_assamesemale_00215.wav,Assamese
train_assamesemale_00216.wav,Assamese
train_assamesemale_00217.wav,Assamese
train_assamesemale_00218.wav,Assamese
train_assamesemale_00219.wav,Assamese
train_assamesemale_00220.wav,Assamese
train_assamesemale_00221.wav,Assamese
train_assamesemale_00222.wav,Assamese
train_assamesemale_00223.wav,Assamese
train_assamesemale_00224.wav,Assamese
train_assamesemale_00225.wav,Assamese
train_assamesemale_00226.wav,Assamese
train_assamesemale_00227.wav,Assamese
train_assamesemale_00228.wav,Assamese
train_assamesemale_00229.wav,Assamese
train_assamesemale_00230.wav,Assamese
train_assamesemale_00231.wav,Assamese
train_assamesemale_00232.wav,Assamese
train_assamesemale_00233.wav,Assamese
train_assamesemale_00234.wav,Assamese
train_assamesemale_00235.wav,Assamese
train_assamesemale_00236.wav,Assamese
train_assamesemale_00237.wav,Assamese
train_assamesemale_00238.wav,Assamese
train_assamesemale_00239.wav,Assamese
train_assamesemale_00240.wav,Assamese
train_assamesemale_00241.wav,Assamese
train_assamesemale_00242.wav,Assamese
train_assamesemale_00243.wav,Assamese
train_assamesemale_00244.wav,Assamese
train_assamesemale_00245.wav,Assamese
train_assamesemale_00246.wav,Assamese
train_assamesemale_00247.wav,Assamese
train_assamesemale_00248.wav,Assamese
train_assamesemale_00249.wav,Assamese
train_assamesemale_00250.wav,Assamese
train_assamesemale_00251.wav,Assamese
train_assamesemale_00252.wav,Assamese
train_assamesemale_00253.wav,Assamese
train_assamesemale_00254.wav,Assamese
train_assamesemale_00255.wav,Assamese
train_assamesemale_00256.wav,Assamese
train_assamesemale_00257.wav,Assamese
train_assamesemale_00258.wav,Assamese
train_assamesemale_00259.wav,Assamese
train_assamesemale_00260.wav,Assamese
train_assamesemale_00261.wav,Assamese
train_assamesemale_00262.wav,Assamese
train_assamesemale_00263.wav,Assamese
train_assamesemale_00264.wav,Assamese
train_assamesemale_00265.wav,Assamese
train_assamesemale_00266.wav,Assamese
train_assamesemale_00267.wav,Assamese
train_assamesemale_00268.wav,Assamese
train_assamesemale_00269.wav,Assamese
train_assamesemale_00270.wav,Assamese
train_assamesemale_00271.wav,Assamese
train_assamesemale_00272.wav,Assamese
train_assamesemale_00273.wav,Assamese
train_assamesemale_00274.wav,Assamese
train_assamesemale_00275.wav,Assamese
train_assamesemale_00276.wav,Assamese
train_assamesemale_00277.wav,Assamese
train_assamesemale_00278.wav,Assamese
train_assamesemale_00279.wav,Assamese
train_assamesemale_00280.wav,Assamese
train_assamesemale_00281.wav,Assamese
train_assamesemale_00282.wav,Assamese
train_assamesemale_00283.wav,Assamese
train_assamesemale_00284.wav,Assamese
train_assamesemale_00285.wav,Assamese
train_assamesemale_00286.wav,Assamese
train_assamesemale_00287.wav,Assamese
train_assamesemale_00288.wav,Assamese
train_assamesemale_00289.wav,Assamese
train_assamesemale_00290.wav,Assamese
train_assamesemale_00291.wav,Assamese
train_assamesemale_00292.wav,Assamese
train_assamesemale_00293.wav,Assamese
train_assamesemale_00294.wav,Assamese
train_assamesemale_00295.wav,Assamese
train_assamesemale_00296.wav,Assamese
train_assamesemale_00297.wav,Assamese
train_assamesemale_00298.wav,Assamese
train_assamesemale_00299.wav,Assamese
train_assamesemale_00300.wav,Assamese
train_assamesemale_00301.wav,Assamese
train_assamesemale_00302.wav,Assamese
train_assamesemale_00303.wav,Assamese
train_assamesemale_00304.wav,Assamese
train_assamesemale_00305.wav,Assamese
train_assamesemale_00306.wav,Assamese
train_assamesemale_00307.wav,Assamese
train_assamesemale_00308.wav,Assamese
train_assamesemale_00309.wav,Assamese
train_assamesemale_00310.wav,Assamese
train_assamesemale_00311.wav,Assamese
train_assamesemale_00312.wav,Assamese
train_assamesemale_00313.wav,Assamese
train_assamesemale_00314.wav,Assamese
train_assamesemale_00315.wav,Assamese
train_assamesemale_00316.wav,Assamese
train_assamesemale_00317.wav,Assamese
train_assamesemale_00318.wav,Assamese
train_assamesemale_00319.wav,Assamese
train_assamesemale_00320.wav,Assamese
train_assamesemale_00321.wav,Assamese
train_assamesemale_00322.wav,Assamese
train_assamesemale_00323.wav,Assamese
train_assamesemale_00324.wav,Assamese
train_assamesemale_00325.wav,Assamese
train_assamesemale_00326.wav,Assamese
train_assamesemale_00327.wav,Assamese
train_assamesemale_00328.wav,Assamese
train_assamesemale_00329.wav,Assamese
train_assamesemale_00330.wav,Assamese
train_assamesemale_00331.wav,Assamese
train_assamesemale_00332.wav,Assamese
train_assamesemale_00333.wav,Assamese
train_assamesemale_00334.wav,Assamese
train_assamesemale_00335.wav,Assamese
train_assamesemale_00336.wav,Assamese
train_assamesemale_00337.wav,Assamese
train_assamesemale_00338.wav,Assamese
train_assamesemale_00339.wav,Assamese
train_assamesemale_00340.wav,Assamese
train_assamesemale_00341.wav,Assamese
train_assamesemale_00342.wav,Assamese
train_assamesemale_00343.wav,Assamese
train_assamesemale_00344.wav,Assamese
train_assamesemale_00345.wav,Assamese
train_assamesemale_00346.wav,Assamese
train_assamesemale_00347.wav,Assamese
train_assamesemale_00348.wav,Assamese
train_assamesemale_00349.wav,Assamese
train_assamesemale_00350.wav,Assamese
train_assamesemale_00351.wav,Assamese
train_assamesemale_00352.wav,Assamese
train_assamesemale_00353.wav,Assamese
train_assamesemale_00354.wav,Assamese
train_assamesemale_00355.wav,Assamese
train_assamesemale_00356.wav,Assamese
train_assamesemale_00357.wav,Assamese
train_assamesemale_00358.wav,Assamese
train_assamesemale_00359.wav,Assamese
train_assamesemale_00360.wav,Assamese
train_assamesemale_00361.wav,Assamese
train_assamesemale_00362.wav,Assamese
train_assamesemale_00363.wav,Assamese
train_assamesemale_00364.wav,Assamese
train_assamesemale_00365.wav,Assamese
train_assamesemale_00366.wav,Assamese
train_assamesemale_00367.wav,Assamese
train_assamesemale_00368.wav,Assamese
train_assamesemale_00369.wav,Assamese
train_assamesemale_00370.wav,Assamese
train_assamesemale_00371.wav,Assamese
train_assamesemale_00372.wav,Assamese
train_assamesemale_00373.wav,Assamese
train_assamesemale_00374.wav,Assamese
train_assamesemale_00375.wav,Assamese
train_assamesemale_00376.wav,Assamese
train_assamesemale_00377.wav,Assamese
train_assamesemale_00378.wav,Assamese
train_assamesemale_00379.wav,Assamese
train_assamesemale_00380.wav,Assamese
train_assamesemale_00381.wav,Assamese
train_assamesemale_00382.wav,Assamese
train_assamesemale_00383.wav,Assamese
train_assamesemale_00384.wav,Assamese
train_assamesemale_00385.wav,Assamese
train_assamesemale_00386.wav,Assamese
train_assamesemale_00387.wav,Assamese
train_assamesemale_00388.wav,Assamese
train_assamesemale_00389.wav,Assamese
train_assamesemale_00390.wav,Assamese
train_assamesemale_00391.wav,Assamese
train_assamesemale_00392.wav,Assamese
train_assamesemale_00393.wav,Assamese
train_assamesemale_00394.wav,Assamese
train_assamesemale_00395.wav,Assamese
train_assamesemale_00396.wav,Assamese
train_assamesemale_00397.wav,Assamese
train_assamesemale_00398.wav,Assamese
train_assamesemale_00399.wav,Assamese
train_assamesemale_00400.wav,Assamese
train_assamesemale_00401.wav,Assamese
train_assamesemale_00402.wav,Assamese
train_assamesemale_00403.wav,Assamese
train_assamesemale_00404.wav,Assamese
train_assamesemale_00405.wav,Assamese
train_assamesemale_00406.wav,Assamese
train_assamesemale_00407.wav,Assamese
train_assamesemale_00408.wav,Assamese
train_assamesemale_00409.wav,Assamese
train_assamesemale_00410.wav,Assamese
train_assamesemale_00411.wav,Assamese
train_assamesemale_00412.wav,Assamese
train_assamesemale_00413.wav,Assamese
train_assamesemale_00414.wav,Assamese
train_assamesemale_00415.wav,Assamese
train_assamesemale_00416.wav,Assamese
train_assamesemale_00417.wav,Assamese
train_assamesemale_00418.wav,Assamese
train_assamesemale_00419.wav,Assamese
train_assamesemale_00420.wav,Assamese
train_assamesemale_00421.wav,Assamese
train_assamesemale_00422.wav,Assamese
train_assamesemale_00423.wav,Assamese
train_assamesemale_00424.wav,Assamese
train_assamesemale_00425.wav,Assamese
train_assamesemale_00426.wav,Assamese
train_assamesemale_00427.wav,Assamese
train_assamesemale_00428.wav,Assamese
train_assamesemale_00429.wav,Assamese
train_assamesemale_00430.wav,Assamese
train_assamesemale_00431.wav,Assamese
train_assamesemale_00432.wav,Assamese
train_assamesemale_00433.wav,Assamese
train_assamesemale_00434.wav,Assamese
train_assamesemale_00435.wav,Assamese
train_assamesemale_00436.wav,Assamese
train_assamesemale_00437.wav,Assamese
train_assamesemale_00438.wav,Assamese
train_assamesemale_00439.wav,Assamese
train_assamesemale_00440.wav,Assamese
train_assamesemale_00441.wav,Assamese
train_assamesemale_00442.wav,Assamese
train_assamesemale_00443.wav,Assamese
train_assamesemale_00444.wav,Assamese
train_assamesemale_00445.wav,Assamese
train_assamesemale_00446.wav,Assamese
train_assamesemale_00447.wav,Assamese
train_assamesemale_00448.wav,Assamese
train_assamesemale_00449.wav,Assamese
train_assamesemale_00450.wav,Assamese
train_assamesemale_00451.wav,Assamese
train_assamesemale_00452.wav,Assamese
train_assamesemale_00453.wav,Assamese
train_assamesemale_00454.wav,Assamese
train_assamesemale_00455.wav,Assamese
train_assamesemale_00456.wav,Assamese
train_assamesemale_00457.wav,Assamese
train_assamesemale_00458.wav,Assamese
train_assamesemale_00459.wav,Assamese
train_assamesemale_00460.wav,Assamese
train_assamesemale_00461.wav,Assamese
train_assamesemale_00462.wav,Assamese
train_assamesemale_00463.wav,Assamese
train_assamesemale_00464.wav,Assamese
train_assamesemale_00465.wav,Assamese
train_assamesemale_00466.wav,Assamese
train_assamesemale_00467.wav,Assamese
train_assamesemale_00468.wav,Assamese
train_assamesemale_00469.wav,Assamese
train_assamesemale_00470.wav,Assamese
train_assamesemale_00471.wav,Assamese
train_assamesemale_00472.wav,Assamese
train_assamesemale_00473.wav,Assamese
train_assamesemale_00474.wav,Assamese
train_assamesemale_00475.wav,Assamese
train_assamesemale_00476.wav,Assamese
train_assamesemale_00477.wav,Assamese
train_assamesemale_00478.wav,Assamese
train_assamesemale_00479.wav,Assamese
train_assamesemale_00480.wav,Assamese
train_assamesemale_00481.wav,Assamese
train_assamesemale_00482.wav,Assamese
train_assamesemale_00483.wav,Assamese
train_assamesemale_00484.wav,Assamese
train_assamesemale_00485.wav,Assamese
train_assamesemale_00486.wav,Assamese
train_assamesemale_00487.wav,Assamese
train_assamesemale_00488.wav,Assamese
train_assamesemale_00489.wav,Assamese
train_assamesemale_00490.wav,Assamese
train_assamesemale_00491.wav,Assamese
train_assamesemale_00492.wav,Assamese
train_assamesemale_00493.wav,Assamese
train_assamesemale_00494.wav,Assamese
train_assamesemale_00495.wav,Assamese
train_assamesemale_00496.wav,Assamese
train_assamesemale_00497.wav,Assamese
train_assamesemale_00498.wav,Assamese
train_assamesemale_00499.wav,Assamese
train_assamesemale_00500.wav,Assamese
train_assamesemale_00501.wav,Assamese
train_assamesemale_00502.wav,Assamese
train_assamesemale_00503.wav,Assamese
train_assamesemale_00504.wav,Assamese
train_assamesemale_00505.wav,Assamese
train_assamesemale_00506.wav,Assamese
train_assamesemale_00507.wav,Assamese
train_assamesemale_00508.wav,Assamese
train_assamesemale_00509.wav,Assamese
train_assamesemale_00510.wav,Assamese
train_assamesemale_00511.wav,Assamese
train_assamesemale_00512.wav,Assamese
train_assamesemale_00513.wav,Assamese
train_assamesemale_00514.wav,Assamese
train_assamesemale_00515.wav,Assamese
train_assamesemale_00516.wav,Assamese
train_assamesemale_00517.wav,Assamese
train_assamesemale_00518.wav,Assamese
train_assamesemale_00519.wav,Assamese
train_assamesemale_00520.wav,Assamese
train_assamesemale_00521.wav,Assamese
train_assamesemale_00522.wav,Assamese
train_assamesemale_00523.wav,Assamese
train_assamesemale_00524.wav,Assamese
train_assamesemale_00525.wav,Assamese
train_assamesemale_00526.wav,Assamese
train_assamesemale_00527.wav,Assamese
train_assamesemale_00528.wav,Assamese
train_assamesemale_00529.wav,Assamese
train_assamesemale_00530.wav,Assamese
train_assamesemale_00531.wav,Assamese
train_assamesemale_00532.wav,Assamese
train_assamesemale_00533.wav,Assamese
train_assamesemale_00534.wav,Assamese
train_assamesemale_00535.wav,Assamese
train_assamesemale_00536.wav,Assamese
train_assamesemale_00537.wav,Assamese
train_assamesemale_00538.wav,Assamese
train_assamesemale_00539.wav,Assamese
train_assamesemale_00540.wav,Assamese
train_assamesemale_00541.wav,Assamese
train_assamesemale_00542.wav,Assamese
train_assamesemale_00543.wav,Assamese
train_assamesemale_00544.wav,Assamese
train_assamesemale_00545.wav,Assamese
train_assamesemale_00546.wav,Assamese
train_assamesemale_00547.wav,Assamese
train_assamesemale_00548.wav,Assamese
train_assamesemale_00549.wav,Assamese
train_assamesemale_00550.wav,Assamese
train_assamesemale_00551.wav,Assamese
train_assamesemale_00552.wav,Assamese
train_assamesemale_00553.wav,Assamese
train_assamesemale_00554.wav,Assamese
train_assamesemale_00555.wav,Assamese
train_assamesemale_00556.wav,Assamese
train_assamesemale_00557.wav,Assamese
train_assamesemale_00558.wav,Assamese
train_assamesemale_00559.wav,Assamese
train_assamesemale_00560.wav,Assamese
train_assamesemale_00561.wav,Assamese
train_assamesemale_00562.wav,Assamese
train_assamesemale_00563.wav,Assamese
train_assamesemale_00564.wav,Assamese
train_assamesemale_00565.wav,Assamese
train_assamesemale_00566.wav,Assamese
train_assamesemale_00567.wav,Assamese
train_assamesemale_00568.wav,Assamese
train_assamesemale_00569.wav,Assamese
train_assamesemale_00570.wav,Assamese
train_assamesemale_00571.wav,Assamese
train_assamesemale_00572.wav,Assamese
train_assamesemale_00573.wav,Assamese
train_assamesemale_00574.wav,Assamese
train_assamesemale_00575.wav,Assamese
train_assamesemale_00576.wav,Assamese
train_assamesemale_00577.wav,Assamese
train_assamesemale_00578.wav,Assamese
train_assamesemale_00579.wav,Assamese
train_assamesemale_00580.wav,Assamese
train_assamesemale_00581.wav,Assamese
train_assamesemale_00582.wav,Assamese
train_assamesemale_00583.wav,Assamese
train_assamesemale_00584.wav,Assamese
train_assamesemale_00585.wav,Assamese
train_assamesemale_00586.wav,Assamese
train_assamesemale_00587.wav,Assamese
train_assamesemale_00588.wav,Assamese
train_assamesemale_00589.wav,Assamese
train_assamesemale_00590.wav,Assamese
train_assamesemale_00591.wav,Assamese
train_assamesemale_00592.wav,Assamese
train_assamesemale_00593.wav,Assamese
train_assamesemale_00594.wav,Assamese
train_assamesemale_00595.wav,Assamese
train_assamesemale_00596.wav,Assamese
train_assamesemale_00597.wav,Assamese
train_assamesemale_00598.wav,Assamese
train_assamesemale_00599.wav,Assamese
train_assamesemale_00600.wav,Assamese
train_assamesemale_00601.wav,Assamese
train_assamesemale_00602.wav,Assamese
train_assamesemale_00603.wav,Assamese
train_assamesemale_00604.wav,Assamese
train_assamesemale_00605.wav,Assamese
train_assamesemale_00606.wav,Assamese
train_assamesemale_00607.wav,Assamese
train_assamesemale_00608.wav,Assamese
train_assamesemale_00609.wav,Assamese
train_assamesemale_00610.wav,Assamese
train_assamesemale_00611.wav,Assamese
train_assamesemale_00612.wav,Assamese
train_assamesemale_00613.wav,Assamese
train_assamesemale_00614.wav,Assamese
train_assamesemale_00615.wav,Assamese
train_assamesemale_00616.wav,Assamese
train_assamesemale_00617.wav,Assamese
train_assamesemale_00618.wav,Assamese
train_assamesemale_00619.wav,Assamese
train_assamesemale_00620.wav,Assamese
train_assamesemale_00621.wav,Assamese
train_assamesemale_00622.wav,Assamese
train_assamesemale_00623.wav,Assamese
train_assamesemale_00624.wav,Assamese
train_assamesemale_00625.wav,Assamese
train_assamesemale_00626.wav,Assamese
train_assamesemale_00627.wav,Assamese
train_assamesemale_00628.wav,Assamese
train_assamesemale_00629.wav,Assamese
train_assamesemale_00630.wav,Assamese
train_assamesemale_00631.wav,Assamese
train_assamesemale_00632.wav,Assamese
train_assamesemale_00633.wav,Assamese
train_assamesemale_00634.wav,Assamese
train_assamesemale_00635.wav,Assamese
train_assamesemale_00636.wav,Assamese
train_assamesemale_00637.wav,Assamese
train_assamesemale_00638.wav,Assamese
train_assamesemale_00639.wav,Assamese
train_assamesemale_00640.wav,Assamese
train_assamesemale_00641.wav,Assamese
train_assamesemale_00642.wav,Assamese
train_assamesemale_00643.wav,Assamese
train_assamesemale_00644.wav,Assamese
train_assamesemale_00645.wav,Assamese
train_assamesemale_00646.wav,Assamese
train_assamesemale_00647.wav,Assamese
train_assamesemale_00648.wav,Assamese
train_assamesemale_00649.wav,Assamese
train_assamesemale_00650.wav,Assamese
train_assamesemale_00651.wav,Assamese
train_assamesemale_00652.wav,Assamese
train_assamesemale_00653.wav,Assamese
train_assamesemale_00654.wav,Assamese
train_assamesemale_00655.wav,Assamese
train_assamesemale_00656.wav,Assamese
train_assamesemale_00657.wav,Assamese
train_assamesemale_00658.wav,Assamese
train_assamesemale_00659.wav,Assamese
train_assamesemale_00660.wav,Assamese
train_assamesemale_00661.wav,Assamese
train_assamesemale_00662.wav,Assamese
train_assamesemale_00663.wav,Assamese
train_assamesemale_00664.wav,Assamese
train_assamesemale_00665.wav,Assamese
train_assamesemale_00666.wav,Assamese
train_assamesemale_00667.wav,Assamese
train_assamesemale_00668.wav,Assamese
train_assamesemale_00669.wav,Assamese
train_assamesemale_00670.wav,Assamese
train_assamesemale_00671.wav,Assamese
train_assamesemale_00672.wav,Assamese
train_assamesemale_00673.wav,Assamese
train_assamesemale_00674.wav,Assamese
train_assamesemale_00675.wav,Assamese
train_assamesemale_00676.wav,Assamese
train_assamesemale_00677.wav,Assamese
train_assamesemale_00678.wav,Assamese
train_assamesemale_00679.wav,Assamese
train_assamesemale_00680.wav,Assamese
train_assamesemale_00681.wav,Assamese
train_assamesemale_00682.wav,Assamese
train_assamesemale_00683.wav,Assamese
train_assamesemale_00684.wav,Assamese
train_assamesemale_00685.wav,Assamese
train_assamesemale_00686.wav,Assamese
train_assamesemale_00687.wav,Assamese
train_assamesemale_00688.wav,Assamese
train_assamesemale_00689.wav,Assamese
train_assamesemale_00690.wav,Assamese
train_assamesemale_00691.wav,Assamese
train_assamesemale_00692.wav,Assamese
train_assamesemale_00693.wav,Assamese
train_assamesemale_00694.wav,Assamese
train_assamesemale_00695.wav,Assamese
train_assamesemale_00696.wav,Assamese
train_assamesemale_00697.wav,Assamese
train_assamesemale_00698.wav,Assamese
train_assamesemale_00699.wav,Assamese
train_assamesemale_00700.wav,Assamese
train_assamesemale_00701.wav,Assamese
train_assamesemale_00702.wav,Assamese
train_assamesemale_00703.wav,Assamese
train_assamesemale_00704.wav,Assamese
train_assamesemale_00705.wav,Assamese
train_assamesemale_00706.wav,Assamese
train_assamesemale_00707.wav,Assamese
train_assamesemale_00708.wav,Assamese
train_assamesemale_00709.wav,Assamese
train_assamesemale_00710.wav,Assamese
train_assamesemale_00711.wav,Assamese
train_assamesemale_00712.wav,Assamese
train_assamesemale_00713.wav,Assamese
train_assamesemale_00714.wav,Assamese
train_assamesemale_00715.wav,Assamese
train_assamesemale_00716.wav,Assamese
train_assamesemale_00717.wav,Assamese
train_assamesemale_00718.wav,Assamese
train_assamesemale_00719.wav,Assamese
train_assamesemale_00720.wav,Assamese
train_assamesemale_00721.wav,Assamese
train_assamesemale_00722.wav,Assamese
train_assamesemale_00723.wav,Assamese
train_assamesemale_00724.wav,Assamese
train_assamesemale_00725.wav,Assamese
train_assamesemale_00726.wav,Assamese
train_assamesemale_00727.wav,Assamese
train_assamesemale_00728.wav,Assamese
train_assamesemale_00729.wav,Assamese
train_assamesemale_00730.wav,Assamese
train_assamesemale_00731.wav,Assamese
train_assamesemale_00732.wav,Assamese
train_assamesemale_00733.wav,Assamese
train_assamesemale_00734.wav,Assamese
train_assamesemale_00735.wav,Assamese
train_assamesemale_00736.wav,Assamese
train_assamesemale_00737.wav,Assamese
train_assamesemale_00738.wav,Assamese
train_assamesemale_00739.wav,Assamese
train_assamesemale_00740.wav,Assamese
train_assamesemale_00741.wav,Assamese
train_assamesemale_00742.wav,Assamese
train_assamesemale_00743.wav,Assamese
train_assamesemale_00744.wav,Assamese
train_assamesemale_00745.wav,Assamese
train_assamesemale_00746.wav,Assamese
train_assamesemale_00747.wav,Assamese
train_assamesemale_00748.wav,Assamese
train_assamesemale_00749.wav,Assamese
train_assamesemale_00750.wav,Assamese
train_assamesemale_00751.wav,Assamese
train_assamesemale_00752.wav,Assamese
train_assamesemale_00753.wav,Assamese
train_assamesemale_00754.wav,Assamese
train_assamesemale_00755.wav,Assamese
train_assamesemale_00756.wav,Assamese
train_assamesemale_00757.wav,Assamese
train_assamesemale_00758.wav,Assamese
train_assamesemale_00759.wav,Assamese
train_assamesemale_00760.wav,Assamese
train_assamesemale_00761.wav,Assamese
train_assamesemale_00762.wav,Assamese
train_assamesemale_00763.wav,Assamese
train_assamesemale_00764.wav,Assamese
train_assamesemale_00765.wav,Assamese
train_assamesemale_00766.wav,Assamese
train_assamesemale_00767.wav,Assamese
train_assamesemale_00768.wav,Assamese
train_assamesemale_00769.wav,Assamese
train_assamesemale_00770.wav,Assamese
train_assamesemale_00771.wav,Assamese
train_assamesemale_00772.wav,Assamese
train_assamesemale_00773.wav,Assamese
train_assamesemale_00774.wav,Assamese
train_assamesemale_00775.wav,Assamese
train_assamesemale_00776.wav,Assamese
train_assamesemale_00777.wav,Assamese
train_assamesemale_00778.wav,Assamese
train_assamesemale_00779.wav,Assamese
train_assamesemale_00780.wav,Assamese
train_assamesemale_00781.wav,Assamese
train_assamesemale_00782.wav,Assamese
train_assamesemale_00783.wav,Assamese
train_assamesemale_00784.wav,Assamese
train_assamesemale_00785.wav,Assamese
train_assamesemale_00786.wav,Assamese
train_assamesemale_00787.wav,Assamese
train_assamesemale_00788.wav,Assamese
train_assamesemale_00789.wav,Assamese
train_assamesemale_00790.wav,Assamese
train_assamesemale_00791.wav,Assamese
train_assamesemale_00792.wav,Assamese
train_assamesemale_00793.wav,Assamese
train_assamesemale_00794.wav,Assamese
train_assamesemale_00795.wav,Assamese
train_assamesemale_00796.wav,Assamese
train_assamesemale_00797.wav,Assamese
train_assamesemale_00798.wav,Assamese
train_assamesemale_00799.wav,Assamese
train_assamesemale_00800.wav,Assamese
train_assamesemale_00801.wav,Assamese
train_assamesemale_00802.wav,Assamese
train_assamesemale_00803.wav,Assamese
train_assamesemale_00804.wav,Assamese
train_assamesemale_00805.wav,Assamese
train_assamesemale_00806.wav,Assamese
train_assamesemale_00807.wav,Assamese
train_assamesemale_00808.wav,Assamese
train_assamesemale_00809.wav,Assamese
train_assamesemale_00810.wav,Assamese
train_assamesemale_00811.wav,Assamese
train_assamesemale_00812.wav,Assamese
train_assamesemale_00813.wav,Assamese
train_assamesemale_00814.wav,Assamese
train_assamesemale_00815.wav,Assamese
train_assamesemale_00816.wav,Assamese
train_assamesemale_00817.wav,Assamese
train_assamesemale_00818.wav,Assamese
train_assamesemale_00819.wav,Assamese
train_assamesemale_00820.wav,Assamese
train_assamesemale_00821.wav,Assamese
train_assamesemale_00822.wav,Assamese
train_assamesemale_00823.wav,Assamese
train_assamesemale_00824.wav,Assamese
train_assamesemale_00825.wav,Assamese
train_assamesemale_00826.wav,Assamese
train_assamesemale_00827.wav,Assamese
train_assamesemale_00828.wav,Assamese
train_assamesemale_00829.wav,Assamese
train_assamesemale_00830.wav,Assamese
train_assamesemale_00831.wav,Assamese
train_assamesemale_00832.wav,Assamese
train_assamesemale_00833.wav,Assamese
train_assamesemale_00834.wav,Assamese
train_assamesemale_00835.wav,Assamese
train_assamesemale_00836.wav,Assamese
train_assamesemale_00837.wav,Assamese
train_assamesemale_00838.wav,Assamese
train_assamesemale_00839.wav,Assamese
train_assamesemale_00840.wav,Assamese
train_assamesemale_00841.wav,Assamese
train_assamesemale_00842.wav,Assamese
train_assamesemale_00843.wav,Assamese
train_assamesemale_00844.wav,Assamese
train_assamesemale_00845.wav,Assamese
train_assamesemale_00846.wav,Assamese
train_assamesemale_00847.wav,Assamese
train_assamesemale_00848.wav,Assamese
train_assamesemale_00849.wav,Assamese
train_assamesemale_00850.wav,Assamese
train_assamesemale_00851.wav,Assamese
train_assamesemale_00852.wav,Assamese
train_assamesemale_00853.wav,Assamese
train_assamesemale_00854.wav,Assamese
train_assamesemale_00855.wav,Assamese
train_assamesemale_00856.wav,Assamese
train_assamesemale_00857.wav,Assamese
train_assamesemale_00858.wav,Assamese
train_assamesemale_00859.wav,Assamese
train_assamesemale_00860.wav,Assamese
train_assamesemale_00861.wav,Assamese
train_assamesemale_00862.wav,Assamese
train_assamesemale_00863.wav,Assamese
train_assamesemale_00864.wav,Assamese
train_assamesemale_00865.wav,Assamese
train_assamesemale_00866.wav,Assamese
train_assamesemale_00867.wav,Assamese
train_assamesemale_00868.wav,Assamese
train_assamesemale_00869.wav,Assamese
train_assamesemale_00870.wav,Assamese
train_assamesemale_00871.wav,Assamese
train_assamesemale_00872.wav,Assamese
train_assamesemale_00873.wav,Assamese
train_assamesemale_00874.wav,Assamese
train_assamesemale_00875.wav,Assamese
train_assamesemale_00876.wav,Assamese
train_assamesemale_00877.wav,Assamese
train_assamesemale_00878.wav,Assamese
train_assamesemale_00879.wav,Assamese
train_assamesemale_00880.wav,Assamese
train_assamesemale_00881.wav,Assamese
train_assamesemale_00882.wav,Assamese
train_assamesemale_00883.wav,Assamese
train_assamesemale_00884.wav,Assamese
train_assamesemale_00885.wav,Assamese
train_assamesemale_00886.wav,Assamese
train_assamesemale_00887.wav,Assamese
train_assamesemale_00888.wav,Assamese
train_assamesemale_00889.wav,Assamese
train_assamesemale_00890.wav,Assamese
train_assamesemale_00891.wav,Assamese
train_assamesemale_00892.wav,Assamese
train_assamesemale_00893.wav,Assamese
train_assamesemale_00894.wav,Assamese
train_assamesemale_00895.wav,Assamese
train_assamesemale_00896.wav,Assamese
train_assamesemale_00897.wav,Assamese
train_assamesemale_00898.wav,Assamese
train_assamesemale_00899.wav,Assamese
train_assamesemale_00900.wav,Assamese
train_assamesemale_00901.wav,Assamese
train_assamesemale_00902.wav,Assamese
train_assamesemale_00903.wav,Assamese
train_assamesemale_00904.wav,Assamese
train_assamesemale_00905.wav,Assamese
train_assamesemale_00906.wav,Assamese
train_assamesemale_00907.wav,Assamese
train_assamesemale_00908.wav,Assamese
train_assamesemale_00909.wav,Assamese
train_assamesemale_00910.wav,Assamese
train_assamesemale_00911.wav,Assamese
train_assamesemale_00912.wav,Assamese
train_assamesemale_00913.wav,Assamese
train_assamesemale_00914.wav,Assamese
train_assamesemale_00915.wav,Assamese
train_assamesemale_00916.wav,Assamese
train_assamesemale_00917.wav,Assamese
train_assamesemale_00918.wav,Assamese
train_assamesemale_00919.wav,Assamese
train_assamesemale_00920.wav,Assamese
train_assamesemale_00921.wav,Assamese
train_assamesemale_00922.wav,Assamese
train_assamesemale_00923.wav,Assamese
train_assamesemale_00924.wav,Assamese
train_assamesemale_00925.wav,Assamese
train_assamesemale_00926.wav,Assamese
train_assamesemale_00927.wav,Assamese
train_assamesemale_00928.wav,Assamese
train_assamesemale_00929.wav,Assamese
train_assamesemale_00930.wav,Assamese
train_assamesemale_00931.wav,Assamese
train_assamesemale_00932.wav,Assamese
train_assamesemale_00933.wav,Assamese
train_assamesemale_00934.wav,Assamese
train_assamesemale_00935.wav,Assamese
train_assamesemale_00936.wav,Assamese
train_assamesemale_00937.wav,Assamese
train_assamesemale_00938.wav,Assamese
train_assamesemale_00939.wav,Assamese
train_assamesemale_00940.wav,Assamese
train_assamesemale_00941.wav,Assamese
train_assamesemale_00942.wav,Assamese
train_assamesemale_00943.wav,Assamese
train_assamesemale_00944.wav,Assamese
train_assamesemale_00945.wav,Assamese
train_assamesemale_00946.wav,Assamese
train_assamesemale_00947.wav,Assamese
train_assamesemale_00948.wav,Assamese
train_assamesemale_00949.wav,Assamese
train_assamesemale_00950.wav,Assamese
train_assamesemale_00951.wav,Assamese
train_assamesemale_00952.wav,Assamese
train_assamesemale_00953.wav,Assamese
train_assamesemale_00954.wav,Assamese
train_assamesemale_00955.wav,Assamese
train_assamesemale_00956.wav,Assamese
train_assamesemale_00957.wav,Assamese
train_assamesemale_00958.wav,Assamese
train_assamesemale_00959.wav,Assamese
train_assamesemale_00960.wav,Assamese
train_assamesemale_00961.wav,Assamese
train_assamesemale_00962.wav,Assamese
train_assamesemale_00963.wav,Assamese
train_assamesemale_00964.wav,Assamese
train_assamesemale_00965.wav,Assamese
train_assamesemale_00966.wav,Assamese
train_assamesemale_00967.wav,Assamese
train_assamesemale_00968.wav,Assamese
train_assamesemale_00969.wav,Assamese
train_assamesemale_00970.wav,Assamese
train_assamesemale_00971.wav,Assamese
train_assamesemale_00972.wav,Assamese
train_assamesemale_00973.wav,Assamese
train_assamesemale_00974.wav,Assamese
train_assamesemale_00975.wav,Assamese
train_assamesemale_00976.wav,Assamese
train_assamesemale_00977.wav,Assamese
train_assamesemale_00978.wav,Assamese
train_assamesemale_00979.wav,Assamese
train_assamesemale_00980.wav,Assamese
train_assamesemale_00981.wav,Assamese
train_assamesemale_00982.wav,Assamese
train_assamesemale_00983.wav,Assamese
train_assamesemale_00984.wav,Assamese
train_assamesemale_00985.wav,Assamese
train_assamesemale_00986.wav,Assamese
train_assamesemale_00987.wav,Assamese
train_assamesemale_00988.wav,Assamese
train_assamesemale_00989.wav,Assamese
train_assamesemale_00990.wav,Assamese
train_assamesemale_00991.wav,Assamese
train_assamesemale_00992.wav,Assamese
train_assamesemale_00993.wav,Assamese
train_assamesemale_00994.wav,Assamese
train_assamesemale_00995.wav,Assamese
train_assamesemale_00996.wav,Assamese
train_assamesemale_00997.wav,Assamese
train_assamesemale_00998.wav,Assamese
train_assamesemale_00999.wav,Assamese
train_assamesemale_01000.wav,Assamese
train_bengalifemale_00001.wav,Bengali
train_bengalifemale_00002.wav,Bengali
train_bengalifemale_00003.wav,Bengali
train_bengalifemale_00004.wav,Bengali
train_bengalifemale_00005.wav,Bengali
train_bengalifemale_00006.wav,Bengali
train_bengalifemale_00007.wav,Bengali
train_bengalifemale_00008.wav,Bengali
train_bengalifemale_00009.wav,Bengali
train_bengalifemale_00010.wav,Bengali
train_bengalifemale_00011.wav,Bengali
train_bengalifemale_00012.wav,Bengali
train_bengalifemale_00013.wav,Bengali
train_bengalifemale_00014.wav,Bengali
train_bengalifemale_00015.wav,Bengali
train_bengalifemale_00016.wav,Bengali
train_bengalifemale_00017.wav,Bengali
train_bengalifemale_00018.wav,Bengali
train_bengalifemale_00019.wav,Bengali
train_bengalifemale_00020.wav,Bengali
train_bengalifemale_00021.wav,Bengali
train_bengalifemale_00022.wav,Bengali
train_bengalifemale_00023.wav,Bengali
train_bengalifemale_00024.wav,Bengali
train_bengalifemale_00025.wav,Bengali
train_bengalifemale_00026.wav,Bengali
train_bengalifemale_00027.wav,Bengali
train_bengalifemale_00028.wav,Bengali
train_bengalifemale_00029.wav,Bengali
train_bengalifemale_00030.wav,Bengali
train_bengalifemale_00031.wav,Bengali
train_bengalifemale_00032.wav,Bengali
train_bengalifemale_00033.wav,Bengali
train_bengalifemale_00034.wav,Bengali
train_bengalifemale_00035.wav,Bengali
train_bengalifemale_00036.wav,Bengali
train_bengalifemale_00037.wav,Bengali
train_bengalifemale_00038.wav,Bengali
train_bengalifemale_00039.wav,Bengali
train_bengalifemale_00040.wav,Bengali
train_bengalifemale_00041.wav,Bengali
train_bengalifemale_00042.wav,Bengali
train_bengalifemale_00043.wav,Bengali
train_bengalifemale_00044.wav,Bengali
train_bengalifemale_00045.wav,Bengali
train_bengalifemale_00046.wav,Bengali
train_bengalifemale_00047.wav,Bengali
train_bengalifemale_00048.wav,Bengali
train_bengalifemale_00049.wav,Bengali
train_bengalifemale_00050.wav,Bengali
train_bengalifemale_00051.wav,Bengali
train_bengalifemale_00052.wav,Bengali
train_bengalifemale_00053.wav,Bengali
train_bengalifemale_00054.wav,Bengali
train_bengalifemale_00055.wav,Bengali
train_bengalifemale_00056.wav,Bengali
train_bengalifemale_00057.wav,Bengali
train_bengalifemale_00058.wav,Bengali
train_bengalifemale_00059.wav,Bengali
train_bengalifemale_00060.wav,Bengali
train_bengalifemale_00061.wav,Bengali
train_bengalifemale_00062.wav,Bengali
train_bengalifemale_00063.wav,Bengali
train_bengalifemale_00064.wav,Bengali
train_bengalifemale_00065.wav,Bengali
train_bengalifemale_00066.wav,Bengali
train_bengalifemale_00067.wav,Bengali
train_bengalifemale_00068.wav,Bengali
train_bengalifemale_00069.wav,Bengali
train_bengalifemale_00070.wav,Bengali
train_bengalifemale_00071.wav,Bengali
train_bengalifemale_00072.wav,Bengali
train_bengalifemale_00073.wav,Bengali
train_bengalifemale_00074.wav,Bengali
train_bengalifemale_00075.wav,Bengali
train_bengalifemale_00076.wav,Bengali
train_bengalifemale_00077.wav,Bengali
train_bengalifemale_00078.wav,Bengali
train_bengalifemale_00079.wav,Bengali
train_bengalifemale_00080.wav,Bengali
train_bengalifemale_00081.wav,Bengali
train_bengalifemale_00082.wav,Bengali
train_bengalifemale_00083.wav,Bengali
train_bengalifemale_00084.wav,Bengali
train_bengalifemale_00085.wav,Bengali
train_bengalifemale_00086.wav,Bengali
train_bengalifemale_00087.wav,Bengali
train_bengalifemale_00088.wav,Bengali
train_bengalifemale_00089.wav,Bengali
train_bengalifemale_00090.wav,Bengali
train_bengalifemale_00091.wav,Bengali
train_bengalifemale_00092.wav,Bengali
train_bengalifemale_00093.wav,Bengali
train_bengalifemale_00094.wav,Bengali
train_bengalifemale_00095.wav,Bengali
train_bengalifemale_00096.wav,Bengali
train_bengalifemale_00097.wav,Bengali
train_bengalifemale_00098.wav,Bengali
train_bengalifemale_00099.wav,Bengali
train_bengalifemale_00100.wav,Bengali
train_bengalifemale_00101.wav,Bengali
train_bengalifemale_00102.wav,Bengali
train_bengalifemale_00103.wav,Bengali
train_bengalifemale_00104.wav,Bengali
train_bengalifemale_00105.wav,Bengali
train_bengalifemale_00106.wav,Bengali
train_bengalifemale_00107.wav,Bengali
train_bengalifemale_00108.wav,Bengali
train_bengalifemale_00109.wav,Bengali
train_bengalifemale_00110.wav,Bengali
train_bengalifemale_00111.wav,Bengali
train_bengalifemale_00112.wav,Bengali
train_bengalifemale_00113.wav,Bengali
train_bengalifemale_00114.wav,Bengali
train_bengalifemale_00115.wav,Bengali
train_bengalifemale_00116.wav,Bengali
train_bengalifemale_00117.wav,Bengali
train_bengalifemale_00118.wav,Bengali
train_bengalifemale_00119.wav,Bengali
train_bengalifemale_00120.wav,Bengali
train_bengalifemale_00121.wav,Bengali
train_bengalifemale_00122.wav,Bengali
train_bengalifemale_00123.wav,Bengali
train_bengalifemale_00124.wav,Bengali
train_bengalifemale_00125.wav,Bengali
train_bengalifemale_00126.wav,Bengali
train_bengalifemale_00127.wav,Bengali
train_bengalifemale_00128.wav,Bengali
train_bengalifemale_00129.wav,Bengali
train_bengalifemale_00130.wav,Bengali
train_bengalifemale_00131.wav,Bengali
train_bengalifemale_00132.wav,Bengali
train_bengalifemale_00133.wav,Bengali
train_bengalifemale_00134.wav,Bengali
train_bengalifemale_00135.wav,Bengali
train_bengalifemale_00136.wav,Bengali
train_bengalifemale_00137.wav,Bengali
train_bengalifemale_00138.wav,Bengali
train_bengalifemale_00139.wav,Bengali
train_bengalifemale_00140.wav,Bengali
train_bengalifemale_00141.wav,Bengali
train_bengalifemale_00142.wav,Bengali
train_bengalifemale_00143.wav,Bengali
train_bengalifemale_00144.wav,Bengali
train_bengalifemale_00145.wav,Bengali
train_bengalifemale_00146.wav,Bengali
train_bengalifemale_00147.wav,Bengali
train_bengalifemale_00148.wav,Bengali
train_bengalifemale_00149.wav,Bengali
train_bengalifemale_00150.wav,Bengali
train_bengalifemale_00151.wav,Bengali
train_bengalifemale_00152.wav,Bengali
train_bengalifemale_00153.wav,Bengali
train_bengalifemale_00154.wav,Bengali
train_bengalifemale_00155.wav,Bengali
train_bengalifemale_00156.wav,Bengali
train_bengalifemale_00157.wav,Bengali
train_bengalifemale_00158.wav,Bengali
train_bengalifemale_00159.wav,Bengali
train_bengalifemale_00160.wav,Bengali
train_bengalifemale_00161.wav,Bengali
train_bengalifemale_00162.wav,Bengali
train_bengalifemale_00163.wav,Bengali
train_bengalifemale_00164.wav,Bengali
train_bengalifemale_00165.wav,Bengali
train_bengalifemale_00166.wav,Bengali
train_bengalifemale_00167.wav,Bengali
train_bengalifemale_00168.wav,Bengali
train_bengalifemale_00169.wav,Bengali
train_bengalifemale_00170.wav,Bengali
train_bengalifemale_00171.wav,Bengali
train_bengalifemale_00172.wav,Bengali
train_bengalifemale_00173.wav,Bengali
train_bengalifemale_00174.wav,Bengali
train_bengalifemale_00175.wav,Bengali
train_bengalifemale_00176.wav,Bengali
train_bengalifemale_00177.wav,Bengali
train_bengalifemale_00178.wav,Bengali
train_bengalifemale_00179.wav,Bengali
train_bengalifemale_00180.wav,Bengali
train_bengalifemale_00181.wav,Bengali
train_bengalifemale_00182.wav,Bengali
train_bengalifemale_00183.wav,Bengali
train_bengalifemale_00184.wav,Bengali
train_bengalifemale_00185.wav,Bengali
train_bengalifemale_00186.wav,Bengali
train_bengalifemale_00187.wav,Bengali
train_bengalifemale_00188.wav,Bengali
train_bengalifemale_00189.wav,Bengali
train_bengalifemale_00190.wav,Bengali
train_bengalifemale_00191.wav,Bengali
train_bengalifemale_00192.wav,Bengali
train_bengalifemale_00193.wav,Bengali
train_bengalifemale_00194.wav,Bengali
train_bengalifemale_00195.wav,Bengali
train_bengalifemale_00196.wav,Bengali
train_bengalifemale_00197.wav,Bengali
train_bengalifemale_00198.wav,Bengali
train_bengalifemale_00199.wav,Bengali
train_bengalifemale_00200.wav,Bengali
train_bengalifemale_00201.wav,Bengali
train_bengalifemale_00202.wav,Bengali
train_bengalifemale_00203.wav,Bengali
train_bengalifemale_00204.wav,Bengali
train_bengalifemale_00205.wav,Bengali
train_bengalifemale_00206.wav,Bengali
train_bengalifemale_00207.wav,Bengali
train_bengalifemale_00208.wav,Bengali
train_bengalifemale_00209.wav,Bengali
train_bengalifemale_00210.wav,Bengali
train_bengalifemale_00211.wav,Bengali
train_bengalifemale_00212.wav,Bengali
train_bengalifemale_00213.wav,Bengali
train_bengalifemale_00214.wav,Bengali
train_bengalifemale_00215.wav,Bengali
train_bengalifemale_00216.wav,Bengali
train_bengalifemale_00217.wav,Bengali
train_bengalifemale_00218.wav,Bengali
train_bengalifemale_00219.wav,Bengali
train_bengalifemale_00220.wav,Bengali
train_bengalifemale_00221.wav,Bengali
train_bengalifemale_00222.wav,Bengali
train_bengalifemale_00223.wav,Bengali
train_bengalifemale_00224.wav,Bengali
train_bengalifemale_00225.wav,Bengali
train_bengalifemale_00226.wav,Bengali
train_bengalifemale_00227.wav,Bengali
train_bengalifemale_00228.wav,Bengali
train_bengalifemale_00229.wav,Bengali
train_bengalifemale_00230.wav,Bengali
train_bengalifemale_00231.wav,Bengali
train_bengalifemale_00232.wav,Bengali
train_bengalifemale_00233.wav,Bengali
train_bengalifemale_00234.wav,Bengali
train_bengalifemale_00235.wav,Bengali
train_bengalifemale_00236.wav,Bengali
train_bengalifemale_00237.wav,Bengali
train_bengalifemale_00238.wav,Bengali
train_bengalifemale_00239.wav,Bengali
train_bengalifemale_00240.wav,Bengali
train_bengalifemale_00241.wav,Bengali
train_bengalifemale_00242.wav,Bengali
train_bengalifemale_00243.wav,Bengali
train_bengalifemale_00244.wav,Bengali
train_bengalifemale_00245.wav,Bengali
train_bengalifemale_00246.wav,Bengali
train_bengalifemale_00247.wav,Bengali
train_bengalifemale_00248.wav,Bengali
train_bengalifemale_00249.wav,Bengali
train_bengalifemale_00250.wav,Bengali
train_bengalifemale_00251.wav,Bengali
train_bengalifemale_00252.wav,Bengali
train_bengalifemale_00253.wav,Bengali
train_bengalifemale_00254.wav,Bengali
train_bengalifemale_00255.wav,Bengali
train_bengalifemale_00256.wav,Bengali
train_bengalifemale_00257.wav,Bengali
train_bengalifemale_00258.wav,Bengali
train_bengalifemale_00259.wav,Bengali
train_bengalifemale_00260.wav,Bengali
train_bengalifemale_00261.wav,Bengali
train_bengalifemale_00262.wav,Bengali
train_bengalifemale_00263.wav,Bengali
train_bengalifemale_00264.wav,Bengali
train_bengalifemale_00265.wav,Bengali
train_bengalifemale_00266.wav,Bengali
train_bengalifemale_00267.wav,Bengali
train_bengalifemale_00268.wav,Bengali
train_bengalifemale_00269.wav,Bengali
train_bengalifemale_00270.wav,Bengali
train_bengalifemale_00271.wav,Bengali
train_bengalifemale_00272.wav,Bengali
train_bengalifemale_00273.wav,Bengali
train_bengalifemale_00274.wav,Bengali
train_bengalifemale_00275.wav,Bengali
train_bengalifemale_00276.wav,Bengali
train_bengalifemale_00277.wav,Bengali
train_bengalifemale_00278.wav,Bengali
train_bengalifemale_00279.wav,Bengali
train_bengalifemale_00280.wav,Bengali
train_bengalifemale_00281.wav,Bengali
train_bengalifemale_00282.wav,Bengali
train_bengalifemale_00283.wav,Bengali
train_bengalifemale_00284.wav,Bengali
train_bengalifemale_00285.wav,Bengali
train_bengalifemale_00286.wav,Bengali
train_bengalifemale_00287.wav,Bengali
train_bengalifemale_00288.wav,Bengali
train_bengalifemale_00289.wav,Bengali
train_bengalifemale_00290.wav,Bengali
train_bengalifemale_00291.wav,Bengali
train_bengalifemale_00292.wav,Bengali
train_bengalifemale_00293.wav,Bengali
train_bengalifemale_00294.wav,Bengali
train_bengalifemale_00295.wav,Bengali
train_bengalifemale_00296.wav,Bengali
train_bengalifemale_00297.wav,Bengali
train_bengalifemale_00298.wav,Bengali
train_bengalifemale_00299.wav,Bengali
train_bengalifemale_00300.wav,Bengali
train_bengalifemale_00301.wav,Bengali
train_bengalifemale_00302.wav,Bengali
train_bengalifemale_00303.wav,Bengali
train_bengalifemale_00304.wav,Bengali
train_bengalifemale_00305.wav,Bengali
train_bengalifemale_00306.wav,Bengali
train_bengalifemale_00307.wav,Bengali
train_bengalifemale_00308.wav,Bengali
train_bengalifemale_00309.wav,Bengali
train_bengalifemale_00310.wav,Bengali
train_bengalifemale_00311.wav,Bengali
train_bengalifemale_00312.wav,Bengali
train_bengalifemale_00313.wav,Bengali
train_bengalifemale_00314.wav,Bengali
train_bengalifemale_00315.wav,Bengali
train_bengalifemale_00316.wav,Bengali
train_bengalifemale_00317.wav,Bengali
train_bengalifemale_00318.wav,Bengali
train_bengalifemale_00319.wav,Bengali
train_bengalifemale_00320.wav,Bengali
train_bengalifemale_00321.wav,Bengali
train_bengalifemale_00322.wav,Bengali
train_bengalifemale_00323.wav,Bengali
train_bengalifemale_00324.wav,Bengali
train_bengalifemale_00325.wav,Bengali
train_bengalifemale_00326.wav,Bengali
train_bengalifemale_00327.wav,Bengali
train_bengalifemale_00328.wav,Bengali
train_bengalifemale_00329.wav,Bengali
train_bengalifemale_00330.wav,Bengali
train_bengalifemale_00331.wav,Bengali
train_bengalifemale_00332.wav,Bengali
train_bengalifemale_00333.wav,Bengali
train_bengalifemale_00334.wav,Bengali
train_bengalifemale_00335.wav,Bengali
train_bengalifemale_00336.wav,Bengali
train_bengalifemale_00337.wav,Bengali
train_bengalifemale_00338.wav,Bengali
train_bengalifemale_00339.wav,Bengali
train_bengalifemale_00340.wav,Bengali
train_bengalifemale_00341.wav,Bengali
train_bengalifemale_00342.wav,Bengali
train_bengalifemale_00343.wav,Bengali
train_bengalifemale_00344.wav,Bengali
train_bengalifemale_00345.wav,Bengali
train_bengalifemale_00346.wav,Bengali
train_bengalifemale_00347.wav,Bengali
train_bengalifemale_00348.wav,Bengali
train_bengalifemale_00349.wav,Bengali
train_bengalifemale_00350.wav,Bengali
train_bengalifemale_00351.wav,Bengali
train_bengalifemale_00352.wav,Bengali
train_bengalifemale_00353.wav,Bengali
train_bengalifemale_00354.wav,Bengali
train_bengalifemale_00355.wav,Bengali
train_bengalifemale_00356.wav,Bengali
train_bengalifemale_00357.wav,Bengali
train_bengalifemale_00358.wav,Bengali
train_bengalifemale_00359.wav,Bengali
train_bengalifemale_00360.wav,Bengali
train_bengalifemale_00361.wav,Bengali
train_bengalifemale_00362.wav,Bengali
train_bengalifemale_00363.wav,Bengali
train_bengalifemale_00364.wav,Bengali
train_bengalifemale_00365.wav,Bengali
train_bengalifemale_00366.wav,Bengali
train_bengalifemale_00367.wav,Bengali
train_bengalifemale_00368.wav,Bengali
train_bengalifemale_00369.wav,Bengali
train_bengalifemale_00370.wav,Bengali
train_bengalifemale_00371.wav,Bengali
train_bengalifemale_00372.wav,Bengali
train_bengalifemale_00373.wav,Bengali
train_bengalifemale_00374.wav,Bengali
train_bengalifemale_00375.wav,Bengali
train_bengalifemale_00376.wav,Bengali
train_bengalifemale_00377.wav,Bengali
train_bengalifemale_00378.wav,Bengali
train_bengalifemale_00379.wav,Bengali
train_bengalifemale_00380.wav,Bengali
train_bengalifemale_00381.wav,Bengali
train_bengalifemale_00382.wav,Bengali
train_bengalifemale_00383.wav,Bengali
train_bengalifemale_00384.wav,Bengali
train_bengalifemale_00385.wav,Bengali
train_bengalifemale_00386.wav,Bengali
train_bengalifemale_00387.wav,Bengali
train_bengalifemale_00388.wav,Bengali
train_bengalifemale_00389.wav,Bengali
train_bengalifemale_00390.wav,Bengali
train_bengalifemale_00391.wav,Bengali
train_bengalifemale_00392.wav,Bengali
train_bengalifemale_00393.wav,Bengali
train_bengalifemale_00394.wav,Bengali
train_bengalifemale_00395.wav,Bengali
train_bengalifemale_00396.wav,Bengali
train_bengalifemale_00397.wav,Bengali
train_bengalifemale_00398.wav,Bengali
train_bengalifemale_00399.wav,Bengali
train_bengalifemale_00400.wav,Bengali
train_bengalifemale_00401.wav,Bengali
train_bengalifemale_00402.wav,Bengali
train_bengalifemale_00403.wav,Bengali
train_bengalifemale_00404.wav,Bengali
train_bengalifemale_00405.wav,Bengali
train_bengalifemale_00406.wav,Bengali
train_bengalifemale_00407.wav,Bengali
train_bengalifemale_00408.wav,Bengali
train_bengalifemale_00409.wav,Bengali
train_bengalifemale_00410.wav,Bengali
train_bengalifemale_00411.wav,Bengali
train_bengalifemale_00412.wav,Bengali
train_bengalifemale_00413.wav,Bengali
train_bengalifemale_00414.wav,Bengali
train_bengalifemale_00415.wav,Bengali
train_bengalifemale_00416.wav,Bengali
train_bengalifemale_00417.wav,Bengali
train_bengalifemale_00418.wav,Bengali
train_bengalifemale_00419.wav,Bengali
train_bengalifemale_00420.wav,Bengali
train_bengalifemale_00421.wav,Bengali
train_bengalifemale_00422.wav,Bengali
train_bengalifemale_00423.wav,Bengali
train_bengalifemale_00424.wav,Bengali
train_bengalifemale_00425.wav,Bengali
train_bengalifemale_00426.wav,Bengali
train_bengalifemale_00427.wav,Bengali
train_bengalifemale_00428.wav,Bengali
train_bengalifemale_00429.wav,Bengali
train_bengalifemale_00430.wav,Bengali
train_bengalifemale_00431.wav,Bengali
train_bengalifemale_00432.wav,Bengali
train_bengalifemale_00433.wav,Bengali
train_bengalifemale_00434.wav,Bengali
train_bengalifemale_00435.wav,Bengali
train_bengalifemale_00436.wav,Bengali
train_bengalifemale_00437.wav,Bengali
train_bengalifemale_00438.wav,Bengali
train_bengalifemale_00439.wav,Bengali
train_bengalifemale_00440.wav,Bengali
train_bengalifemale_00441.wav,Bengali
train_bengalifemale_00442.wav,Bengali
train_bengalifemale_00443.wav,Bengali
train_bengalifemale_00444.wav,Bengali
train_bengalifemale_00445.wav,Bengali
train_bengalifemale_00446.wav,Bengali
train_bengalifemale_00447.wav,Bengali
train_bengalifemale_00448.wav,Bengali
train_bengalifemale_00449.wav,Bengali
train_bengalifemale_00450.wav,Bengali
train_bengalifemale_00451.wav,Bengali
train_bengalifemale_00452.wav,Bengali
train_bengalifemale_00453.wav,Bengali
train_bengalifemale_00454.wav,Bengali
train_bengalifemale_00455.wav,Bengali
train_bengalifemale_00456.wav,Bengali
train_bengalifemale_00457.wav,Bengali
train_bengalifemale_00458.wav,Bengali
train_bengalifemale_00459.wav,Bengali
train_bengalifemale_00460.wav,Bengali
train_bengalifemale_00461.wav,Bengali
train_bengalifemale_00462.wav,Bengali
train_bengalifemale_00463.wav,Bengali
train_bengalifemale_00464.wav,Bengali
train_bengalifemale_00465.wav,Bengali
train_bengalifemale_00466.wav,Bengali
train_bengalifemale_00467.wav,Bengali
train_bengalifemale_00468.wav,Bengali
train_bengalifemale_00469.wav,Bengali
train_bengalifemale_00470.wav,Bengali
train_bengalifemale_00471.wav,Bengali
train_bengalifemale_00472.wav,Bengali
train_bengalifemale_00473.wav,Bengali
train_bengalifemale_00474.wav,Bengali
train_bengalifemale_00475.wav,Bengali
train_bengalifemale_00476.wav,Bengali
train_bengalifemale_00477.wav,Bengali
train_bengalifemale_00478.wav,Bengali
train_bengalifemale_00479.wav,Bengali
train_bengalifemale_00480.wav,Bengali
train_bengalifemale_00481.wav,Bengali
train_bengalifemale_00482.wav,Bengali
train_bengalifemale_00483.wav,Bengali
train_bengalifemale_00484.wav,Bengali
train_bengalifemale_00485.wav,Bengali
train_bengalifemale_00486.wav,Bengali
train_bengalifemale_00487.wav,Bengali
train_bengalifemale_00488.wav,Bengali
train_bengalifemale_00489.wav,Bengali
train_bengalifemale_00490.wav,Bengali
train_bengalifemale_00491.wav,Bengali
train_bengalifemale_00492.wav,Bengali
train_bengalifemale_00493.wav,Bengali
train_bengalifemale_00494.wav,Bengali
train_bengalifemale_00495.wav,Bengali
train_bengalifemale_00496.wav,Bengali
train_bengalifemale_00497.wav,Bengali
train_bengalifemale_00498.wav,Bengali
train_bengalifemale_00499.wav,Bengali
train_bengalifemale_00500.wav,Bengali
train_bengalifemale_00501.wav,Bengali
train_bengalifemale_00502.wav,Bengali
train_bengalifemale_00503.wav,Bengali
train_bengalifemale_00504.wav,Bengali
train_bengalifemale_00505.wav,Bengali
train_bengalifemale_00506.wav,Bengali
train_bengalifemale_00507.wav,Bengali
train_bengalifemale_00508.wav,Bengali
train_bengalifemale_00509.wav,Bengali
train_bengalifemale_00510.wav,Bengali
train_bengalifemale_00511.wav,Bengali
train_bengalifemale_00512.wav,Bengali
train_bengalifemale_00513.wav,Bengali
train_bengalifemale_00514.wav,Bengali
train_bengalifemale_00515.wav,Bengali
train_bengalifemale_00516.wav,Bengali
train_bengalifemale_00517.wav,Bengali
train_bengalifemale_00518.wav,Bengali
train_bengalifemale_00519.wav,Bengali
train_bengalifemale_00520.wav,Bengali
train_bengalifemale_00521.wav,Bengali
train_bengalifemale_00522.wav,Bengali
train_bengalifemale_00523.wav,Bengali
train_bengalifemale_00524.wav,Bengali
train_bengalifemale_00525.wav,Bengali
train_bengalifemale_00526.wav,Bengali
train_bengalifemale_00527.wav,Bengali
train_bengalifemale_00528.wav,Bengali
train_bengalifemale_00529.wav,Bengali
train_bengalifemale_00530.wav,Bengali
train_bengalifemale_00531.wav,Bengali
train_bengalifemale_00532.wav,Bengali
train_bengalifemale_00533.wav,Bengali
train_bengalifemale_00534.wav,Bengali
train_bengalifemale_00535.wav,Bengali
train_bengalifemale_00536.wav,Bengali
train_bengalifemale_00537.wav,Bengali
train_bengalifemale_00538.wav,Bengali
train_bengalifemale_00539.wav,Bengali
train_bengalifemale_00540.wav,Bengali
train_bengalifemale_00541.wav,Bengali
train_bengalifemale_00542.wav,Bengali
train_bengalifemale_00543.wav,Bengali
train_bengalifemale_00544.wav,Bengali
train_bengalifemale_00545.wav,Bengali
train_bengalifemale_00546.wav,Bengali
train_bengalifemale_00547.wav,Bengali
train_bengalifemale_00548.wav,Bengali
train_bengalifemale_00549.wav,Bengali
train_bengalifemale_00550.wav,Bengali
train_bengalifemale_00551.wav,Bengali
train_bengalifemale_00552.wav,Bengali
train_bengalifemale_00553.wav,Bengali
train_bengalifemale_00554.wav,Bengali
train_bengalifemale_00555.wav,Bengali
train_bengalifemale_00556.wav,Bengali
train_bengalifemale_00557.wav,Bengali
train_bengalifemale_00558.wav,Bengali
train_bengalifemale_00559.wav,Bengali
train_bengalifemale_00560.wav,Bengali
train_bengalifemale_00561.wav,Bengali
train_bengalifemale_00562.wav,Bengali
train_bengalifemale_00563.wav,Bengali
train_bengalifemale_00564.wav,Bengali
train_bengalifemale_00565.wav,Bengali
train_bengalifemale_00566.wav,Bengali
train_bengalifemale_00567.wav,Bengali
train_bengalifemale_00568.wav,Bengali
train_bengalifemale_00569.wav,Bengali
train_bengalifemale_00570.wav,Bengali
train_bengalifemale_00571.wav,Bengali
train_bengalifemale_00572.wav,Bengali
train_bengalifemale_00573.wav,Bengali
train_bengalifemale_00574.wav,Bengali
train_bengalifemale_00575.wav,Bengali
train_bengalifemale_00576.wav,Bengali
train_bengalifemale_00577.wav,Bengali
train_bengalifemale_00578.wav,Bengali
train_bengalifemale_00579.wav,Bengali
train_bengalifemale_00580.wav,Bengali
train_bengalifemale_00581.wav,Bengali
train_bengalifemale_00582.wav,Bengali
train_bengalifemale_00583.wav,Bengali
train_bengalifemale_00584.wav,Bengali
train_bengalifemale_00585.wav,Bengali
train_bengalifemale_00586.wav,Bengali
train_bengalifemale_00587.wav,Bengali
train_bengalifemale_00588.wav,Bengali
train_bengalifemale_00589.wav,Bengali
train_bengalifemale_00590.wav,Bengali
train_bengalifemale_00591.wav,Bengali
train_bengalifemale_00592.wav,Bengali
train_bengalifemale_00593.wav,Bengali
train_bengalifemale_00594.wav,Bengali
train_bengalifemale_00595.wav,Bengali
train_bengalifemale_00596.wav,Bengali
train_bengalifemale_00597.wav,Bengali
train_bengalifemale_00598.wav,Bengali
train_bengalifemale_00599.wav,Bengali
train_bengalifemale_00600.wav,Bengali
train_bengalifemale_00601.wav,Bengali
train_bengalifemale_00602.wav,Bengali
train_bengalifemale_00603.wav,Bengali
train_bengalifemale_00604.wav,Bengali
train_bengalifemale_00605.wav,Bengali
train_bengalifemale_00606.wav,Bengali
train_bengalifemale_00607.wav,Bengali
train_bengalifemale_00608.wav,Bengali
train_bengalifemale_00609.wav,Bengali
train_bengalifemale_00610.wav,Bengali
train_bengalifemale_00611.wav,Bengali
train_bengalifemale_00612.wav,Bengali
train_bengalifemale_00613.wav,Bengali
train_bengalifemale_00614.wav,Bengali
train_bengalifemale_00615.wav,Bengali
train_bengalifemale_00616.wav,Bengali
train_bengalifemale_00617.wav,Bengali
train_bengalifemale_00618.wav,Bengali
train_bengalifemale_00619.wav,Bengali
train_bengalifemale_00620.wav,Bengali
train_bengalifemale_00621.wav,Bengali
train_bengalifemale_00622.wav,Bengali
train_bengalifemale_00623.wav,Bengali
train_bengalifemale_00624.wav,Bengali
train_bengalifemale_00625.wav,Bengali
train_bengalifemale_00626.wav,Bengali
train_bengalifemale_00627.wav,Bengali
train_bengalifemale_00628.wav,Bengali
train_bengalifemale_00629.wav,Bengali
train_bengalifemale_00630.wav,Bengali
train_bengalifemale_00631.wav,Bengali
train_bengalifemale_00632.wav,Bengali
train_bengalifemale_00633.wav,Bengali
train_bengalifemale_00634.wav,Bengali
train_bengalifemale_00635.wav,Bengali
train_bengalifemale_00636.wav,Bengali
train_bengalifemale_00637.wav,Bengali
train_bengalifemale_00638.wav,Bengali
train_bengalifemale_00639.wav,Bengali
train_bengalifemale_00640.wav,Bengali
train_bengalifemale_00641.wav,Bengali
train_bengalifemale_00642.wav,Bengali
train_bengalifemale_00643.wav,Bengali
train_bengalifemale_00644.wav,Bengali
train_bengalifemale_00645.wav,Bengali
train_bengalifemale_00646.wav,Bengali
train_bengalifemale_00647.wav,Bengali
train_bengalifemale_00648.wav,Bengali
train_bengalifemale_00649.wav,Bengali
train_bengalifemale_00650.wav,Bengali
train_bengalifemale_00651.wav,Bengali
train_bengalifemale_00652.wav,Bengali
train_bengalifemale_00653.wav,Bengali
train_bengalifemale_00654.wav,Bengali
train_bengalifemale_00655.wav,Bengali
train_bengalifemale_00656.wav,Bengali
train_bengalifemale_00657.wav,Bengali
train_bengalifemale_00658.wav,Bengali
train_bengalifemale_00659.wav,Bengali
train_bengalifemale_00660.wav,Bengali
train_bengalifemale_00661.wav,Bengali
train_bengalifemale_00662.wav,Bengali
train_bengalifemale_00663.wav,Bengali
train_bengalifemale_00664.wav,Bengali
train_bengalifemale_00665.wav,Bengali
train_bengalifemale_00666.wav,Bengali
train_bengalifemale_00667.wav,Bengali
train_bengalifemale_00668.wav,Bengali
train_bengalifemale_00669.wav,Bengali
train_bengalifemale_00670.wav,Bengali
train_bengalifemale_00671.wav,Bengali
train_bengalifemale_00672.wav,Bengali
train_bengalifemale_00673.wav,Bengali
train_bengalifemale_00674.wav,Bengali
train_bengalifemale_00675.wav,Bengali
train_bengalifemale_00676.wav,Bengali
train_bengalifemale_00677.wav,Bengali
train_bengalifemale_00678.wav,Bengali
train_bengalifemale_00679.wav,Bengali
train_bengalifemale_00680.wav,Bengali
train_bengalifemale_00681.wav,Bengali
train_bengalifemale_00682.wav,Bengali
train_bengalifemale_00683.wav,Bengali
train_bengalifemale_00684.wav,Bengali
train_bengalifemale_00685.wav,Bengali
train_bengalifemale_00686.wav,Bengali
train_bengalifemale_00687.wav,Bengali
train_bengalifemale_00688.wav,Bengali
train_bengalifemale_00689.wav,Bengali
train_bengalifemale_00690.wav,Bengali
train_bengalifemale_00691.wav,Bengali
train_bengalifemale_00692.wav,Bengali
train_bengalifemale_00693.wav,Bengali
train_bengalifemale_00694.wav,Bengali
train_bengalifemale_00695.wav,Bengali
train_bengalifemale_00696.wav,Bengali
train_bengalifemale_00697.wav,Bengali
train_bengalifemale_00698.wav,Bengali
train_bengalifemale_00699.wav,Bengali
train_bengalifemale_00700.wav,Bengali
train_bengalifemale_00701.wav,Bengali
train_bengalifemale_00702.wav,Bengali
train_bengalifemale_00703.wav,Bengali
train_bengalifemale_00704.wav,Bengali
train_bengalifemale_00705.wav,Bengali
train_bengalifemale_00706.wav,Bengali
train_bengalifemale_00707.wav,Bengali
train_bengalifemale_00708.wav,Bengali
train_bengalifemale_00709.wav,Bengali
train_bengalifemale_00710.wav,Bengali
train_bengalifemale_00711.wav,Bengali
train_bengalifemale_00712.wav,Bengali
train_bengalifemale_00713.wav,Bengali
train_bengalifemale_00714.wav,Bengali
train_bengalifemale_00715.wav,Bengali
train_bengalifemale_00716.wav,Bengali
train_bengalifemale_00717.wav,Bengali
train_bengalifemale_00718.wav,Bengali
train_bengalifemale_00719.wav,Bengali
train_bengalifemale_00720.wav,Bengali
train_bengalifemale_00721.wav,Bengali
train_bengalifemale_00722.wav,Bengali
train_bengalifemale_00723.wav,Bengali
train_bengalifemale_00724.wav,Bengali
train_bengalifemale_00725.wav,Bengali
train_bengalifemale_00726.wav,Bengali
train_bengalifemale_00727.wav,Bengali
train_bengalifemale_00728.wav,Bengali
train_bengalifemale_00729.wav,Bengali
train_bengalifemale_00730.wav,Bengali
train_bengalifemale_00731.wav,Bengali
train_bengalifemale_00732.wav,Bengali
train_bengalifemale_00733.wav,Bengali
train_bengalifemale_00734.wav,Bengali
train_bengalifemale_00735.wav,Bengali
train_bengalifemale_00736.wav,Bengali
train_bengalifemale_00737.wav,Bengali
train_bengalifemale_00738.wav,Bengali
train_bengalifemale_00739.wav,Bengali
train_bengalifemale_00740.wav,Bengali
train_bengalifemale_00741.wav,Bengali
train_bengalifemale_00742.wav,Bengali
train_bengalifemale_00743.wav,Bengali
train_bengalifemale_00744.wav,Bengali
train_bengalifemale_00745.wav,Bengali
train_bengalifemale_00746.wav,Bengali
train_bengalifemale_00747.wav,Bengali
train_bengalifemale_00748.wav,Bengali
train_bengalifemale_00749.wav,Bengali
train_bengalifemale_00750.wav,Bengali
train_bengalifemale_00751.wav,Bengali
train_bengalifemale_00752.wav,Bengali
train_bengalifemale_00753.wav,Bengali
train_bengalifemale_00754.wav,Bengali
train_bengalifemale_00755.wav,Bengali
train_bengalifemale_00756.wav,Bengali
train_bengalifemale_00757.wav,Bengali
train_bengalifemale_00758.wav,Bengali
train_bengalifemale_00759.wav,Bengali
train_bengalifemale_00760.wav,Bengali
train_bengalifemale_00761.wav,Bengali
train_bengalifemale_00762.wav,Bengali
train_bengalifemale_00763.wav,Bengali
train_bengalifemale_00764.wav,Bengali
train_bengalifemale_00765.wav,Bengali
train_bengalifemale_00766.wav,Bengali
train_bengalifemale_00767.wav,Bengali
train_bengalifemale_00768.wav,Bengali
train_bengalifemale_00769.wav,Bengali
train_bengalifemale_00770.wav,Bengali
train_bengalifemale_00771.wav,Bengali
train_bengalifemale_00772.wav,Bengali
train_bengalifemale_00773.wav,Bengali
train_bengalifemale_00774.wav,Bengali
train_bengalifemale_00775.wav,Bengali
train_bengalifemale_00776.wav,Bengali
train_bengalifemale_00777.wav,Bengali
train_bengalifemale_00778.wav,Bengali
train_bengalifemale_00779.wav,Bengali
train_bengalifemale_00780.wav,Bengali
train_bengalifemale_00781.wav,Bengali
train_bengalifemale_00782.wav,Bengali
train_bengalifemale_00783.wav,Bengali
train_bengalifemale_00784.wav,Bengali
train_bengalifemale_00785.wav,Bengali
train_bengalifemale_00786.wav,Bengali
train_bengalifemale_00787.wav,Bengali
train_bengalifemale_00788.wav,Bengali
train_bengalifemale_00789.wav,Bengali
train_bengalifemale_00790.wav,Bengali
train_bengalifemale_00791.wav,Bengali
train_bengalifemale_00792.wav,Bengali
train_bengalifemale_00793.wav,Bengali
train_bengalifemale_00794.wav,Bengali
train_bengalifemale_00795.wav,Bengali
train_bengalifemale_00796.wav,Bengali
train_bengalifemale_00797.wav,Bengali
train_bengalifemale_00798.wav,Bengali
train_bengalifemale_00799.wav,Bengali
train_bengalifemale_00800.wav,Bengali
train_bengalifemale_00801.wav,Bengali
train_bengalifemale_00802.wav,Bengali
train_bengalifemale_00803.wav,Bengali
train_bengalifemale_00804.wav,Bengali
train_bengalifemale_00805.wav,Bengali
train_bengalifemale_00806.wav,Bengali
train_bengalifemale_00807.wav,Bengali
train_bengalifemale_00808.wav,Bengali
train_bengalifemale_00809.wav,Bengali
train_bengalifemale_00810.wav,Bengali
train_bengalifemale_00811.wav,Bengali
train_bengalifemale_00812.wav,Bengali
train_bengalifemale_00813.wav,Bengali
train_bengalifemale_00814.wav,Bengali
train_bengalifemale_00815.wav,Bengali
train_bengalifemale_00816.wav,Bengali
train_bengalifemale_00817.wav,Bengali
train_bengalifemale_00818.wav,Bengali
train_bengalifemale_00819.wav,Bengali
train_bengalifemale_00820.wav,Bengali
train_bengalifemale_00821.wav,Bengali
train_bengalifemale_00822.wav,Bengali
train_bengalifemale_00823.wav,Bengali
train_bengalifemale_00824.wav,Bengali
train_bengalifemale_00825.wav,Bengali
train_bengalifemale_00826.wav,Bengali
train_bengalifemale_00827.wav,Bengali
train_bengalifemale_00828.wav,Bengali
train_bengalifemale_00829.wav,Bengali
train_bengalifemale_00830.wav,Bengali
train_bengalifemale_00831.wav,Bengali
train_bengalifemale_00832.wav,Bengali
train_bengalifemale_00833.wav,Bengali
train_bengalifemale_00834.wav,Bengali
train_bengalifemale_00835.wav,Bengali
train_bengalifemale_00836.wav,Bengali
train_bengalifemale_00837.wav,Bengali
train_bengalifemale_00838.wav,Bengali
train_bengalifemale_00839.wav,Bengali
train_bengalifemale_00840.wav,Bengali
train_bengalifemale_00841.wav,Bengali
train_bengalifemale_00842.wav,Bengali
train_bengalifemale_00843.wav,Bengali
train_bengalifemale_00844.wav,Bengali
train_bengalifemale_00845.wav,Bengali
train_bengalifemale_00846.wav,Bengali
train_bengalifemale_00847.wav,Bengali
train_bengalifemale_00848.wav,Bengali
train_bengalifemale_00849.wav,Bengali
train_bengalifemale_00850.wav,Bengali
train_bengalifemale_00851.wav,Bengali
train_bengalifemale_00852.wav,Bengali
train_bengalifemale_00853.wav,Bengali
train_bengalifemale_00854.wav,Bengali
train_bengalifemale_00855.wav,Bengali
train_bengalifemale_00856.wav,Bengali
train_bengalifemale_00857.wav,Bengali
train_bengalifemale_00858.wav,Bengali
train_bengalifemale_00859.wav,Bengali
train_bengalifemale_00860.wav,Bengali
train_bengalifemale_00861.wav,Bengali
train_bengalifemale_00862.wav,Bengali
train_bengalifemale_00863.wav,Bengali
train_bengalifemale_00864.wav,Bengali
train_bengalifemale_00865.wav,Bengali
train_bengalifemale_00866.wav,Bengali
train_bengalifemale_00867.wav,Bengali
train_bengalifemale_00868.wav,Bengali
train_bengalifemale_00869.wav,Bengali
train_bengalifemale_00870.wav,Bengali
train_bengalifemale_00871.wav,Bengali
train_bengalifemale_00872.wav,Bengali
train_bengalifemale_00873.wav,Bengali
train_bengalifemale_00874.wav,Bengali
train_bengalifemale_00875.wav,Bengali
train_bengalifemale_00876.wav,Bengali
train_bengalifemale_00877.wav,Bengali
train_bengalifemale_00878.wav,Bengali
train_bengalifemale_00879.wav,Bengali
train_bengalifemale_00880.wav,Bengali
train_bengalifemale_00881.wav,Bengali
train_bengalifemale_00882.wav,Bengali
train_bengalifemale_00883.wav,Bengali
train_bengalifemale_00884.wav,Bengali
train_bengalifemale_00885.wav,Bengali
train_bengalifemale_00886.wav,Bengali
train_bengalifemale_00887.wav,Bengali
train_bengalifemale_00888.wav,Bengali
train_bengalifemale_00889.wav,Bengali
train_bengalifemale_00890.wav,Bengali
train_bengalifemale_00891.wav,Bengali
train_bengalifemale_00892.wav,Bengali
train_bengalifemale_00893.wav,Bengali
train_bengalifemale_00894.wav,Bengali
train_bengalifemale_00895.wav,Bengali
train_bengalifemale_00896.wav,Bengali
train_bengalifemale_00897.wav,Bengali
train_bengalifemale_00898.wav,Bengali
train_bengalifemale_00899.wav,Bengali
train_bengalifemale_00900.wav,Bengali
train_bengalifemale_00901.wav,Bengali
train_bengalifemale_00902.wav,Bengali
train_bengalifemale_00903.wav,Bengali
train_bengalifemale_00904.wav,Bengali
train_bengalifemale_00905.wav,Bengali
train_bengalifemale_00906.wav,Bengali
train_bengalifemale_00907.wav,Bengali
train_bengalifemale_00908.wav,Bengali
train_bengalifemale_00909.wav,Bengali
train_bengalifemale_00910.wav,Bengali
train_bengalifemale_00911.wav,Bengali
train_bengalifemale_00912.wav,Bengali
train_bengalifemale_00913.wav,Bengali
train_bengalifemale_00914.wav,Bengali
train_bengalifemale_00915.wav,Bengali
train_bengalifemale_00916.wav,Bengali
train_bengalifemale_00917.wav,Bengali
train_bengalifemale_00918.wav,Bengali
train_bengalifemale_00919.wav,Bengali
train_bengalifemale_00920.wav,Bengali
train_bengalifemale_00921.wav,Bengali
train_bengalifemale_00922.wav,Bengali
train_bengalifemale_00923.wav,Bengali
train_bengalifemale_00924.wav,Bengali
train_bengalifemale_00925.wav,Bengali
train_bengalifemale_00926.wav,Bengali
train_bengalifemale_00927.wav,Bengali
train_bengalifemale_00928.wav,Bengali
train_bengalifemale_00929.wav,Bengali
train_bengalifemale_00930.wav,Bengali
train_bengalifemale_00931.wav,Bengali
train_bengalifemale_00932.wav,Bengali
train_bengalifemale_00933.wav,Bengali
train_bengalifemale_00934.wav,Bengali
train_bengalifemale_00935.wav,Bengali
train_bengalifemale_00936.wav,Bengali
train_bengalifemale_00937.wav,Bengali
train_bengalifemale_00938.wav,Bengali
train_bengalifemale_00939.wav,Bengali
train_bengalifemale_00940.wav,Bengali
train_bengalifemale_00941.wav,Bengali
train_bengalifemale_00942.wav,Bengali
train_bengalifemale_00943.wav,Bengali
train_bengalifemale_00944.wav,Bengali
train_bengalifemale_00945.wav,Bengali
train_bengalifemale_00946.wav,Bengali
train_bengalifemale_00947.wav,Bengali
train_bengalifemale_00948.wav,Bengali
train_bengalifemale_00949.wav,Bengali
train_bengalifemale_00950.wav,Bengali
train_bengalifemale_00951.wav,Bengali
train_bengalifemale_00952.wav,Bengali
train_bengalifemale_00953.wav,Bengali
train_bengalifemale_00954.wav,Bengali
train_bengalifemale_00955.wav,Bengali
train_bengalifemale_00956.wav,Bengali
train_bengalifemale_00957.wav,Bengali
train_bengalifemale_00958.wav,Bengali
train_bengalifemale_00959.wav,Bengali
train_bengalifemale_00960.wav,Bengali
train_bengalifemale_00961.wav,Bengali
train_bengalifemale_00962.wav,Bengali
train_bengalifemale_00963.wav,Bengali
train_bengalifemale_00964.wav,Bengali
train_bengalifemale_00965.wav,Bengali
train_bengalifemale_00966.wav,Bengali
train_bengalifemale_00967.wav,Bengali
train_bengalifemale_00968.wav,Bengali
train_bengalifemale_00969.wav,Bengali
train_bengalifemale_00970.wav,Bengali
train_bengalifemale_00971.wav,Bengali
train_bengalifemale_00972.wav,Bengali
train_bengalifemale_00973.wav,Bengali
train_bengalifemale_00974.wav,Bengali
train_bengalifemale_00975.wav,Bengali
train_bengalifemale_00976.wav,Bengali
train_bengalifemale_00977.wav,Bengali
train_bengalifemale_00978.wav,Bengali
train_bengalifemale_00979.wav,Bengali
train_bengalifemale_00980.wav,Bengali
train_bengalifemale_00981.wav,Bengali
train_bengalifemale_00982.wav,Bengali
train_bengalifemale_00983.wav,Bengali
train_bengalifemale_00984.wav,Bengali
train_bengalifemale_00985.wav,Bengali
train_bengalifemale_00986.wav,Bengali
train_bengalifemale_00987.wav,Bengali
train_bengalifemale_00988.wav,Bengali
train_bengalifemale_00989.wav,Bengali
train_bengalifemale_00990.wav,Bengali
train_bengalifemale_00991.wav,Bengali
train_bengalifemale_00992.wav,Bengali
train_bengalifemale_00993.wav,Bengali
train_bengalifemale_00994.wav,Bengali
train_bengalifemale_00995.wav,Bengali
train_bengalifemale_00996.wav,Bengali
train_bengalifemale_00997.wav,Bengali
train_bengalifemale_00998.wav,Bengali
train_bengalifemale_00999.wav,Bengali
train_bengalifemale_01000.wav,Bengali
train_bengalimale_00001.wav,Bengali
train_bengalimale_00002.wav,Bengali
train_bengalimale_00003.wav,Bengali
train_bengalimale_00004.wav,Bengali
train_bengalimale_00005.wav,Bengali
train_bengalimale_00006.wav,Bengali
train_bengalimale_00007.wav,Bengali
train_bengalimale_00008.wav,Bengali
train_bengalimale_00009.wav,Bengali
train_bengalimale_00010.wav,Bengali
train_bengalimale_00011.wav,Bengali
train_bengalimale_00012.wav,Bengali
train_bengalimale_00013.wav,Bengali
train_bengalimale_00014.wav,Bengali
train_bengalimale_00015.wav,Bengali
train_bengalimale_00016.wav,Bengali
train_bengalimale_00017.wav,Bengali
train_bengalimale_00018.wav,Bengali
train_bengalimale_00019.wav,Bengali
train_bengalimale_00020.wav,Bengali
train_bengalimale_00021.wav,Bengali
train_bengalimale_00022.wav,Bengali
train_bengalimale_00023.wav,Bengali
train_bengalimale_00024.wav,Bengali
train_bengalimale_00025.wav,Bengali
train_bengalimale_00026.wav,Bengali
train_bengalimale_00027.wav,Bengali
train_bengalimale_00028.wav,Bengali
train_bengalimale_00029.wav,Bengali
train_bengalimale_00030.wav,Bengali
train_bengalimale_00031.wav,Bengali
train_bengalimale_00032.wav,Bengali
train_bengalimale_00033.wav,Bengali
train_bengalimale_00034.wav,Bengali
train_bengalimale_00035.wav,Bengali
train_bengalimale_00036.wav,Bengali
train_bengalimale_00037.wav,Bengali
train_bengalimale_00038.wav,Bengali
train_bengalimale_00039.wav,Bengali
train_bengalimale_00040.wav,Bengali
train_bengalimale_00041.wav,Bengali
train_bengalimale_00042.wav,Bengali
train_bengalimale_00043.wav,Bengali
train_bengalimale_00044.wav,Bengali
train_bengalimale_00045.wav,Bengali
train_bengalimale_00046.wav,Bengali
train_bengalimale_00047.wav,Bengali
train_bengalimale_00048.wav,Bengali
train_bengalimale_00049.wav,Bengali
train_bengalimale_00050.wav,Bengali
train_bengalimale_00051.wav,Bengali
train_bengalimale_00052.wav,Bengali
train_bengalimale_00053.wav,Bengali
train_bengalimale_00054.wav,Bengali
train_bengalimale_00055.wav,Bengali
train_bengalimale_00056.wav,Bengali
train_bengalimale_00057.wav,Bengali
train_bengalimale_00058.wav,Bengali
train_bengalimale_00059.wav,Bengali
train_bengalimale_00060.wav,Bengali
train_bengalimale_00061.wav,Bengali
train_bengalimale_00062.wav,Bengali
train_bengalimale_00063.wav,Bengali
train_bengalimale_00064.wav,Bengali
train_bengalimale_00065.wav,Bengali
train_bengalimale_00066.wav,Bengali
train_bengalimale_00067.wav,Bengali
train_bengalimale_00068.wav,Bengali
train_bengalimale_00069.wav,Bengali
train_bengalimale_00070.wav,Bengali
train_bengalimale_00071.wav,Bengali
train_bengalimale_00072.wav,Bengali
train_bengalimale_00073.wav,Bengali
train_bengalimale_00074.wav,Bengali
train_bengalimale_00075.wav,Bengali
train_bengalimale_00076.wav,Bengali
train_bengalimale_00077.wav,Bengali
train_bengalimale_00078.wav,Bengali
train_bengalimale_00079.wav,Bengali
train_bengalimale_00080.wav,Bengali
train_bengalimale_00081.wav,Bengali
train_bengalimale_00082.wav,Bengali
train_bengalimale_00083.wav,Bengali
train_bengalimale_00084.wav,Bengali
train_bengalimale_00085.wav,Bengali
train_bengalimale_00086.wav,Bengali
train_bengalimale_00087.wav,Bengali
train_bengalimale_00088.wav,Bengali
train_bengalimale_00089.wav,Bengali
train_bengalimale_00090.wav,Bengali
train_bengalimale_00091.wav,Bengali
train_bengalimale_00092.wav,Bengali
train_bengalimale_00093.wav,Bengali
train_bengalimale_00094.wav,Bengali
train_bengalimale_00095.wav,Bengali
train_bengalimale_00096.wav,Bengali
train_bengalimale_00097.wav,Bengali
train_bengalimale_00098.wav,Bengali
train_bengalimale_00099.wav,Bengali
train_bengalimale_00100.wav,Bengali
train_bengalimale_00101.wav,Bengali
train_bengalimale_00102.wav,Bengali
train_bengalimale_00103.wav,Bengali
train_bengalimale_00104.wav,Bengali
train_bengalimale_00105.wav,Bengali
train_bengalimale_00106.wav,Bengali
train_bengalimale_00107.wav,Bengali
train_bengalimale_00108.wav,Bengali
train_bengalimale_00109.wav,Bengali
train_bengalimale_00110.wav,Bengali
train_bengalimale_00111.wav,Bengali
train_bengalimale_00112.wav,Bengali
train_bengalimale_00113.wav,Bengali
train_bengalimale_00114.wav,Bengali
train_bengalimale_00115.wav,Bengali
train_bengalimale_00116.wav,Bengali
train_bengalimale_00117.wav,Bengali
train_bengalimale_00118.wav,Bengali
train_bengalimale_00119.wav,Bengali
train_bengalimale_00120.wav,Bengali
train_bengalimale_00121.wav,Bengali
train_bengalimale_00122.wav,Bengali
train_bengalimale_00123.wav,Bengali
train_bengalimale_00124.wav,Bengali
train_bengalimale_00125.wav,Bengali
train_bengalimale_00126.wav,Bengali
train_bengalimale_00127.wav,Bengali
train_bengalimale_00128.wav,Bengali
train_bengalimale_00129.wav,Bengali
train_bengalimale_00130.wav,Bengali
train_bengalimale_00131.wav,Bengali
train_bengalimale_00132.wav,Bengali
train_bengalimale_00133.wav,Bengali
train_bengalimale_00134.wav,Bengali
train_bengalimale_00135.wav,Bengali
train_bengalimale_00136.wav,Bengali
train_bengalimale_00137.wav,Bengali
train_bengalimale_00138.wav,Bengali
train_bengalimale_00139.wav,Bengali
train_bengalimale_00140.wav,Bengali
train_bengalimale_00141.wav,Bengali
train_bengalimale_00142.wav,Bengali
train_bengalimale_00143.wav,Bengali
train_bengalimale_00144.wav,Bengali
train_bengalimale_00145.wav,Bengali
train_bengalimale_00146.wav,Bengali
train_bengalimale_00147.wav,Bengali
train_bengalimale_00148.wav,Bengali
train_bengalimale_00149.wav,Bengali
train_bengalimale_00150.wav,Bengali
train_bengalimale_00151.wav,Bengali
train_bengalimale_00152.wav,Bengali
train_bengalimale_00153.wav,Bengali
train_bengalimale_00154.wav,Bengali
train_bengalimale_00155.wav,Bengali
train_bengalimale_00156.wav,Bengali
train_bengalimale_00157.wav,Bengali
train_bengalimale_00158.wav,Bengali
train_bengalimale_00159.wav,Bengali
train_bengalimale_00160.wav,Bengali
train_bengalimale_00161.wav,Bengali
train_bengalimale_00162.wav,Bengali
train_bengalimale_00163.wav,Bengali
train_bengalimale_00164.wav,Bengali
train_bengalimale_00165.wav,Bengali
train_bengalimale_00166.wav,Bengali
train_bengalimale_00167.wav,Bengali
train_bengalimale_00168.wav,Bengali
train_bengalimale_00169.wav,Bengali
train_bengalimale_00170.wav,Bengali
train_bengalimale_00171.wav,Bengali
train_bengalimale_00172.wav,Bengali
train_bengalimale_00173.wav,Bengali
train_bengalimale_00174.wav,Bengali
train_bengalimale_00175.wav,Bengali
train_bengalimale_00176.wav,Bengali
train_bengalimale_00177.wav,Bengali
train_bengalimale_00178.wav,Bengali
train_bengalimale_00179.wav,Bengali
train_bengalimale_00180.wav,Bengali
train_bengalimale_00181.wav,Bengali
train_bengalimale_00182.wav,Bengali
train_bengalimale_00183.wav,Bengali
train_bengalimale_00184.wav,Bengali
train_bengalimale_00185.wav,Bengali
train_bengalimale_00186.wav,Bengali
train_bengalimale_00187.wav,Bengali
train_bengalimale_00188.wav,Bengali
train_bengalimale_00189.wav,Bengali
train_bengalimale_00190.wav,Bengali
train_bengalimale_00191.wav,Bengali
train_bengalimale_00192.wav,Bengali
train_bengalimale_00193.wav,Bengali
train_bengalimale_00194.wav,Bengali
train_bengalimale_00195.wav,Bengali
train_bengalimale_00196.wav,Bengali
train_bengalimale_00197.wav,Bengali
train_bengalimale_00198.wav,Bengali
train_bengalimale_00199.wav,Bengali
train_bengalimale_00200.wav,Bengali
train_bengalimale_00201.wav,Bengali
train_bengalimale_00202.wav,Bengali
train_bengalimale_00203.wav,Bengali
train_bengalimale_00204.wav,Bengali
train_bengalimale_00205.wav,Bengali
train_bengalimale_00206.wav,Bengali
train_bengalimale_00207.wav,Bengali
train_bengalimale_00208.wav,Bengali
train_bengalimale_00209.wav,Bengali
train_bengalimale_00210.wav,Bengali
train_bengalimale_00211.wav,Bengali
train_bengalimale_00212.wav,Bengali
train_bengalimale_00213.wav,Bengali
train_bengalimale_00214.wav,Bengali
train_bengalimale_00215.wav,Bengali
train_bengalimale_00216.wav,Bengali
train_bengalimale_00217.wav,Bengali
train_bengalimale_00218.wav,Bengali
train_bengalimale_00219.wav,Bengali
train_bengalimale_00220.wav,Bengali
train_bengalimale_00221.wav,Bengali
train_bengalimale_00222.wav,Bengali
train_bengalimale_00223.wav,Bengali
train_bengalimale_00224.wav,Bengali
train_bengalimale_00225.wav,Bengali
train_bengalimale_00226.wav,Bengali
train_bengalimale_00227.wav,Bengali
train_bengalimale_00228.wav,Bengali
train_bengalimale_00229.wav,Bengali
train_bengalimale_00230.wav,Bengali
train_bengalimale_00231.wav,Bengali
train_bengalimale_00232.wav,Bengali
train_bengalimale_00233.wav,Bengali
train_bengalimale_00234.wav,Bengali
train_bengalimale_00235.wav,Bengali
train_bengalimale_00236.wav,Bengali
train_bengalimale_00237.wav,Bengali
train_bengalimale_00238.wav,Bengali
train_bengalimale_00239.wav,Bengali
train_bengalimale_00240.wav,Bengali
train_bengalimale_00241.wav,Bengali
train_bengalimale_00242.wav,Bengali
train_bengalimale_00243.wav,Bengali
train_bengalimale_00244.wav,Bengali
train_bengalimale_00245.wav,Bengali
train_bengalimale_00246.wav,Bengali
train_bengalimale_00247.wav,Bengali
train_bengalimale_00248.wav,Bengali
train_bengalimale_00249.wav,Bengali
train_bengalimale_00250.wav,Bengali
train_bengalimale_00251.wav,Bengali
train_bengalimale_00252.wav,Bengali
train_bengalimale_00253.wav,Bengali
train_bengalimale_00254.wav,Bengali
train_bengalimale_00255.wav,Bengali
train_bengalimale_00256.wav,Bengali
train_bengalimale_00257.wav,Bengali
train_bengalimale_00258.wav,Bengali
train_bengalimale_00259.wav,Bengali
train_bengalimale_00260.wav,Bengali
train_bengalimale_00261.wav,Bengali
train_bengalimale_00262.wav,Bengali
train_bengalimale_00263.wav,Bengali
train_bengalimale_00264.wav,Bengali
train_bengalimale_00265.wav,Bengali
train_bengalimale_00266.wav,Bengali
train_bengalimale_00267.wav,Bengali
train_bengalimale_00268.wav,Bengali
train_bengalimale_00269.wav,Bengali
train_bengalimale_00270.wav,Bengali
train_bengalimale_00271.wav,Bengali
train_bengalimale_00272.wav,Bengali
train_bengalimale_00273.wav,Bengali
train_bengalimale_00274.wav,Bengali
train_bengalimale_00275.wav,Bengali
train_bengalimale_00276.wav,Bengali
train_bengalimale_00277.wav,Bengali
train_bengalimale_00278.wav,Bengali
train_bengalimale_00279.wav,Bengali
train_bengalimale_00280.wav,Bengali
train_bengalimale_00281.wav,Bengali
train_bengalimale_00282.wav,Bengali
train_bengalimale_00283.wav,Bengali
train_bengalimale_00284.wav,Bengali
train_bengalimale_00285.wav,Bengali
train_bengalimale_00286.wav,Bengali
train_bengalimale_00287.wav,Bengali
train_bengalimale_00288.wav,Bengali
train_bengalimale_00289.wav,Bengali
train_bengalimale_00290.wav,Bengali
train_bengalimale_00291.wav,Bengali
train_bengalimale_00292.wav,Bengali
train_bengalimale_00293.wav,Bengali
train_bengalimale_00294.wav,Bengali
train_bengalimale_00295.wav,Bengali
train_bengalimale_00296.wav,Bengali
train_bengalimale_00297.wav,Bengali
train_bengalimale_00298.wav,Bengali
train_bengalimale_00299.wav,Bengali
train_bengalimale_00300.wav,Bengali
train_bengalimale_00301.wav,Bengali
train_bengalimale_00302.wav,Bengali
train_bengalimale_00303.wav,Bengali
train_bengalimale_00304.wav,Bengali
train_bengalimale_00305.wav,Bengali
train_bengalimale_00306.wav,Bengali
train_bengalimale_00307.wav,Bengali
train_bengalimale_00308.wav,Bengali
train_bengalimale_00309.wav,Bengali
train_bengalimale_00310.wav,Bengali
train_bengalimale_00311.wav,Bengali
train_bengalimale_00312.wav,Bengali
train_bengalimale_00313.wav,Bengali
train_bengalimale_00314.wav,Bengali
train_bengalimale_00315.wav,Bengali
train_bengalimale_00316.wav,Bengali
train_bengalimale_00317.wav,Bengali
train_bengalimale_00318.wav,Bengali
train_bengalimale_00319.wav,Bengali
train_bengalimale_00320.wav,Bengali
train_bengalimale_00321.wav,Bengali
train_bengalimale_00322.wav,Bengali
train_bengalimale_00323.wav,Bengali
train_bengalimale_00324.wav,Bengali
train_bengalimale_00325.wav,Bengali
train_bengalimale_00326.wav,Bengali
train_bengalimale_00327.wav,Bengali
train_bengalimale_00328.wav,Bengali
train_bengalimale_00329.wav,Bengali
train_bengalimale_00330.wav,Bengali
train_bengalimale_00331.wav,Bengali
train_bengalimale_00332.wav,Bengali
train_bengalimale_00333.wav,Bengali
train_bengalimale_00334.wav,Bengali
train_bengalimale_00335.wav,Bengali
train_bengalimale_00336.wav,Bengali
train_bengalimale_00337.wav,Bengali
train_bengalimale_00338.wav,Bengali
train_bengalimale_00339.wav,Bengali
train_bengalimale_00340.wav,Bengali
train_bengalimale_00341.wav,Bengali
train_bengalimale_00342.wav,Bengali
train_bengalimale_00343.wav,Bengali
train_bengalimale_00344.wav,Bengali
train_bengalimale_00345.wav,Bengali
train_bengalimale_00346.wav,Bengali
train_bengalimale_00347.wav,Bengali
train_bengalimale_00348.wav,Bengali
train_bengalimale_00349.wav,Bengali
train_bengalimale_00350.wav,Bengali
train_bengalimale_00351.wav,Bengali
train_bengalimale_00352.wav,Bengali
train_bengalimale_00353.wav,Bengali
train_bengalimale_00354.wav,Bengali
train_bengalimale_00355.wav,Bengali
train_bengalimale_00356.wav,Bengali
train_bengalimale_00357.wav,Bengali
train_bengalimale_00358.wav,Bengali
train_bengalimale_00359.wav,Bengali
train_bengalimale_00360.wav,Bengali
train_bengalimale_00361.wav,Bengali
train_bengalimale_00362.wav,Bengali
train_bengalimale_00363.wav,Bengali
train_bengalimale_00364.wav,Bengali
train_bengalimale_00365.wav,Bengali
train_bengalimale_00366.wav,Bengali
train_bengalimale_00367.wav,Bengali
train_bengalimale_00368.wav,Bengali
train_bengalimale_00369.wav,Bengali
train_bengalimale_00370.wav,Bengali
train_bengalimale_00371.wav,Bengali
train_bengalimale_00372.wav,Bengali
train_bengalimale_00373.wav,Bengali
train_bengalimale_00374.wav,Bengali
train_bengalimale_00375.wav,Bengali
train_bengalimale_00376.wav,Bengali
train_bengalimale_00377.wav,Bengali
train_bengalimale_00378.wav,Bengali
train_bengalimale_00379.wav,Bengali
train_bengalimale_00380.wav,Bengali
train_bengalimale_00381.wav,Bengali
train_bengalimale_00382.wav,Bengali
train_bengalimale_00383.wav,Bengali
train_bengalimale_00384.wav,Bengali
train_bengalimale_00385.wav,Bengali
train_bengalimale_00386.wav,Bengali
train_bengalimale_00387.wav,Bengali
train_bengalimale_00388.wav,Bengali
train_bengalimale_00389.wav,Bengali
train_bengalimale_00390.wav,Bengali
train_bengalimale_00391.wav,Bengali
train_bengalimale_00392.wav,Bengali
train_bengalimale_00393.wav,Bengali
train_bengalimale_00394.wav,Bengali
train_bengalimale_00395.wav,Bengali
train_bengalimale_00396.wav,Bengali
train_bengalimale_00397.wav,Bengali
train_bengalimale_00398.wav,Bengali
train_bengalimale_00399.wav,Bengali
train_bengalimale_00400.wav,Bengali
train_bengalimale_00401.wav,Bengali
train_bengalimale_00402.wav,Bengali
train_bengalimale_00403.wav,Bengali
train_bengalimale_00404.wav,Bengali
train_bengalimale_00405.wav,Bengali
train_bengalimale_00406.wav,Bengali
train_bengalimale_00407.wav,Bengali
train_bengalimale_00408.wav,Bengali
train_bengalimale_00409.wav,Bengali
train_bengalimale_00410.wav,Bengali
train_bengalimale_00411.wav,Bengali
train_bengalimale_00412.wav,Bengali
train_bengalimale_00413.wav,Bengali
train_bengalimale_00414.wav,Bengali
train_bengalimale_00415.wav,Bengali
train_bengalimale_00416.wav,Bengali
train_bengalimale_00417.wav,Bengali
train_bengalimale_00418.wav,Bengali
train_bengalimale_00419.wav,Bengali
train_bengalimale_00420.wav,Bengali
train_bengalimale_00421.wav,Bengali
train_bengalimale_00422.wav,Bengali
train_bengalimale_00423.wav,Bengali
train_bengalimale_00424.wav,Bengali
train_bengalimale_00425.wav,Bengali
train_bengalimale_00426.wav,Bengali
train_bengalimale_00427.wav,Bengali
train_bengalimale_00428.wav,Bengali
train_bengalimale_00429.wav,Bengali
train_bengalimale_00430.wav,Bengali
train_bengalimale_00431.wav,Bengali
train_bengalimale_00432.wav,Bengali
train_bengalimale_00433.wav,Bengali
train_bengalimale_00434.wav,Bengali
train_bengalimale_00435.wav,Bengali
train_bengalimale_00436.wav,Bengali
train_bengalimale_00437.wav,Bengali
train_bengalimale_00438.wav,Bengali
train_bengalimale_00439.wav,Bengali
train_bengalimale_00440.wav,Bengali
train_bengalimale_00441.wav,Bengali
train_bengalimale_00442.wav,Bengali
train_bengalimale_00443.wav,Bengali
train_bengalimale_00444.wav,Bengali
train_bengalimale_00445.wav,Bengali
train_bengalimale_00446.wav,Bengali
train_bengalimale_00447.wav,Bengali
train_bengalimale_00448.wav,Bengali
train_bengalimale_00449.wav,Bengali
train_bengalimale_00450.wav,Bengali
train_bengalimale_00451.wav,Bengali
train_bengalimale_00452.wav,Bengali
train_bengalimale_00453.wav,Bengali
train_bengalimale_00454.wav,Bengali
train_bengalimale_00455.wav,Bengali
train_bengalimale_00456.wav,Bengali
train_bengalimale_00457.wav,Bengali
train_bengalimale_00458.wav,Bengali
train_bengalimale_00459.wav,Bengali
train_bengalimale_00460.wav,Bengali
train_bengalimale_00461.wav,Bengali
train_bengalimale_00462.wav,Bengali
train_bengalimale_00463.wav,Bengali
train_bengalimale_00464.wav,Bengali
train_bengalimale_00465.wav,Bengali
train_bengalimale_00466.wav,Bengali
train_bengalimale_00467.wav,Bengali
train_bengalimale_00468.wav,Bengali
train_bengalimale_00469.wav,Bengali
train_bengalimale_00470.wav,Bengali
train_bengalimale_00471.wav,Bengali
train_bengalimale_00472.wav,Bengali
train_bengalimale_00473.wav,Bengali
train_bengalimale_00474.wav,Bengali
train_bengalimale_00475.wav,Bengali
train_bengalimale_00476.wav,Bengali
train_bengalimale_00477.wav,Bengali
train_bengalimale_00478.wav,Bengali
train_bengalimale_00479.wav,Bengali
train_bengalimale_00480.wav,Bengali
train_bengalimale_00481.wav,Bengali
train_bengalimale_00482.wav,Bengali
train_bengalimale_00483.wav,Bengali
train_bengalimale_00484.wav,Bengali
train_bengalimale_00485.wav,Bengali
train_bengalimale_00486.wav,Bengali
train_bengalimale_00487.wav,Bengali
train_bengalimale_00488.wav,Bengali
train_bengalimale_00489.wav,Bengali
train_bengalimale_00490.wav,Bengali
train_bengalimale_00491.wav,Bengali
train_bengalimale_00492.wav,Bengali
train_bengalimale_00493.wav,Bengali
train_bengalimale_00494.wav,Bengali
train_bengalimale_00495.wav,Bengali
train_bengalimale_00496.wav,Bengali
train_bengalimale_00497.wav,Bengali
train_bengalimale_00498.wav,Bengali
train_bengalimale_00499.wav,Bengali
train_bengalimale_00500.wav,Bengali
train_bengalimale_00501.wav,Bengali
train_bengalimale_00502.wav,Bengali
train_bengalimale_00503.wav,Bengali
train_bengalimale_00504.wav,Bengali
train_bengalimale_00505.wav,Bengali
train_bengalimale_00506.wav,Bengali
train_bengalimale_00507.wav,Bengali
train_bengalimale_00508.wav,Bengali
train_bengalimale_00509.wav,Bengali
train_bengalimale_00510.wav,Bengali
train_bengalimale_00511.wav,Bengali
train_bengalimale_00512.wav,Bengali
train_bengalimale_00513.wav,Bengali
train_bengalimale_00514.wav,Bengali
train_bengalimale_00515.wav,Bengali
train_bengalimale_00516.wav,Bengali
train_bengalimale_00517.wav,Bengali
train_bengalimale_00518.wav,Bengali
train_bengalimale_00519.wav,Bengali
train_bengalimale_00520.wav,Bengali
train_bengalimale_00521.wav,Bengali
train_bengalimale_00522.wav,Bengali
train_bengalimale_00523.wav,Bengali
train_bengalimale_00524.wav,Bengali
train_bengalimale_00525.wav,Bengali
train_bengalimale_00526.wav,Bengali
train_bengalimale_00527.wav,Bengali
train_bengalimale_00528.wav,Bengali
train_bengalimale_00529.wav,Bengali
train_bengalimale_00530.wav,Bengali
train_bengalimale_00531.wav,Bengali
train_bengalimale_00532.wav,Bengali
train_bengalimale_00533.wav,Bengali
train_bengalimale_00534.wav,Bengali
train_bengalimale_00535.wav,Bengali
train_bengalimale_00536.wav,Bengali
train_bengalimale_00537.wav,Bengali
train_bengalimale_00538.wav,Bengali
train_bengalimale_00539.wav,Bengali
train_bengalimale_00540.wav,Bengali
train_bengalimale_00541.wav,Bengali
train_bengalimale_00542.wav,Bengali
train_bengalimale_00543.wav,Bengali
train_bengalimale_00544.wav,Bengali
train_bengalimale_00545.wav,Bengali
train_bengalimale_00546.wav,Bengali
train_bengalimale_00547.wav,Bengali
train_bengalimale_00548.wav,Bengali
train_bengalimale_00549.wav,Bengali
train_bengalimale_00550.wav,Bengali
train_bengalimale_00551.wav,Bengali
train_bengalimale_00552.wav,Bengali
train_bengalimale_00553.wav,Bengali
train_bengalimale_00554.wav,Bengali
train_bengalimale_00555.wav,Bengali
train_bengalimale_00556.wav,Bengali
train_bengalimale_00557.wav,Bengali
train_bengalimale_00558.wav,Bengali
train_bengalimale_00559.wav,Bengali
train_bengalimale_00560.wav,Bengali
train_bengalimale_00561.wav,Bengali
train_bengalimale_00562.wav,Bengali
train_bengalimale_00563.wav,Bengali
train_bengalimale_00564.wav,Bengali
train_bengalimale_00565.wav,Bengali
train_bengalimale_00566.wav,Bengali
train_bengalimale_00567.wav,Bengali
train_bengalimale_00568.wav,Bengali
train_bengalimale_00569.wav,Bengali
train_bengalimale_00570.wav,Bengali
train_bengalimale_00571.wav,Bengali
train_bengalimale_00572.wav,Bengali
train_bengalimale_00573.wav,Bengali
train_bengalimale_00574.wav,Bengali
train_bengalimale_00575.wav,Bengali
train_bengalimale_00576.wav,Bengali
train_bengalimale_00577.wav,Bengali
train_bengalimale_00578.wav,Bengali
train_bengalimale_00579.wav,Bengali
train_bengalimale_00580.wav,Bengali
train_bengalimale_00581.wav,Bengali
train_bengalimale_00582.wav,Bengali
train_bengalimale_00583.wav,Bengali
train_bengalimale_00584.wav,Bengali
train_bengalimale_00585.wav,Bengali
train_bengalimale_00586.wav,Bengali
train_bengalimale_00587.wav,Bengali
train_bengalimale_00588.wav,Bengali
train_bengalimale_00589.wav,Bengali
train_bengalimale_00590.wav,Bengali
train_bengalimale_00591.wav,Bengali
train_bengalimale_00592.wav,Bengali
train_bengalimale_00593.wav,Bengali
train_bengalimale_00594.wav,Bengali
train_bengalimale_00595.wav,Bengali
train_bengalimale_00596.wav,Bengali
train_bengalimale_00597.wav,Bengali
train_bengalimale_00598.wav,Bengali
train_bengalimale_00599.wav,Bengali
train_bengalimale_00600.wav,Bengali
train_bengalimale_00601.wav,Bengali
train_bengalimale_00602.wav,Bengali
train_bengalimale_00603.wav,Bengali
train_bengalimale_00604.wav,Bengali
train_bengalimale_00605.wav,Bengali
train_bengalimale_00606.wav,Bengali
train_bengalimale_00607.wav,Bengali
train_bengalimale_00608.wav,Bengali
train_bengalimale_00609.wav,Bengali
train_bengalimale_00610.wav,Bengali
train_bengalimale_00611.wav,Bengali
train_bengalimale_00612.wav,Bengali
train_bengalimale_00613.wav,Bengali
train_bengalimale_00614.wav,Bengali
train_bengalimale_00615.wav,Bengali
train_bengalimale_00616.wav,Bengali
train_bengalimale_00617.wav,Bengali
train_bengalimale_00618.wav,Bengali
train_bengalimale_00619.wav,Bengali
train_bengalimale_00620.wav,Bengali
train_bengalimale_00621.wav,Bengali
train_bengalimale_00622.wav,Bengali
train_bengalimale_00623.wav,Bengali
train_bengalimale_00624.wav,Bengali
train_bengalimale_00625.wav,Bengali
train_bengalimale_00626.wav,Bengali
train_bengalimale_00627.wav,Bengali
train_bengalimale_00628.wav,Bengali
train_bengalimale_00629.wav,Bengali
train_bengalimale_00630.wav,Bengali
train_bengalimale_00631.wav,Bengali
train_bengalimale_00632.wav,Bengali
train_bengalimale_00633.wav,Bengali
train_bengalimale_00634.wav,Bengali
train_bengalimale_00635.wav,Bengali
train_bengalimale_00636.wav,Bengali
train_bengalimale_00637.wav,Bengali
train_bengalimale_00638.wav,Bengali
train_bengalimale_00639.wav,Bengali
train_bengalimale_00640.wav,Bengali
train_bengalimale_00641.wav,Bengali
train_bengalimale_00642.wav,Bengali
train_bengalimale_00643.wav,Bengali
train_bengalimale_00644.wav,Bengali
train_bengalimale_00645.wav,Bengali
train_bengalimale_00646.wav,Bengali
train_bengalimale_00647.wav,Bengali
train_bengalimale_00648.wav,Bengali
train_bengalimale_00649.wav,Bengali
train_bengalimale_00650.wav,Bengali
train_bengalimale_00651.wav,Bengali
train_bengalimale_00652.wav,Bengali
train_bengalimale_00653.wav,Bengali
train_bengalimale_00654.wav,Bengali
train_bengalimale_00655.wav,Bengali
train_bengalimale_00656.wav,Bengali
train_bengalimale_00657.wav,Bengali
train_bengalimale_00658.wav,Bengali
train_bengalimale_00659.wav,Bengali
train_bengalimale_00660.wav,Bengali
train_bengalimale_00661.wav,Bengali
train_bengalimale_00662.wav,Bengali
train_bengalimale_00663.wav,Bengali
train_bengalimale_00664.wav,Bengali
train_bengalimale_00665.wav,Bengali
train_bengalimale_00666.wav,Bengali
train_bengalimale_00667.wav,Bengali
train_bengalimale_00668.wav,Bengali
train_bengalimale_00669.wav,Bengali
train_bengalimale_00670.wav,Bengali
train_bengalimale_00671.wav,Bengali
train_bengalimale_00672.wav,Bengali
train_bengalimale_00673.wav,Bengali
train_bengalimale_00674.wav,Bengali
train_bengalimale_00675.wav,Bengali
train_bengalimale_00676.wav,Bengali
train_bengalimale_00677.wav,Bengali
train_bengalimale_00678.wav,Bengali
train_bengalimale_00679.wav,Bengali
train_bengalimale_00680.wav,Bengali
train_bengalimale_00681.wav,Bengali
train_bengalimale_00682.wav,Bengali
train_bengalimale_00683.wav,Bengali
train_bengalimale_00684.wav,Bengali
train_bengalimale_00685.wav,Bengali
train_bengalimale_00686.wav,Bengali
train_bengalimale_00687.wav,Bengali
train_bengalimale_00688.wav,Bengali
train_bengalimale_00689.wav,Bengali
train_bengalimale_00690.wav,Bengali
train_bengalimale_00691.wav,Bengali
train_bengalimale_00692.wav,Bengali
train_bengalimale_00693.wav,Bengali
train_bengalimale_00694.wav,Bengali
train_bengalimale_00695.wav,Bengali
train_bengalimale_00696.wav,Bengali
train_bengalimale_00697.wav,Bengali
train_bengalimale_00698.wav,Bengali
train_bengalimale_00699.wav,Bengali
train_bengalimale_00700.wav,Bengali
train_bengalimale_00701.wav,Bengali
train_bengalimale_00702.wav,Bengali
train_bengalimale_00703.wav,Bengali
train_bengalimale_00704.wav,Bengali
train_bengalimale_00705.wav,Bengali
train_bengalimale_00706.wav,Bengali
train_bengalimale_00707.wav,Bengali
train_bengalimale_00708.wav,Bengali
train_bengalimale_00709.wav,Bengali
train_bengalimale_00710.wav,Bengali
train_bengalimale_00711.wav,Bengali
train_bengalimale_00712.wav,Bengali
train_bengalimale_00713.wav,Bengali
train_bengalimale_00714.wav,Bengali
train_bengalimale_00715.wav,Bengali
train_bengalimale_00716.wav,Bengali
train_bengalimale_00717.wav,Bengali
train_bengalimale_00718.wav,Bengali
train_bengalimale_00719.wav,Bengali
train_bengalimale_00720.wav,Bengali
train_bengalimale_00721.wav,Bengali
train_bengalimale_00722.wav,Bengali
train_bengalimale_00723.wav,Bengali
train_bengalimale_00724.wav,Bengali
train_bengalimale_00725.wav,Bengali
train_bengalimale_00726.wav,Bengali
train_bengalimale_00727.wav,Bengali
train_bengalimale_00728.wav,Bengali
train_bengalimale_00729.wav,Bengali
train_bengalimale_00730.wav,Bengali
train_bengalimale_00731.wav,Bengali
train_bengalimale_00732.wav,Bengali
train_bengalimale_00733.wav,Bengali
train_bengalimale_00734.wav,Bengali
train_bengalimale_00735.wav,Bengali
train_bengalimale_00736.wav,Bengali
train_bengalimale_00737.wav,Bengali
train_bengalimale_00738.wav,Bengali
train_bengalimale_00739.wav,Bengali
train_bengalimale_00740.wav,Bengali
train_bengalimale_00741.wav,Bengali
train_bengalimale_00742.wav,Bengali
train_bengalimale_00743.wav,Bengali
train_bengalimale_00744.wav,Bengali
train_bengalimale_00745.wav,Bengali
train_bengalimale_00746.wav,Bengali
train_bengalimale_00747.wav,Bengali
train_bengalimale_00748.wav,Bengali
train_bengalimale_00749.wav,Bengali
train_bengalimale_00750.wav,Bengali
train_bengalimale_00751.wav,Bengali
train_bengalimale_00752.wav,Bengali
train_bengalimale_00753.wav,Bengali
train_bengalimale_00754.wav,Bengali
train_bengalimale_00755.wav,Bengali
train_bengalimale_00756.wav,Bengali
train_bengalimale_00757.wav,Bengali
train_bengalimale_00758.wav,Bengali
train_bengalimale_00759.wav,Bengali
train_bengalimale_00760.wav,Bengali
train_bengalimale_00761.wav,Bengali
train_bengalimale_00762.wav,Bengali
train_bengalimale_00763.wav,Bengali
train_bengalimale_00764.wav,Bengali
train_bengalimale_00765.wav,Bengali
train_bengalimale_00766.wav,Bengali
train_bengalimale_00767.wav,Bengali
train_bengalimale_00768.wav,Bengali
train_bengalimale_00769.wav,Bengali
train_bengalimale_00770.wav,Bengali
train_bengalimale_00771.wav,Bengali
train_bengalimale_00772.wav,Bengali
train_bengalimale_00773.wav,Bengali
train_bengalimale_00774.wav,Bengali
train_bengalimale_00775.wav,Bengali
train_bengalimale_00776.wav,Bengali
train_bengalimale_00777.wav,Bengali
train_bengalimale_00778.wav,Bengali
train_bengalimale_00779.wav,Bengali
train_bengalimale_00780.wav,Bengali
train_bengalimale_00781.wav,Bengali
train_bengalimale_00782.wav,Bengali
train_bengalimale_00783.wav,Bengali
train_bengalimale_00784.wav,Bengali
train_bengalimale_00785.wav,Bengali
train_bengalimale_00786.wav,Bengali
train_bengalimale_00787.wav,Bengali
train_bengalimale_00788.wav,Bengali
train_bengalimale_00789.wav,Bengali
train_bengalimale_00790.wav,Bengali
train_bengalimale_00791.wav,Bengali
train_bengalimale_00792.wav,Bengali
train_bengalimale_00793.wav,Bengali
train_bengalimale_00794.wav,Bengali
train_bengalimale_00795.wav,Bengali
train_bengalimale_00796.wav,Bengali
train_bengalimale_00797.wav,Bengali
train_bengalimale_00798.wav,Bengali
train_bengalimale_00799.wav,Bengali
train_bengalimale_00800.wav,Bengali
train_bengalimale_00801.wav,Bengali
train_bengalimale_00802.wav,Bengali
train_bengalimale_00803.wav,Bengali
train_bengalimale_00804.wav,Bengali
train_bengalimale_00805.wav,Bengali
train_bengalimale_00806.wav,Bengali
train_bengalimale_00807.wav,Bengali
train_bengalimale_00808.wav,Bengali
train_bengalimale_00809.wav,Bengali
train_bengalimale_00810.wav,Bengali
train_bengalimale_00811.wav,Bengali
train_bengalimale_00812.wav,Bengali
train_bengalimale_00813.wav,Bengali
train_bengalimale_00814.wav,Bengali
train_bengalimale_00815.wav,Bengali
train_bengalimale_00816.wav,Bengali
train_bengalimale_00817.wav,Bengali
train_bengalimale_00818.wav,Bengali
train_bengalimale_00819.wav,Bengali
train_bengalimale_00820.wav,Bengali
train_bengalimale_00821.wav,Bengali
train_bengalimale_00822.wav,Bengali
train_bengalimale_00823.wav,Bengali
train_bengalimale_00824.wav,Bengali
train_bengalimale_00825.wav,Bengali
train_bengalimale_00826.wav,Bengali
train_bengalimale_00827.wav,Bengali
train_bengalimale_00828.wav,Bengali
train_bengalimale_00829.wav,Bengali
train_bengalimale_00830.wav,Bengali
train_bengalimale_00831.wav,Bengali
train_bengalimale_00832.wav,Bengali
train_bengalimale_00833.wav,Bengali
train_bengalimale_00834.wav,Bengali
train_bengalimale_00835.wav,Bengali
train_bengalimale_00836.wav,Bengali
train_bengalimale_00837.wav,Bengali
train_bengalimale_00838.wav,Bengali
train_bengalimale_00839.wav,Bengali
train_bengalimale_00840.wav,Bengali
train_bengalimale_00841.wav,Bengali
train_bengalimale_00842.wav,Bengali
train_bengalimale_00843.wav,Bengali
train_bengalimale_00844.wav,Bengali
train_bengalimale_00845.wav,Bengali
train_bengalimale_00846.wav,Bengali
train_bengalimale_00847.wav,Bengali
train_bengalimale_00848.wav,Bengali
train_bengalimale_00849.wav,Bengali
train_bengalimale_00850.wav,Bengali
train_bengalimale_00851.wav,Bengali
train_bengalimale_00852.wav,Bengali
train_bengalimale_00853.wav,Bengali
train_bengalimale_00854.wav,Bengali
train_bengalimale_00855.wav,Bengali
train_bengalimale_00856.wav,Bengali
train_bengalimale_00857.wav,Bengali
train_bengalimale_00858.wav,Bengali
train_bengalimale_00859.wav,Bengali
train_bengalimale_00860.wav,Bengali
train_bengalimale_00861.wav,Bengali
train_bengalimale_00862.wav,Bengali
train_bengalimale_00863.wav,Bengali
train_bengalimale_00864.wav,Bengali
train_bengalimale_00865.wav,Bengali
train_bengalimale_00866.wav,Bengali
train_bengalimale_00867.wav,Bengali
train_bengalimale_00868.wav,Bengali
train_bengalimale_00869.wav,Bengali
train_bengalimale_00870.wav,Bengali
train_bengalimale_00871.wav,Bengali
train_bengalimale_00872.wav,Bengali
train_bengalimale_00873.wav,Bengali
train_bengalimale_00874.wav,Bengali
train_bengalimale_00875.wav,Bengali
train_bengalimale_00876.wav,Bengali
train_bengalimale_00877.wav,Bengali
train_bengalimale_00878.wav,Bengali
train_bengalimale_00879.wav,Bengali
train_bengalimale_00880.wav,Bengali
train_bengalimale_00881.wav,Bengali
train_bengalimale_00882.wav,Bengali
train_bengalimale_00883.wav,Bengali
train_bengalimale_00884.wav,Bengali
train_bengalimale_00885.wav,Bengali
train_bengalimale_00886.wav,Bengali
train_bengalimale_00887.wav,Bengali
train_bengalimale_00888.wav,Bengali
train_bengalimale_00889.wav,Bengali
train_bengalimale_00890.wav,Bengali
train_bengalimale_00891.wav,Bengali
train_bengalimale_00892.wav,Bengali
train_bengalimale_00893.wav,Bengali
train_bengalimale_00894.wav,Bengali
train_bengalimale_00895.wav,Bengali
train_bengalimale_00896.wav,Bengali
train_bengalimale_00897.wav,Bengali
train_bengalimale_00898.wav,Bengali
train_bengalimale_00899.wav,Bengali
train_bengalimale_00900.wav,Bengali
train_bengalimale_00901.wav,Bengali
train_bengalimale_00902.wav,Bengali
train_bengalimale_00903.wav,Bengali
train_bengalimale_00904.wav,Bengali
train_bengalimale_00905.wav,Bengali
train_bengalimale_00906.wav,Bengali
train_bengalimale_00907.wav,Bengali
train_bengalimale_00908.wav,Bengali
train_bengalimale_00909.wav,Bengali
train_bengalimale_00910.wav,Bengali
train_bengalimale_00911.wav,Bengali
train_bengalimale_00912.wav,Bengali
train_bengalimale_00913.wav,Bengali
train_bengalimale_00914.wav,Bengali
train_bengalimale_00915.wav,Bengali
train_bengalimale_00916.wav,Bengali
train_bengalimale_00917.wav,Bengali
train_bengalimale_00918.wav,Bengali
train_bengalimale_00919.wav,Bengali
train_bengalimale_00920.wav,Bengali
train_bengalimale_00921.wav,Bengali
train_bengalimale_00922.wav,Bengali
train_bengalimale_00923.wav,Bengali
train_bengalimale_00924.wav,Bengali
train_bengalimale_00925.wav,Bengali
train_bengalimale_00926.wav,Bengali
train_bengalimale_00927.wav,Bengali
train_bengalimale_00928.wav,Bengali
train_bengalimale_00929.wav,Bengali
train_bengalimale_00930.wav,Bengali
train_bengalimale_00931.wav,Bengali
train_bengalimale_00932.wav,Bengali
train_bengalimale_00933.wav,Bengali
train_bengalimale_00934.wav,Bengali
train_bengalimale_00935.wav,Bengali
train_bengalimale_00936.wav,Bengali
train_bengalimale_00937.wav,Bengali
train_bengalimale_00938.wav,Bengali
train_bengalimale_00939.wav,Bengali
train_bengalimale_00940.wav,Bengali
train_bengalimale_00941.wav,Bengali
train_bengalimale_00942.wav,Bengali
train_bengalimale_00943.wav,Bengali
train_bengalimale_00944.wav,Bengali
train_bengalimale_00945.wav,Bengali
train_bengalimale_00946.wav,Bengali
train_bengalimale_00947.wav,Bengali
train_bengalimale_00948.wav,Bengali
train_bengalimale_00949.wav,Bengali
train_bengalimale_00950.wav,Bengali
train_bengalimale_00951.wav,Bengali
train_bengalimale_00952.wav,Bengali
train_bengalimale_00953.wav,Bengali
train_bengalimale_00954.wav,Bengali
train_bengalimale_00955.wav,Bengali
train_bengalimale_00956.wav,Bengali
train_bengalimale_00957.wav,Bengali
train_bengalimale_00958.wav,Bengali
train_bengalimale_00959.wav,Bengali
train_bengalimale_00960.wav,Bengali
train_bengalimale_00961.wav,Bengali
train_bengalimale_00962.wav,Bengali
train_bengalimale_00963.wav,Bengali
train_bengalimale_00964.wav,Bengali
train_bengalimale_00965.wav,Bengali
train_bengalimale_00966.wav,Bengali
train_bengalimale_00967.wav,Bengali
train_bengalimale_00968.wav,Bengali
train_bengalimale_00969.wav,Bengali
train_bengalimale_00970.wav,Bengali
train_bengalimale_00971.wav,Bengali
train_bengalimale_00972.wav,Bengali
train_bengalimale_00973.wav,Bengali
train_bengalimale_00974.wav,Bengali
train_bengalimale_00975.wav,Bengali
train_bengalimale_00976.wav,Bengali
train_bengalimale_00977.wav,Bengali
train_bengalimale_00978.wav,Bengali
train_bengalimale_00979.wav,Bengali
train_bengalimale_00980.wav,Bengali
train_bengalimale_00981.wav,Bengali
train_bengalimale_00982.wav,Bengali
train_bengalimale_00983.wav,Bengali
train_bengalimale_00984.wav,Bengali
train_bengalimale_00985.wav,Bengali
train_bengalimale_00986.wav,Bengali
train_bengalimale_00987.wav,Bengali
train_bengalimale_00988.wav,Bengali
train_bengalimale_00989.wav,Bengali
train_bengalimale_00990.wav,Bengali
train_bengalimale_00991.wav,Bengali
train_bengalimale_00992.wav,Bengali
train_bengalimale_00993.wav,Bengali
train_bengalimale_00994.wav,Bengali
train_bengalimale_00995.wav,Bengali
train_bengalimale_00996.wav,Bengali
train_bengalimale_00997.wav,Bengali
train_bengalimale_00998.wav,Bengali
train_bengalimale_00999.wav,Bengali
train_bengalimale_01000.wav,Bengali
train_gujaratifemale_00001.wav,Gujarati
train_gujaratifemale_00002.wav,Gujarati
train_gujaratifemale_00003.wav,Gujarati
train_gujaratifemale_00004.wav,Gujarati
train_gujaratifemale_00005.wav,Gujarati
train_gujaratifemale_00006.wav,Gujarati
train_gujaratifemale_00007.wav,Gujarati
train_gujaratifemale_00008.wav,Gujarati
train_gujaratifemale_00009.wav,Gujarati
train_gujaratifemale_00010.wav,Gujarati
train_gujaratifemale_00011.wav,Gujarati
train_gujaratifemale_00012.wav,Gujarati
train_gujaratifemale_00013.wav,Gujarati
train_gujaratifemale_00014.wav,Gujarati
train_gujaratifemale_00015.wav,Gujarati
train_gujaratifemale_00016.wav,Gujarati
train_gujaratifemale_00017.wav,Gujarati
train_gujaratifemale_00018.wav,Gujarati
train_gujaratifemale_00019.wav,Gujarati
train_gujaratifemale_00020.wav,Gujarati
train_gujaratifemale_00021.wav,Gujarati
train_gujaratifemale_00022.wav,Gujarati
train_gujaratifemale_00023.wav,Gujarati
train_gujaratifemale_00024.wav,Gujarati
train_gujaratifemale_00025.wav,Gujarati
train_gujaratifemale_00026.wav,Gujarati
train_gujaratifemale_00027.wav,Gujarati
train_gujaratifemale_00028.wav,Gujarati
train_gujaratifemale_00029.wav,Gujarati
train_gujaratifemale_00030.wav,Gujarati
train_gujaratifemale_00031.wav,Gujarati
train_gujaratifemale_00032.wav,Gujarati
train_gujaratifemale_00033.wav,Gujarati
train_gujaratifemale_00034.wav,Gujarati
train_gujaratifemale_00035.wav,Gujarati
train_gujaratifemale_00036.wav,Gujarati
train_gujaratifemale_00037.wav,Gujarati
train_gujaratifemale_00038.wav,Gujarati
train_gujaratifemale_00039.wav,Gujarati
train_gujaratifemale_00040.wav,Gujarati
train_gujaratifemale_00041.wav,Gujarati
train_gujaratifemale_00042.wav,Gujarati
train_gujaratifemale_00043.wav,Gujarati
train_gujaratifemale_00044.wav,Gujarati
train_gujaratifemale_00045.wav,Gujarati
train_gujaratifemale_00046.wav,Gujarati
train_gujaratifemale_00047.wav,Gujarati
train_gujaratifemale_00048.wav,Gujarati
train_gujaratifemale_00049.wav,Gujarati
train_gujaratifemale_00050.wav,Gujarati
train_gujaratifemale_00051.wav,Gujarati
train_gujaratifemale_00052.wav,Gujarati
train_gujaratifemale_00053.wav,Gujarati
train_gujaratifemale_00054.wav,Gujarati
train_gujaratifemale_00055.wav,Gujarati
train_gujaratifemale_00056.wav,Gujarati
train_gujaratifemale_00057.wav,Gujarati
train_gujaratifemale_00058.wav,Gujarati
train_gujaratifemale_00059.wav,Gujarati
train_gujaratifemale_00060.wav,Gujarati
train_gujaratifemale_00061.wav,Gujarati
train_gujaratifemale_00062.wav,Gujarati
train_gujaratifemale_00063.wav,Gujarati
train_gujaratifemale_00064.wav,Gujarati
train_gujaratifemale_00065.wav,Gujarati
train_gujaratifemale_00066.wav,Gujarati
train_gujaratifemale_00067.wav,Gujarati
train_gujaratifemale_00068.wav,Gujarati
train_gujaratifemale_00069.wav,Gujarati
train_gujaratifemale_00070.wav,Gujarati
train_gujaratifemale_00071.wav,Gujarati
train_gujaratifemale_00072.wav,Gujarati
train_gujaratifemale_00073.wav,Gujarati
train_gujaratifemale_00074.wav,Gujarati
train_gujaratifemale_00075.wav,Gujarati
train_gujaratifemale_00076.wav,Gujarati
train_gujaratifemale_00077.wav,Gujarati
train_gujaratifemale_00078.wav,Gujarati
train_gujaratifemale_00079.wav,Gujarati
train_gujaratifemale_00080.wav,Gujarati
train_gujaratifemale_00081.wav,Gujarati
train_gujaratifemale_00082.wav,Gujarati
train_gujaratifemale_00083.wav,Gujarati
train_gujaratifemale_00084.wav,Gujarati
train_gujaratifemale_00085.wav,Gujarati
train_gujaratifemale_00086.wav,Gujarati
train_gujaratifemale_00087.wav,Gujarati
train_gujaratifemale_00088.wav,Gujarati
train_gujaratifemale_00089.wav,Gujarati
train_gujaratifemale_00090.wav,Gujarati
train_gujaratifemale_00091.wav,Gujarati
train_gujaratifemale_00092.wav,Gujarati
train_gujaratifemale_00093.wav,Gujarati
train_gujaratifemale_00094.wav,Gujarati
train_gujaratifemale_00095.wav,Gujarati
train_gujaratifemale_00096.wav,Gujarati
train_gujaratifemale_00097.wav,Gujarati
train_gujaratifemale_00098.wav,Gujarati
train_gujaratifemale_00099.wav,Gujarati
train_gujaratifemale_00100.wav,Gujarati
train_gujaratifemale_00101.wav,Gujarati
train_gujaratifemale_00102.wav,Gujarati
train_gujaratifemale_00103.wav,Gujarati
train_gujaratifemale_00104.wav,Gujarati
train_gujaratifemale_00105.wav,Gujarati
train_gujaratifemale_00106.wav,Gujarati
train_gujaratifemale_00107.wav,Gujarati
train_gujaratifemale_00108.wav,Gujarati
train_gujaratifemale_00109.wav,Gujarati
train_gujaratifemale_00110.wav,Gujarati
train_gujaratifemale_00111.wav,Gujarati
train_gujaratifemale_00112.wav,Gujarati
train_gujaratifemale_00113.wav,Gujarati
train_gujaratifemale_00114.wav,Gujarati
train_gujaratifemale_00115.wav,Gujarati
train_gujaratifemale_00116.wav,Gujarati
train_gujaratifemale_00117.wav,Gujarati
train_gujaratifemale_00118.wav,Gujarati
train_gujaratifemale_00119.wav,Gujarati
train_gujaratifemale_00120.wav,Gujarati
train_gujaratifemale_00121.wav,Gujarati
train_gujaratifemale_00122.wav,Gujarati
train_gujaratifemale_00123.wav,Gujarati
train_gujaratifemale_00124.wav,Gujarati
train_gujaratifemale_00125.wav,Gujarati
train_gujaratifemale_00126.wav,Gujarati
train_gujaratifemale_00127.wav,Gujarati
train_gujaratifemale_00128.wav,Gujarati
train_gujaratifemale_00129.wav,Gujarati
train_gujaratifemale_00130.wav,Gujarati
train_gujaratifemale_00131.wav,Gujarati
train_gujaratifemale_00132.wav,Gujarati
train_gujaratifemale_00133.wav,Gujarati
train_gujaratifemale_00134.wav,Gujarati
train_gujaratifemale_00135.wav,Gujarati
train_gujaratifemale_00136.wav,Gujarati
train_gujaratifemale_00137.wav,Gujarati
train_gujaratifemale_00138.wav,Gujarati
train_gujaratifemale_00139.wav,Gujarati
train_gujaratifemale_00140.wav,Gujarati
train_gujaratifemale_00141.wav,Gujarati
train_gujaratifemale_00142.wav,Gujarati
train_gujaratifemale_00143.wav,Gujarati
train_gujaratifemale_00144.wav,Gujarati
train_gujaratifemale_00145.wav,Gujarati
train_gujaratifemale_00146.wav,Gujarati
train_gujaratifemale_00147.wav,Gujarati
train_gujaratifemale_00148.wav,Gujarati
train_gujaratifemale_00149.wav,Gujarati
train_gujaratifemale_00150.wav,Gujarati
train_gujaratifemale_00151.wav,Gujarati
train_gujaratifemale_00152.wav,Gujarati
train_gujaratifemale_00153.wav,Gujarati
train_gujaratifemale_00154.wav,Gujarati
train_gujaratifemale_00155.wav,Gujarati
train_gujaratifemale_00156.wav,Gujarati
train_gujaratifemale_00157.wav,Gujarati
train_gujaratifemale_00158.wav,Gujarati
train_gujaratifemale_00159.wav,Gujarati
train_gujaratifemale_00160.wav,Gujarati
train_gujaratifemale_00161.wav,Gujarati
train_gujaratifemale_00162.wav,Gujarati
train_gujaratifemale_00163.wav,Gujarati
train_gujaratifemale_00164.wav,Gujarati
train_gujaratifemale_00165.wav,Gujarati
train_gujaratifemale_00166.wav,Gujarati
train_gujaratifemale_00167.wav,Gujarati
train_gujaratifemale_00168.wav,Gujarati
train_gujaratifemale_00169.wav,Gujarati
train_gujaratifemale_00170.wav,Gujarati
train_gujaratifemale_00171.wav,Gujarati
train_gujaratifemale_00172.wav,Gujarati
train_gujaratifemale_00173.wav,Gujarati
train_gujaratifemale_00174.wav,Gujarati
train_gujaratifemale_00175.wav,Gujarati
train_gujaratifemale_00176.wav,Gujarati
train_gujaratifemale_00177.wav,Gujarati
train_gujaratifemale_00178.wav,Gujarati
train_gujaratifemale_00179.wav,Gujarati
train_gujaratifemale_00180.wav,Gujarati
train_gujaratifemale_00181.wav,Gujarati
train_gujaratifemale_00182.wav,Gujarati
train_gujaratifemale_00183.wav,Gujarati
train_gujaratifemale_00184.wav,Gujarati
train_gujaratifemale_00185.wav,Gujarati
train_gujaratifemale_00186.wav,Gujarati
train_gujaratifemale_00187.wav,Gujarati
train_gujaratifemale_00188.wav,Gujarati
train_gujaratifemale_00189.wav,Gujarati
train_gujaratifemale_00190.wav,Gujarati
train_gujaratifemale_00191.wav,Gujarati
train_gujaratifemale_00192.wav,Gujarati
train_gujaratifemale_00193.wav,Gujarati
train_gujaratifemale_00194.wav,Gujarati
train_gujaratifemale_00195.wav,Gujarati
train_gujaratifemale_00196.wav,Gujarati
train_gujaratifemale_00197.wav,Gujarati
train_gujaratifemale_00198.wav,Gujarati
train_gujaratifemale_00199.wav,Gujarati
train_gujaratifemale_00200.wav,Gujarati
train_gujaratifemale_00201.wav,Gujarati
train_gujaratifemale_00202.wav,Gujarati
train_gujaratifemale_00203.wav,Gujarati
train_gujaratifemale_00204.wav,Gujarati
train_gujaratifemale_00205.wav,Gujarati
train_gujaratifemale_00206.wav,Gujarati
train_gujaratifemale_00207.wav,Gujarati
train_gujaratifemale_00208.wav,Gujarati
train_gujaratifemale_00209.wav,Gujarati
train_gujaratifemale_00210.wav,Gujarati
train_gujaratifemale_00211.wav,Gujarati
train_gujaratifemale_00212.wav,Gujarati
train_gujaratifemale_00213.wav,Gujarati
train_gujaratifemale_00214.wav,Gujarati
train_gujaratifemale_00215.wav,Gujarati
train_gujaratifemale_00216.wav,Gujarati
train_gujaratifemale_00217.wav,Gujarati
train_gujaratifemale_00218.wav,Gujarati
train_gujaratifemale_00219.wav,Gujarati
train_gujaratifemale_00220.wav,Gujarati
train_gujaratifemale_00221.wav,Gujarati
train_gujaratifemale_00222.wav,Gujarati
train_gujaratifemale_00223.wav,Gujarati
train_gujaratifemale_00224.wav,Gujarati
train_gujaratifemale_00225.wav,Gujarati
train_gujaratifemale_00226.wav,Gujarati
train_gujaratifemale_00227.wav,Gujarati
train_gujaratifemale_00228.wav,Gujarati
train_gujaratifemale_00229.wav,Gujarati
train_gujaratifemale_00230.wav,Gujarati
train_gujaratifemale_00231.wav,Gujarati
train_gujaratifemale_00232.wav,Gujarati
train_gujaratifemale_00233.wav,Gujarati
train_gujaratifemale_00234.wav,Gujarati
train_gujaratifemale_00235.wav,Gujarati
train_gujaratifemale_00236.wav,Gujarati
train_gujaratifemale_00237.wav,Gujarati
train_gujaratifemale_00238.wav,Gujarati
train_gujaratifemale_00239.wav,Gujarati
train_gujaratifemale_00240.wav,Gujarati
train_gujaratifemale_00241.wav,Gujarati
train_gujaratifemale_00242.wav,Gujarati
train_gujaratifemale_00243.wav,Gujarati
train_gujaratifemale_00244.wav,Gujarati
train_gujaratifemale_00245.wav,Gujarati
train_gujaratifemale_00246.wav,Gujarati
train_gujaratifemale_00247.wav,Gujarati
train_gujaratifemale_00248.wav,Gujarati
train_gujaratifemale_00249.wav,Gujarati
train_gujaratifemale_00250.wav,Gujarati
train_gujaratifemale_00251.wav,Gujarati
train_gujaratifemale_00252.wav,Gujarati
train_gujaratifemale_00253.wav,Gujarati
train_gujaratifemale_00254.wav,Gujarati
train_gujaratifemale_00255.wav,Gujarati
train_gujaratifemale_00256.wav,Gujarati
train_gujaratifemale_00257.wav,Gujarati
train_gujaratifemale_00258.wav,Gujarati
train_gujaratifemale_00259.wav,Gujarati
train_gujaratifemale_00260.wav,Gujarati
train_gujaratifemale_00261.wav,Gujarati
train_gujaratifemale_00262.wav,Gujarati
train_gujaratifemale_00263.wav,Gujarati
train_gujaratifemale_00264.wav,Gujarati
train_gujaratifemale_00265.wav,Gujarati
train_gujaratifemale_00266.wav,Gujarati
train_gujaratifemale_00267.wav,Gujarati
train_gujaratifemale_00268.wav,Gujarati
train_gujaratifemale_00269.wav,Gujarati
train_gujaratifemale_00270.wav,Gujarati
train_gujaratifemale_00271.wav,Gujarati
train_gujaratifemale_00272.wav,Gujarati
train_gujaratifemale_00273.wav,Gujarati
train_gujaratifemale_00274.wav,Gujarati
train_gujaratifemale_00275.wav,Gujarati
train_gujaratifemale_00276.wav,Gujarati
train_gujaratifemale_00277.wav,Gujarati
train_gujaratifemale_00278.wav,Gujarati
train_gujaratifemale_00279.wav,Gujarati
train_gujaratifemale_00280.wav,Gujarati
train_gujaratifemale_00281.wav,Gujarati
train_gujaratifemale_00282.wav,Gujarati
train_gujaratifemale_00283.wav,Gujarati
train_gujaratifemale_00284.wav,Gujarati
train_gujaratifemale_00285.wav,Gujarati
train_gujaratifemale_00286.wav,Gujarati
train_gujaratifemale_00287.wav,Gujarati
train_gujaratifemale_00288.wav,Gujarati
train_gujaratifemale_00289.wav,Gujarati
train_gujaratifemale_00290.wav,Gujarati
train_gujaratifemale_00291.wav,Gujarati
train_gujaratifemale_00292.wav,Gujarati
train_gujaratifemale_00293.wav,Gujarati
train_gujaratifemale_00294.wav,Gujarati
train_gujaratifemale_00295.wav,Gujarati
train_gujaratifemale_00296.wav,Gujarati
train_gujaratifemale_00297.wav,Gujarati
train_gujaratifemale_00298.wav,Gujarati
train_gujaratifemale_00299.wav,Gujarati
train_gujaratifemale_00300.wav,Gujarati
train_gujaratifemale_00301.wav,Gujarati
train_gujaratifemale_00302.wav,Gujarati
train_gujaratifemale_00303.wav,Gujarati
train_gujaratifemale_00304.wav,Gujarati
train_gujaratifemale_00305.wav,Gujarati
train_gujaratifemale_00306.wav,Gujarati
train_gujaratifemale_00307.wav,Gujarati
train_gujaratifemale_00308.wav,Gujarati
train_gujaratifemale_00309.wav,Gujarati
train_gujaratifemale_00310.wav,Gujarati
train_gujaratifemale_00311.wav,Gujarati
train_gujaratifemale_00312.wav,Gujarati
train_gujaratifemale_00313.wav,Gujarati
train_gujaratifemale_00314.wav,Gujarati
train_gujaratifemale_00315.wav,Gujarati
train_gujaratifemale_00316.wav,Gujarati
train_gujaratifemale_00317.wav,Gujarati
train_gujaratifemale_00318.wav,Gujarati
train_gujaratifemale_00319.wav,Gujarati
train_gujaratifemale_00320.wav,Gujarati
train_gujaratifemale_00321.wav,Gujarati
train_gujaratifemale_00322.wav,Gujarati
train_gujaratifemale_00323.wav,Gujarati
train_gujaratifemale_00324.wav,Gujarati
train_gujaratifemale_00325.wav,Gujarati
train_gujaratifemale_00326.wav,Gujarati
train_gujaratifemale_00327.wav,Gujarati
train_gujaratifemale_00328.wav,Gujarati
train_gujaratifemale_00329.wav,Gujarati
train_gujaratifemale_00330.wav,Gujarati
train_gujaratifemale_00331.wav,Gujarati
train_gujaratifemale_00332.wav,Gujarati
train_gujaratifemale_00333.wav,Gujarati
train_gujaratifemale_00334.wav,Gujarati
train_gujaratifemale_00335.wav,Gujarati
train_gujaratifemale_00336.wav,Gujarati
train_gujaratifemale_00337.wav,Gujarati
train_gujaratifemale_00338.wav,Gujarati
train_gujaratifemale_00339.wav,Gujarati
train_gujaratifemale_00340.wav,Gujarati
train_gujaratifemale_00341.wav,Gujarati
train_gujaratifemale_00342.wav,Gujarati
train_gujaratifemale_00343.wav,Gujarati
train_gujaratifemale_00344.wav,Gujarati
train_gujaratifemale_00345.wav,Gujarati
train_gujaratifemale_00346.wav,Gujarati
train_gujaratifemale_00347.wav,Gujarati
train_gujaratifemale_00348.wav,Gujarati
train_gujaratifemale_00349.wav,Gujarati
train_gujaratifemale_00350.wav,Gujarati
train_gujaratifemale_00351.wav,Gujarati
train_gujaratifemale_00352.wav,Gujarati
train_gujaratifemale_00353.wav,Gujarati
train_gujaratifemale_00354.wav,Gujarati
train_gujaratifemale_00355.wav,Gujarati
train_gujaratifemale_00356.wav,Gujarati
train_gujaratifemale_00357.wav,Gujarati
train_gujaratifemale_00358.wav,Gujarati
train_gujaratifemale_00359.wav,Gujarati
train_gujaratifemale_00360.wav,Gujarati
train_gujaratifemale_00361.wav,Gujarati
train_gujaratifemale_00362.wav,Gujarati
train_gujaratifemale_00363.wav,Gujarati
train_gujaratifemale_00364.wav,Gujarati
train_gujaratifemale_00365.wav,Gujarati
train_gujaratifemale_00366.wav,Gujarati
train_gujaratifemale_00367.wav,Gujarati
train_gujaratifemale_00368.wav,Gujarati
train_gujaratifemale_00369.wav,Gujarati
train_gujaratifemale_00370.wav,Gujarati
train_gujaratifemale_00371.wav,Gujarati
train_gujaratifemale_00372.wav,Gujarati
train_gujaratifemale_00373.wav,Gujarati
train_gujaratifemale_00374.wav,Gujarati
train_gujaratifemale_00375.wav,Gujarati
train_gujaratifemale_00376.wav,Gujarati
train_gujaratifemale_00377.wav,Gujarati
train_gujaratifemale_00378.wav,Gujarati
train_gujaratifemale_00379.wav,Gujarati
train_gujaratifemale_00380.wav,Gujarati
train_gujaratifemale_00381.wav,Gujarati
train_gujaratifemale_00382.wav,Gujarati
train_gujaratifemale_00383.wav,Gujarati
train_gujaratifemale_00384.wav,Gujarati
train_gujaratifemale_00385.wav,Gujarati
train_gujaratifemale_00386.wav,Gujarati
train_gujaratifemale_00387.wav,Gujarati
train_gujaratifemale_00388.wav,Gujarati
train_gujaratifemale_00389.wav,Gujarati
train_gujaratifemale_00390.wav,Gujarati
train_gujaratifemale_00391.wav,Gujarati
train_gujaratifemale_00392.wav,Gujarati
train_gujaratifemale_00393.wav,Gujarati
train_gujaratifemale_00394.wav,Gujarati
train_gujaratifemale_00395.wav,Gujarati
train_gujaratifemale_00396.wav,Gujarati
train_gujaratifemale_00397.wav,Gujarati
train_gujaratifemale_00398.wav,Gujarati
train_gujaratifemale_00399.wav,Gujarati
train_gujaratifemale_00400.wav,Gujarati
train_gujaratifemale_00401.wav,Gujarati
train_gujaratifemale_00402.wav,Gujarati
train_gujaratifemale_00403.wav,Gujarati
train_gujaratifemale_00404.wav,Gujarati
train_gujaratifemale_00405.wav,Gujarati
train_gujaratifemale_00406.wav,Gujarati
train_gujaratifemale_00407.wav,Gujarati
train_gujaratifemale_00408.wav,Gujarati
train_gujaratifemale_00409.wav,Gujarati
train_gujaratifemale_00410.wav,Gujarati
train_gujaratifemale_00411.wav,Gujarati
train_gujaratifemale_00412.wav,Gujarati
train_gujaratifemale_00413.wav,Gujarati
train_gujaratifemale_00414.wav,Gujarati
train_gujaratifemale_00415.wav,Gujarati
train_gujaratifemale_00416.wav,Gujarati
train_gujaratifemale_00417.wav,Gujarati
train_gujaratifemale_00418.wav,Gujarati
train_gujaratifemale_00419.wav,Gujarati
train_gujaratifemale_00420.wav,Gujarati
train_gujaratifemale_00421.wav,Gujarati
train_gujaratifemale_00422.wav,Gujarati
train_gujaratifemale_00423.wav,Gujarati
train_gujaratifemale_00424.wav,Gujarati
train_gujaratifemale_00425.wav,Gujarati
train_gujaratifemale_00426.wav,Gujarati
train_gujaratifemale_00427.wav,Gujarati
train_gujaratifemale_00428.wav,Gujarati
train_gujaratifemale_00429.wav,Gujarati
train_gujaratifemale_00430.wav,Gujarati
train_gujaratifemale_00431.wav,Gujarati
train_gujaratifemale_00432.wav,Gujarati
train_gujaratifemale_00433.wav,Gujarati
train_gujaratifemale_00434.wav,Gujarati
train_gujaratifemale_00435.wav,Gujarati
train_gujaratifemale_00436.wav,Gujarati
train_gujaratifemale_00437.wav,Gujarati
train_gujaratifemale_00438.wav,Gujarati
train_gujaratifemale_00439.wav,Gujarati
train_gujaratifemale_00440.wav,Gujarati
train_gujaratifemale_00441.wav,Gujarati
train_gujaratifemale_00442.wav,Gujarati
train_gujaratifemale_00443.wav,Gujarati
train_gujaratifemale_00444.wav,Gujarati
train_gujaratifemale_00445.wav,Gujarati
train_gujaratifemale_00446.wav,Gujarati
train_gujaratifemale_00447.wav,Gujarati
train_gujaratifemale_00448.wav,Gujarati
train_gujaratifemale_00449.wav,Gujarati
train_gujaratifemale_00450.wav,Gujarati
train_gujaratifemale_00451.wav,Gujarati
train_gujaratifemale_00452.wav,Gujarati
train_gujaratifemale_00453.wav,Gujarati
train_gujaratifemale_00454.wav,Gujarati
train_gujaratifemale_00455.wav,Gujarati
train_gujaratifemale_00456.wav,Gujarati
train_gujaratifemale_00457.wav,Gujarati
train_gujaratifemale_00458.wav,Gujarati
train_gujaratifemale_00459.wav,Gujarati
train_gujaratifemale_00460.wav,Gujarati
train_gujaratifemale_00461.wav,Gujarati
train_gujaratifemale_00462.wav,Gujarati
train_gujaratifemale_00463.wav,Gujarati
train_gujaratifemale_00464.wav,Gujarati
train_gujaratifemale_00465.wav,Gujarati
train_gujaratifemale_00466.wav,Gujarati
train_gujaratifemale_00467.wav,Gujarati
train_gujaratifemale_00468.wav,Gujarati
train_gujaratifemale_00469.wav,Gujarati
train_gujaratifemale_00470.wav,Gujarati
train_gujaratifemale_00471.wav,Gujarati
train_gujaratifemale_00472.wav,Gujarati
train_gujaratifemale_00473.wav,Gujarati
train_gujaratifemale_00474.wav,Gujarati
train_gujaratifemale_00475.wav,Gujarati
train_gujaratifemale_00476.wav,Gujarati
train_gujaratifemale_00477.wav,Gujarati
train_gujaratifemale_00478.wav,Gujarati
train_gujaratifemale_00479.wav,Gujarati
train_gujaratifemale_00480.wav,Gujarati
train_gujaratifemale_00481.wav,Gujarati
train_gujaratifemale_00482.wav,Gujarati
train_gujaratifemale_00483.wav,Gujarati
train_gujaratifemale_00484.wav,Gujarati
train_gujaratifemale_00485.wav,Gujarati
train_gujaratifemale_00486.wav,Gujarati
train_gujaratifemale_00487.wav,Gujarati
train_gujaratifemale_00488.wav,Gujarati
train_gujaratifemale_00489.wav,Gujarati
train_gujaratifemale_00490.wav,Gujarati
train_gujaratifemale_00491.wav,Gujarati
train_gujaratifemale_00492.wav,Gujarati
train_gujaratifemale_00493.wav,Gujarati
train_gujaratifemale_00494.wav,Gujarati
train_gujaratifemale_00495.wav,Gujarati
train_gujaratifemale_00496.wav,Gujarati
train_gujaratifemale_00497.wav,Gujarati
train_gujaratifemale_00498.wav,Gujarati
train_gujaratifemale_00499.wav,Gujarati
train_gujaratifemale_00500.wav,Gujarati
train_gujaratifemale_00501.wav,Gujarati
train_gujaratifemale_00502.wav,Gujarati
train_gujaratifemale_00503.wav,Gujarati
train_gujaratifemale_00504.wav,Gujarati
train_gujaratifemale_00505.wav,Gujarati
train_gujaratifemale_00506.wav,Gujarati
train_gujaratifemale_00507.wav,Gujarati
train_gujaratifemale_00508.wav,Gujarati
train_gujaratifemale_00509.wav,Gujarati
train_gujaratifemale_00510.wav,Gujarati
train_gujaratifemale_00511.wav,Gujarati
train_gujaratifemale_00512.wav,Gujarati
train_gujaratifemale_00513.wav,Gujarati
train_gujaratifemale_00514.wav,Gujarati
train_gujaratifemale_00515.wav,Gujarati
train_gujaratifemale_00516.wav,Gujarati
train_gujaratifemale_00517.wav,Gujarati
train_gujaratifemale_00518.wav,Gujarati
train_gujaratifemale_00519.wav,Gujarati
train_gujaratifemale_00520.wav,Gujarati
train_gujaratifemale_00521.wav,Gujarati
train_gujaratifemale_00522.wav,Gujarati
train_gujaratifemale_00523.wav,Gujarati
train_gujaratifemale_00524.wav,Gujarati
train_gujaratifemale_00525.wav,Gujarati
train_gujaratifemale_00526.wav,Gujarati
train_gujaratifemale_00527.wav,Gujarati
train_gujaratifemale_00528.wav,Gujarati
train_gujaratifemale_00529.wav,Gujarati
train_gujaratifemale_00530.wav,Gujarati
train_gujaratifemale_00531.wav,Gujarati
train_gujaratifemale_00532.wav,Gujarati
train_gujaratifemale_00533.wav,Gujarati
train_gujaratifemale_00534.wav,Gujarati
train_gujaratifemale_00535.wav,Gujarati
train_gujaratifemale_00536.wav,Gujarati
train_gujaratifemale_00537.wav,Gujarati
train_gujaratifemale_00538.wav,Gujarati
train_gujaratifemale_00539.wav,Gujarati
train_gujaratifemale_00540.wav,Gujarati
train_gujaratifemale_00541.wav,Gujarati
train_gujaratifemale_00542.wav,Gujarati
train_gujaratifemale_00543.wav,Gujarati
train_gujaratifemale_00544.wav,Gujarati
train_gujaratifemale_00545.wav,Gujarati
train_gujaratifemale_00546.wav,Gujarati
train_gujaratifemale_00547.wav,Gujarati
train_gujaratifemale_00548.wav,Gujarati
train_gujaratifemale_00549.wav,Gujarati
train_gujaratifemale_00550.wav,Gujarati
train_gujaratifemale_00551.wav,Gujarati
train_gujaratifemale_00552.wav,Gujarati
train_gujaratifemale_00553.wav,Gujarati
train_gujaratifemale_00554.wav,Gujarati
train_gujaratifemale_00555.wav,Gujarati
train_gujaratifemale_00556.wav,Gujarati
train_gujaratifemale_00557.wav,Gujarati
train_gujaratifemale_00558.wav,Gujarati
train_gujaratifemale_00559.wav,Gujarati
train_gujaratifemale_00560.wav,Gujarati
train_gujaratifemale_00561.wav,Gujarati
train_gujaratifemale_00562.wav,Gujarati
train_gujaratifemale_00563.wav,Gujarati
train_gujaratifemale_00564.wav,Gujarati
train_gujaratifemale_00565.wav,Gujarati
train_gujaratifemale_00566.wav,Gujarati
train_gujaratifemale_00567.wav,Gujarati
train_gujaratifemale_00568.wav,Gujarati
train_gujaratifemale_00569.wav,Gujarati
train_gujaratifemale_00570.wav,Gujarati
train_gujaratifemale_00571.wav,Gujarati
train_gujaratifemale_00572.wav,Gujarati
train_gujaratifemale_00573.wav,Gujarati
train_gujaratifemale_00574.wav,Gujarati
train_gujaratifemale_00575.wav,Gujarati
train_gujaratifemale_00576.wav,Gujarati
train_gujaratifemale_00577.wav,Gujarati
train_gujaratifemale_00578.wav,Gujarati
train_gujaratifemale_00579.wav,Gujarati
train_gujaratifemale_00580.wav,Gujarati
train_gujaratifemale_00581.wav,Gujarati
train_gujaratifemale_00582.wav,Gujarati
train_gujaratifemale_00583.wav,Gujarati
train_gujaratifemale_00584.wav,Gujarati
train_gujaratifemale_00585.wav,Gujarati
train_gujaratifemale_00586.wav,Gujarati
train_gujaratifemale_00587.wav,Gujarati
train_gujaratifemale_00588.wav,Gujarati
train_gujaratifemale_00589.wav,Gujarati
train_gujaratifemale_00590.wav,Gujarati
train_gujaratifemale_00591.wav,Gujarati
train_gujaratifemale_00592.wav,Gujarati
train_gujaratifemale_00593.wav,Gujarati
train_gujaratifemale_00594.wav,Gujarati
train_gujaratifemale_00595.wav,Gujarati
train_gujaratifemale_00596.wav,Gujarati
train_gujaratifemale_00597.wav,Gujarati
train_gujaratifemale_00598.wav,Gujarati
train_gujaratifemale_00599.wav,Gujarati
train_gujaratifemale_00600.wav,Gujarati
train_gujaratifemale_00601.wav,Gujarati
train_gujaratifemale_00602.wav,Gujarati
train_gujaratifemale_00603.wav,Gujarati
train_gujaratifemale_00604.wav,Gujarati
train_gujaratifemale_00605.wav,Gujarati
train_gujaratifemale_00606.wav,Gujarati
train_gujaratifemale_00607.wav,Gujarati
train_gujaratifemale_00608.wav,Gujarati
train_gujaratifemale_00609.wav,Gujarati
train_gujaratifemale_00610.wav,Gujarati
train_gujaratifemale_00611.wav,Gujarati
train_gujaratifemale_00612.wav,Gujarati
train_gujaratifemale_00613.wav,Gujarati
train_gujaratifemale_00614.wav,Gujarati
train_gujaratifemale_00615.wav,Gujarati
train_gujaratifemale_00616.wav,Gujarati
train_gujaratifemale_00617.wav,Gujarati
train_gujaratifemale_00618.wav,Gujarati
train_gujaratifemale_00619.wav,Gujarati
train_gujaratifemale_00620.wav,Gujarati
train_gujaratifemale_00621.wav,Gujarati
train_gujaratifemale_00622.wav,Gujarati
train_gujaratifemale_00623.wav,Gujarati
train_gujaratifemale_00624.wav,Gujarati
train_gujaratifemale_00625.wav,Gujarati
train_gujaratifemale_00626.wav,Gujarati
train_gujaratifemale_00627.wav,Gujarati
train_gujaratifemale_00628.wav,Gujarati
train_gujaratifemale_00629.wav,Gujarati
train_gujaratifemale_00630.wav,Gujarati
train_gujaratifemale_00631.wav,Gujarati
train_gujaratifemale_00632.wav,Gujarati
train_gujaratifemale_00633.wav,Gujarati
train_gujaratifemale_00634.wav,Gujarati
train_gujaratifemale_00635.wav,Gujarati
train_gujaratifemale_00636.wav,Gujarati
train_gujaratifemale_00637.wav,Gujarati
train_gujaratifemale_00638.wav,Gujarati
train_gujaratifemale_00639.wav,Gujarati
train_gujaratifemale_00640.wav,Gujarati
train_gujaratifemale_00641.wav,Gujarati
train_gujaratifemale_00642.wav,Gujarati
train_gujaratifemale_00643.wav,Gujarati
train_gujaratifemale_00644.wav,Gujarati
train_gujaratifemale_00645.wav,Gujarati
train_gujaratifemale_00646.wav,Gujarati
train_gujaratifemale_00647.wav,Gujarati
train_gujaratifemale_00648.wav,Gujarati
train_gujaratifemale_00649.wav,Gujarati
train_gujaratifemale_00650.wav,Gujarati
train_gujaratifemale_00651.wav,Gujarati
train_gujaratifemale_00652.wav,Gujarati
train_gujaratifemale_00653.wav,Gujarati
train_gujaratifemale_00654.wav,Gujarati
train_gujaratifemale_00655.wav,Gujarati
train_gujaratifemale_00656.wav,Gujarati
train_gujaratifemale_00657.wav,Gujarati
train_gujaratifemale_00658.wav,Gujarati
train_gujaratifemale_00659.wav,Gujarati
train_gujaratifemale_00660.wav,Gujarati
train_gujaratifemale_00661.wav,Gujarati
train_gujaratifemale_00662.wav,Gujarati
train_gujaratifemale_00663.wav,Gujarati
train_gujaratifemale_00664.wav,Gujarati
train_gujaratifemale_00665.wav,Gujarati
train_gujaratifemale_00666.wav,Gujarati
train_gujaratifemale_00667.wav,Gujarati
train_gujaratifemale_00668.wav,Gujarati
train_gujaratifemale_00669.wav,Gujarati
train_gujaratifemale_00670.wav,Gujarati
train_gujaratifemale_00671.wav,Gujarati
train_gujaratifemale_00672.wav,Gujarati
train_gujaratifemale_00673.wav,Gujarati
train_gujaratifemale_00674.wav,Gujarati
train_gujaratifemale_00675.wav,Gujarati
train_gujaratifemale_00676.wav,Gujarati
train_gujaratifemale_00677.wav,Gujarati
train_gujaratifemale_00678.wav,Gujarati
train_gujaratifemale_00679.wav,Gujarati
train_gujaratifemale_00680.wav,Gujarati
train_gujaratifemale_00681.wav,Gujarati
train_gujaratifemale_00682.wav,Gujarati
train_gujaratifemale_00683.wav,Gujarati
train_gujaratifemale_00684.wav,Gujarati
train_gujaratifemale_00685.wav,Gujarati
train_gujaratifemale_00686.wav,Gujarati
train_gujaratifemale_00687.wav,Gujarati
train_gujaratifemale_00688.wav,Gujarati
train_gujaratifemale_00689.wav,Gujarati
train_gujaratifemale_00690.wav,Gujarati
train_gujaratifemale_00691.wav,Gujarati
train_gujaratifemale_00692.wav,Gujarati
train_gujaratifemale_00693.wav,Gujarati
train_gujaratifemale_00694.wav,Gujarati
train_gujaratifemale_00695.wav,Gujarati
train_gujaratifemale_00696.wav,Gujarati
train_gujaratifemale_00697.wav,Gujarati
train_gujaratifemale_00698.wav,Gujarati
train_gujaratifemale_00699.wav,Gujarati
train_gujaratifemale_00700.wav,Gujarati
train_gujaratifemale_00701.wav,Gujarati
train_gujaratifemale_00702.wav,Gujarati
train_gujaratifemale_00703.wav,Gujarati
train_gujaratifemale_00704.wav,Gujarati
train_gujaratifemale_00705.wav,Gujarati
train_gujaratifemale_00706.wav,Gujarati
train_gujaratifemale_00707.wav,Gujarati
train_gujaratifemale_00708.wav,Gujarati
train_gujaratifemale_00709.wav,Gujarati
train_gujaratifemale_00710.wav,Gujarati
train_gujaratifemale_00711.wav,Gujarati
train_gujaratifemale_00712.wav,Gujarati
train_gujaratifemale_00713.wav,Gujarati
train_gujaratifemale_00714.wav,Gujarati
train_gujaratifemale_00715.wav,Gujarati
train_gujaratifemale_00716.wav,Gujarati
train_gujaratifemale_00717.wav,Gujarati
train_gujaratifemale_00718.wav,Gujarati
train_gujaratifemale_00719.wav,Gujarati
train_gujaratifemale_00720.wav,Gujarati
train_gujaratifemale_00721.wav,Gujarati
train_gujaratifemale_00722.wav,Gujarati
train_gujaratifemale_00723.wav,Gujarati
train_gujaratifemale_00724.wav,Gujarati
train_gujaratifemale_00725.wav,Gujarati
train_gujaratifemale_00726.wav,Gujarati
train_gujaratifemale_00727.wav,Gujarati
train_gujaratifemale_00728.wav,Gujarati
train_gujaratifemale_00729.wav,Gujarati
train_gujaratifemale_00730.wav,Gujarati
train_gujaratifemale_00731.wav,Gujarati
train_gujaratifemale_00732.wav,Gujarati
train_gujaratifemale_00733.wav,Gujarati
train_gujaratifemale_00734.wav,Gujarati
train_gujaratifemale_00735.wav,Gujarati
train_gujaratifemale_00736.wav,Gujarati
train_gujaratifemale_00737.wav,Gujarati
train_gujaratifemale_00738.wav,Gujarati
train_gujaratifemale_00739.wav,Gujarati
train_gujaratifemale_00740.wav,Gujarati
train_gujaratifemale_00741.wav,Gujarati
train_gujaratifemale_00742.wav,Gujarati
train_gujaratifemale_00743.wav,Gujarati
train_gujaratifemale_00744.wav,Gujarati
train_gujaratifemale_00745.wav,Gujarati
train_gujaratifemale_00746.wav,Gujarati
train_gujaratifemale_00747.wav,Gujarati
train_gujaratifemale_00748.wav,Gujarati
train_gujaratifemale_00749.wav,Gujarati
train_gujaratifemale_00750.wav,Gujarati
train_gujaratifemale_00751.wav,Gujarati
train_gujaratifemale_00752.wav,Gujarati
train_gujaratifemale_00753.wav,Gujarati
train_gujaratifemale_00754.wav,Gujarati
train_gujaratifemale_00755.wav,Gujarati
train_gujaratifemale_00756.wav,Gujarati
train_gujaratifemale_00757.wav,Gujarati
train_gujaratifemale_00758.wav,Gujarati
train_gujaratifemale_00759.wav,Gujarati
train_gujaratifemale_00760.wav,Gujarati
train_gujaratifemale_00761.wav,Gujarati
train_gujaratifemale_00762.wav,Gujarati
train_gujaratifemale_00763.wav,Gujarati
train_gujaratifemale_00764.wav,Gujarati
train_gujaratifemale_00765.wav,Gujarati
train_gujaratifemale_00766.wav,Gujarati
train_gujaratifemale_00767.wav,Gujarati
train_gujaratifemale_00768.wav,Gujarati
train_gujaratifemale_00769.wav,Gujarati
train_gujaratifemale_00770.wav,Gujarati
train_gujaratifemale_00771.wav,Gujarati
train_gujaratifemale_00772.wav,Gujarati
train_gujaratifemale_00773.wav,Gujarati
train_gujaratifemale_00774.wav,Gujarati
train_gujaratifemale_00775.wav,Gujarati
train_gujaratifemale_00776.wav,Gujarati
train_gujaratifemale_00777.wav,Gujarati
train_gujaratifemale_00778.wav,Gujarati
train_gujaratifemale_00779.wav,Gujarati
train_gujaratifemale_00780.wav,Gujarati
train_gujaratifemale_00781.wav,Gujarati
train_gujaratifemale_00782.wav,Gujarati
train_gujaratifemale_00783.wav,Gujarati
train_gujaratifemale_00784.wav,Gujarati
train_gujaratifemale_00785.wav,Gujarati
train_gujaratifemale_00786.wav,Gujarati
train_gujaratifemale_00787.wav,Gujarati
train_gujaratifemale_00788.wav,Gujarati
train_gujaratifemale_00789.wav,Gujarati
train_gujaratifemale_00790.wav,Gujarati
train_gujaratifemale_00791.wav,Gujarati
train_gujaratifemale_00792.wav,Gujarati
train_gujaratifemale_00793.wav,Gujarati
train_gujaratifemale_00794.wav,Gujarati
train_gujaratifemale_00795.wav,Gujarati
train_gujaratifemale_00796.wav,Gujarati
train_gujaratifemale_00797.wav,Gujarati
train_gujaratifemale_00798.wav,Gujarati
train_gujaratifemale_00799.wav,Gujarati
train_gujaratifemale_00800.wav,Gujarati
train_gujaratifemale_00801.wav,Gujarati
train_gujaratifemale_00802.wav,Gujarati
train_gujaratifemale_00803.wav,Gujarati
train_gujaratifemale_00804.wav,Gujarati
train_gujaratifemale_00805.wav,Gujarati
train_gujaratifemale_00806.wav,Gujarati
train_gujaratifemale_00807.wav,Gujarati
train_gujaratifemale_00808.wav,Gujarati
train_gujaratifemale_00809.wav,Gujarati
train_gujaratifemale_00810.wav,Gujarati
train_gujaratifemale_00811.wav,Gujarati
train_gujaratifemale_00812.wav,Gujarati
train_gujaratifemale_00813.wav,Gujarati
train_gujaratifemale_00814.wav,Gujarati
train_gujaratifemale_00815.wav,Gujarati
train_gujaratifemale_00816.wav,Gujarati
train_gujaratifemale_00817.wav,Gujarati
train_gujaratifemale_00818.wav,Gujarati
train_gujaratifemale_00819.wav,Gujarati
train_gujaratifemale_00820.wav,Gujarati
train_gujaratifemale_00821.wav,Gujarati
train_gujaratifemale_00822.wav,Gujarati
train_gujaratifemale_00823.wav,Gujarati
train_gujaratifemale_00824.wav,Gujarati
train_gujaratifemale_00825.wav,Gujarati
train_gujaratifemale_00826.wav,Gujarati
train_gujaratifemale_00827.wav,Gujarati
train_gujaratifemale_00828.wav,Gujarati
train_gujaratifemale_00829.wav,Gujarati
train_gujaratifemale_00830.wav,Gujarati
train_gujaratifemale_00831.wav,Gujarati
train_gujaratifemale_00832.wav,Gujarati
train_gujaratifemale_00833.wav,Gujarati
train_gujaratifemale_00834.wav,Gujarati
train_gujaratifemale_00835.wav,Gujarati
train_gujaratifemale_00836.wav,Gujarati
train_gujaratifemale_00837.wav,Gujarati
train_gujaratifemale_00838.wav,Gujarati
train_gujaratifemale_00839.wav,Gujarati
train_gujaratifemale_00840.wav,Gujarati
train_gujaratifemale_00841.wav,Gujarati
train_gujaratifemale_00842.wav,Gujarati
train_gujaratifemale_00843.wav,Gujarati
train_gujaratifemale_00844.wav,Gujarati
train_gujaratifemale_00845.wav,Gujarati
train_gujaratifemale_00846.wav,Gujarati
train_gujaratifemale_00847.wav,Gujarati
train_gujaratifemale_00848.wav,Gujarati
train_gujaratifemale_00849.wav,Gujarati
train_gujaratifemale_00850.wav,Gujarati
train_gujaratifemale_00851.wav,Gujarati
train_gujaratifemale_00852.wav,Gujarati
train_gujaratifemale_00853.wav,Gujarati
train_gujaratifemale_00854.wav,Gujarati
train_gujaratifemale_00855.wav,Gujarati
train_gujaratifemale_00856.wav,Gujarati
train_gujaratifemale_00857.wav,Gujarati
train_gujaratifemale_00858.wav,Gujarati
train_gujaratifemale_00859.wav,Gujarati
train_gujaratifemale_00860.wav,Gujarati
train_gujaratifemale_00861.wav,Gujarati
train_gujaratifemale_00862.wav,Gujarati
train_gujaratifemale_00863.wav,Gujarati
train_gujaratifemale_00864.wav,Gujarati
train_gujaratifemale_00865.wav,Gujarati
train_gujaratifemale_00866.wav,Gujarati
train_gujaratifemale_00867.wav,Gujarati
train_gujaratifemale_00868.wav,Gujarati
train_gujaratifemale_00869.wav,Gujarati
train_gujaratifemale_00870.wav,Gujarati
train_gujaratifemale_00871.wav,Gujarati
train_gujaratifemale_00872.wav,Gujarati
train_gujaratifemale_00873.wav,Gujarati
train_gujaratifemale_00874.wav,Gujarati
train_gujaratifemale_00875.wav,Gujarati
train_gujaratifemale_00876.wav,Gujarati
train_gujaratifemale_00877.wav,Gujarati
train_gujaratifemale_00878.wav,Gujarati
train_gujaratifemale_00879.wav,Gujarati
train_gujaratifemale_00880.wav,Gujarati
train_gujaratifemale_00881.wav,Gujarati
train_gujaratifemale_00882.wav,Gujarati
train_gujaratifemale_00883.wav,Gujarati
train_gujaratifemale_00884.wav,Gujarati
train_gujaratifemale_00885.wav,Gujarati
train_gujaratifemale_00886.wav,Gujarati
train_gujaratifemale_00887.wav,Gujarati
train_gujaratifemale_00888.wav,Gujarati
train_gujaratifemale_00889.wav,Gujarati
train_gujaratifemale_00890.wav,Gujarati
train_gujaratifemale_00891.wav,Gujarati
train_gujaratifemale_00892.wav,Gujarati
train_gujaratifemale_00893.wav,Gujarati
train_gujaratifemale_00894.wav,Gujarati
train_gujaratifemale_00895.wav,Gujarati
train_gujaratifemale_00896.wav,Gujarati
train_gujaratifemale_00897.wav,Gujarati
train_gujaratifemale_00898.wav,Gujarati
train_gujaratifemale_00899.wav,Gujarati
train_gujaratifemale_00900.wav,Gujarati
train_gujaratifemale_00901.wav,Gujarati
train_gujaratifemale_00902.wav,Gujarati
train_gujaratifemale_00903.wav,Gujarati
train_gujaratifemale_00904.wav,Gujarati
train_gujaratifemale_00905.wav,Gujarati
train_gujaratifemale_00906.wav,Gujarati
train_gujaratifemale_00907.wav,Gujarati
train_gujaratifemale_00908.wav,Gujarati
train_gujaratifemale_00909.wav,Gujarati
train_gujaratifemale_00910.wav,Gujarati
train_gujaratifemale_00911.wav,Gujarati
train_gujaratifemale_00912.wav,Gujarati
train_gujaratifemale_00913.wav,Gujarati
train_gujaratifemale_00914.wav,Gujarati
train_gujaratifemale_00915.wav,Gujarati
train_gujaratifemale_00916.wav,Gujarati
train_gujaratifemale_00917.wav,Gujarati
train_gujaratifemale_00918.wav,Gujarati
train_gujaratifemale_00919.wav,Gujarati
train_gujaratifemale_00920.wav,Gujarati
train_gujaratifemale_00921.wav,Gujarati
train_gujaratifemale_00922.wav,Gujarati
train_gujaratifemale_00923.wav,Gujarati
train_gujaratifemale_00924.wav,Gujarati
train_gujaratifemale_00925.wav,Gujarati
train_gujaratifemale_00926.wav,Gujarati
train_gujaratifemale_00927.wav,Gujarati
train_gujaratifemale_00928.wav,Gujarati
train_gujaratifemale_00929.wav,Gujarati
train_gujaratifemale_00930.wav,Gujarati
train_gujaratifemale_00931.wav,Gujarati
train_gujaratifemale_00932.wav,Gujarati
train_gujaratifemale_00933.wav,Gujarati
train_gujaratifemale_00934.wav,Gujarati
train_gujaratifemale_00935.wav,Gujarati
train_gujaratifemale_00936.wav,Gujarati
train_gujaratifemale_00937.wav,Gujarati
train_gujaratifemale_00938.wav,Gujarati
train_gujaratifemale_00939.wav,Gujarati
train_gujaratifemale_00940.wav,Gujarati
train_gujaratifemale_00941.wav,Gujarati
train_gujaratifemale_00942.wav,Gujarati
train_gujaratifemale_00943.wav,Gujarati
train_gujaratifemale_00944.wav,Gujarati
train_gujaratifemale_00945.wav,Gujarati
train_gujaratifemale_00946.wav,Gujarati
train_gujaratifemale_00947.wav,Gujarati
train_gujaratifemale_00948.wav,Gujarati
train_gujaratifemale_00949.wav,Gujarati
train_gujaratifemale_00950.wav,Gujarati
train_gujaratifemale_00951.wav,Gujarati
train_gujaratifemale_00952.wav,Gujarati
train_gujaratifemale_00953.wav,Gujarati
train_gujaratifemale_00954.wav,Gujarati
train_gujaratifemale_00955.wav,Gujarati
train_gujaratifemale_00956.wav,Gujarati
train_gujaratifemale_00957.wav,Gujarati
train_gujaratifemale_00958.wav,Gujarati
train_gujaratifemale_00959.wav,Gujarati
train_gujaratifemale_00960.wav,Gujarati
train_gujaratifemale_00961.wav,Gujarati
train_gujaratifemale_00962.wav,Gujarati
train_gujaratifemale_00963.wav,Gujarati
train_gujaratifemale_00964.wav,Gujarati
train_gujaratifemale_00965.wav,Gujarati
train_gujaratifemale_00966.wav,Gujarati
train_gujaratifemale_00967.wav,Gujarati
train_gujaratifemale_00968.wav,Gujarati
train_gujaratifemale_00969.wav,Gujarati
train_gujaratifemale_00970.wav,Gujarati
train_gujaratifemale_00971.wav,Gujarati
train_gujaratifemale_00972.wav,Gujarati
train_gujaratifemale_00973.wav,Gujarati
train_gujaratifemale_00974.wav,Gujarati
train_gujaratifemale_00975.wav,Gujarati
train_gujaratifemale_00976.wav,Gujarati
train_gujaratifemale_00977.wav,Gujarati
train_gujaratifemale_00978.wav,Gujarati
train_gujaratifemale_00979.wav,Gujarati
train_gujaratifemale_00980.wav,Gujarati
train_gujaratifemale_00981.wav,Gujarati
train_gujaratifemale_00982.wav,Gujarati
train_gujaratifemale_00983.wav,Gujarati
train_gujaratifemale_00984.wav,Gujarati
train_gujaratifemale_00985.wav,Gujarati
train_gujaratifemale_00986.wav,Gujarati
train_gujaratifemale_00987.wav,Gujarati
train_gujaratifemale_00988.wav,Gujarati
train_gujaratifemale_00989.wav,Gujarati
train_gujaratifemale_00990.wav,Gujarati
train_gujaratifemale_00991.wav,Gujarati
train_gujaratifemale_00992.wav,Gujarati
train_gujaratifemale_00993.wav,Gujarati
train_gujaratifemale_00994.wav,Gujarati
train_gujaratifemale_00995.wav,Gujarati
train_gujaratifemale_00996.wav,Gujarati
train_gujaratifemale_00997.wav,Gujarati
train_gujaratifemale_00998.wav,Gujarati
train_gujaratifemale_00999.wav,Gujarati
train_gujaratifemale_01000.wav,Gujarati
train_gujaratimale_00001.wav,Gujarati
train_gujaratimale_00002.wav,Gujarati
train_gujaratimale_00003.wav,Gujarati
train_gujaratimale_00004.wav,Gujarati
train_gujaratimale_00005.wav,Gujarati
train_gujaratimale_00006.wav,Gujarati
train_gujaratimale_00007.wav,Gujarati
train_gujaratimale_00008.wav,Gujarati
train_gujaratimale_00009.wav,Gujarati
train_gujaratimale_00010.wav,Gujarati
train_gujaratimale_00011.wav,Gujarati
train_gujaratimale_00012.wav,Gujarati
train_gujaratimale_00013.wav,Gujarati
train_gujaratimale_00014.wav,Gujarati
train_gujaratimale_00015.wav,Gujarati
train_gujaratimale_00016.wav,Gujarati
train_gujaratimale_00017.wav,Gujarati
train_gujaratimale_00018.wav,Gujarati
train_gujaratimale_00019.wav,Gujarati
train_gujaratimale_00020.wav,Gujarati
train_gujaratimale_00021.wav,Gujarati
train_gujaratimale_00022.wav,Gujarati
train_gujaratimale_00023.wav,Gujarati
train_gujaratimale_00024.wav,Gujarati
train_gujaratimale_00025.wav,Gujarati
train_gujaratimale_00026.wav,Gujarati
train_gujaratimale_00027.wav,Gujarati
train_gujaratimale_00028.wav,Gujarati
train_gujaratimale_00029.wav,Gujarati
train_gujaratimale_00030.wav,Gujarati
train_gujaratimale_00031.wav,Gujarati
train_gujaratimale_00032.wav,Gujarati
train_gujaratimale_00033.wav,Gujarati
train_gujaratimale_00034.wav,Gujarati
train_gujaratimale_00035.wav,Gujarati
train_gujaratimale_00036.wav,Gujarati
train_gujaratimale_00037.wav,Gujarati
train_gujaratimale_00038.wav,Gujarati
train_gujaratimale_00039.wav,Gujarati
train_gujaratimale_00040.wav,Gujarati
train_gujaratimale_00041.wav,Gujarati
train_gujaratimale_00042.wav,Gujarati
train_gujaratimale_00043.wav,Gujarati
train_gujaratimale_00044.wav,Gujarati
train_gujaratimale_00045.wav,Gujarati
train_gujaratimale_00046.wav,Gujarati
train_gujaratimale_00047.wav,Gujarati
train_gujaratimale_00048.wav,Gujarati
train_gujaratimale_00049.wav,Gujarati
train_gujaratimale_00050.wav,Gujarati
train_gujaratimale_00051.wav,Gujarati
train_gujaratimale_00052.wav,Gujarati
train_gujaratimale_00053.wav,Gujarati
train_gujaratimale_00054.wav,Gujarati
train_gujaratimale_00055.wav,Gujarati
train_gujaratimale_00056.wav,Gujarati
train_gujaratimale_00057.wav,Gujarati
train_gujaratimale_00058.wav,Gujarati
train_gujaratimale_00059.wav,Gujarati
train_gujaratimale_00060.wav,Gujarati
train_gujaratimale_00061.wav,Gujarati
train_gujaratimale_00062.wav,Gujarati
train_gujaratimale_00063.wav,Gujarati
train_gujaratimale_00064.wav,Gujarati
train_gujaratimale_00065.wav,Gujarati
train_gujaratimale_00066.wav,Gujarati
train_gujaratimale_00067.wav,Gujarati
train_gujaratimale_00068.wav,Gujarati
train_gujaratimale_00069.wav,Gujarati
train_gujaratimale_00070.wav,Gujarati
train_gujaratimale_00071.wav,Gujarati
train_gujaratimale_00072.wav,Gujarati
train_gujaratimale_00073.wav,Gujarati
train_gujaratimale_00074.wav,Gujarati
train_gujaratimale_00075.wav,Gujarati
train_gujaratimale_00076.wav,Gujarati
train_gujaratimale_00077.wav,Gujarati
train_gujaratimale_00078.wav,Gujarati
train_gujaratimale_00079.wav,Gujarati
train_gujaratimale_00080.wav,Gujarati
train_gujaratimale_00081.wav,Gujarati
train_gujaratimale_00082.wav,Gujarati
train_gujaratimale_00083.wav,Gujarati
train_gujaratimale_00084.wav,Gujarati
train_gujaratimale_00085.wav,Gujarati
train_gujaratimale_00086.wav,Gujarati
train_gujaratimale_00087.wav,Gujarati
train_gujaratimale_00088.wav,Gujarati
train_gujaratimale_00089.wav,Gujarati
train_gujaratimale_00090.wav,Gujarati
train_gujaratimale_00091.wav,Gujarati
train_gujaratimale_00092.wav,Gujarati
train_gujaratimale_00093.wav,Gujarati
train_gujaratimale_00094.wav,Gujarati
train_gujaratimale_00095.wav,Gujarati
train_gujaratimale_00096.wav,Gujarati
train_gujaratimale_00097.wav,Gujarati
train_gujaratimale_00098.wav,Gujarati
train_gujaratimale_00099.wav,Gujarati
train_gujaratimale_00100.wav,Gujarati
train_gujaratimale_00101.wav,Gujarati
train_gujaratimale_00102.wav,Gujarati
train_gujaratimale_00103.wav,Gujarati
train_gujaratimale_00104.wav,Gujarati
train_gujaratimale_00105.wav,Gujarati
train_gujaratimale_00106.wav,Gujarati
train_gujaratimale_00107.wav,Gujarati
train_gujaratimale_00108.wav,Gujarati
train_gujaratimale_00109.wav,Gujarati
train_gujaratimale_00110.wav,Gujarati
train_gujaratimale_00111.wav,Gujarati
train_gujaratimale_00112.wav,Gujarati
train_gujaratimale_00113.wav,Gujarati
train_gujaratimale_00114.wav,Gujarati
train_gujaratimale_00115.wav,Gujarati
train_gujaratimale_00116.wav,Gujarati
train_gujaratimale_00117.wav,Gujarati
train_gujaratimale_00118.wav,Gujarati
train_gujaratimale_00119.wav,Gujarati
train_gujaratimale_00120.wav,Gujarati
train_gujaratimale_00121.wav,Gujarati
train_gujaratimale_00122.wav,Gujarati
train_gujaratimale_00123.wav,Gujarati
train_gujaratimale_00124.wav,Gujarati
train_gujaratimale_00125.wav,Gujarati
train_gujaratimale_00126.wav,Gujarati
train_gujaratimale_00127.wav,Gujarati
train_gujaratimale_00128.wav,Gujarati
train_gujaratimale_00129.wav,Gujarati
train_gujaratimale_00130.wav,Gujarati
train_gujaratimale_00131.wav,Gujarati
train_gujaratimale_00132.wav,Gujarati
train_gujaratimale_00133.wav,Gujarati
train_gujaratimale_00134.wav,Gujarati
train_gujaratimale_00135.wav,Gujarati
train_gujaratimale_00136.wav,Gujarati
train_gujaratimale_00137.wav,Gujarati
train_gujaratimale_00138.wav,Gujarati
train_gujaratimale_00139.wav,Gujarati
train_gujaratimale_00140.wav,Gujarati
train_gujaratimale_00141.wav,Gujarati
train_gujaratimale_00142.wav,Gujarati
train_gujaratimale_00143.wav,Gujarati
train_gujaratimale_00144.wav,Gujarati
train_gujaratimale_00145.wav,Gujarati
train_gujaratimale_00146.wav,Gujarati
train_gujaratimale_00147.wav,Gujarati
train_gujaratimale_00148.wav,Gujarati
train_gujaratimale_00149.wav,Gujarati
train_gujaratimale_00150.wav,Gujarati
train_gujaratimale_00151.wav,Gujarati
train_gujaratimale_00152.wav,Gujarati
train_gujaratimale_00153.wav,Gujarati
train_gujaratimale_00154.wav,Gujarati
train_gujaratimale_00155.wav,Gujarati
train_gujaratimale_00156.wav,Gujarati
train_gujaratimale_00157.wav,Gujarati
train_gujaratimale_00158.wav,Gujarati
train_gujaratimale_00159.wav,Gujarati
train_gujaratimale_00160.wav,Gujarati
train_gujaratimale_00161.wav,Gujarati
train_gujaratimale_00162.wav,Gujarati
train_gujaratimale_00163.wav,Gujarati
train_gujaratimale_00164.wav,Gujarati
train_gujaratimale_00165.wav,Gujarati
train_gujaratimale_00166.wav,Gujarati
train_gujaratimale_00167.wav,Gujarati
train_gujaratimale_00168.wav,Gujarati
train_gujaratimale_00169.wav,Gujarati
train_gujaratimale_00170.wav,Gujarati
train_gujaratimale_00171.wav,Gujarati
train_gujaratimale_00172.wav,Gujarati
train_gujaratimale_00173.wav,Gujarati
train_gujaratimale_00174.wav,Gujarati
train_gujaratimale_00175.wav,Gujarati
train_gujaratimale_00176.wav,Gujarati
train_gujaratimale_00177.wav,Gujarati
train_gujaratimale_00178.wav,Gujarati
train_gujaratimale_00179.wav,Gujarati
train_gujaratimale_00180.wav,Gujarati
train_gujaratimale_00181.wav,Gujarati
train_gujaratimale_00182.wav,Gujarati
train_gujaratimale_00183.wav,Gujarati
train_gujaratimale_00184.wav,Gujarati
train_gujaratimale_00185.wav,Gujarati
train_gujaratimale_00186.wav,Gujarati
train_gujaratimale_00187.wav,Gujarati
train_gujaratimale_00188.wav,Gujarati
train_gujaratimale_00189.wav,Gujarati
train_gujaratimale_00190.wav,Gujarati
train_gujaratimale_00191.wav,Gujarati
train_gujaratimale_00192.wav,Gujarati
train_gujaratimale_00193.wav,Gujarati
train_gujaratimale_00194.wav,Gujarati
train_gujaratimale_00195.wav,Gujarati
train_gujaratimale_00196.wav,Gujarati
train_gujaratimale_00197.wav,Gujarati
train_gujaratimale_00198.wav,Gujarati
train_gujaratimale_00199.wav,Gujarati
train_gujaratimale_00200.wav,Gujarati
train_gujaratimale_00201.wav,Gujarati
train_gujaratimale_00202.wav,Gujarati
train_gujaratimale_00203.wav,Gujarati
train_gujaratimale_00204.wav,Gujarati
train_gujaratimale_00205.wav,Gujarati
train_gujaratimale_00206.wav,Gujarati
train_gujaratimale_00207.wav,Gujarati
train_gujaratimale_00208.wav,Gujarati
train_gujaratimale_00209.wav,Gujarati
train_gujaratimale_00210.wav,Gujarati
train_gujaratimale_00211.wav,Gujarati
train_gujaratimale_00212.wav,Gujarati
train_gujaratimale_00213.wav,Gujarati
train_gujaratimale_00214.wav,Gujarati
train_gujaratimale_00215.wav,Gujarati
train_gujaratimale_00216.wav,Gujarati
train_gujaratimale_00217.wav,Gujarati
train_gujaratimale_00218.wav,Gujarati
train_gujaratimale_00219.wav,Gujarati
train_gujaratimale_00220.wav,Gujarati
train_gujaratimale_00221.wav,Gujarati
train_gujaratimale_00222.wav,Gujarati
train_gujaratimale_00223.wav,Gujarati
train_gujaratimale_00224.wav,Gujarati
train_gujaratimale_00225.wav,Gujarati
train_gujaratimale_00226.wav,Gujarati
train_gujaratimale_00227.wav,Gujarati
train_gujaratimale_00228.wav,Gujarati
train_gujaratimale_00229.wav,Gujarati
train_gujaratimale_00230.wav,Gujarati
train_gujaratimale_00231.wav,Gujarati
train_gujaratimale_00232.wav,Gujarati
train_gujaratimale_00233.wav,Gujarati
train_gujaratimale_00234.wav,Gujarati
train_gujaratimale_00235.wav,Gujarati
train_gujaratimale_00236.wav,Gujarati
train_gujaratimale_00237.wav,Gujarati
train_gujaratimale_00238.wav,Gujarati
train_gujaratimale_00239.wav,Gujarati
train_gujaratimale_00240.wav,Gujarati
train_gujaratimale_00241.wav,Gujarati
train_gujaratimale_00242.wav,Gujarati
train_gujaratimale_00243.wav,Gujarati
train_gujaratimale_00244.wav,Gujarati
train_gujaratimale_00245.wav,Gujarati
train_gujaratimale_00246.wav,Gujarati
train_gujaratimale_00247.wav,Gujarati
train_gujaratimale_00248.wav,Gujarati
train_gujaratimale_00249.wav,Gujarati
train_gujaratimale_00250.wav,Gujarati
train_gujaratimale_00251.wav,Gujarati
train_gujaratimale_00252.wav,Gujarati
train_gujaratimale_00253.wav,Gujarati
train_gujaratimale_00254.wav,Gujarati
train_gujaratimale_00255.wav,Gujarati
train_gujaratimale_00256.wav,Gujarati
train_gujaratimale_00257.wav,Gujarati
train_gujaratimale_00258.wav,Gujarati
train_gujaratimale_00259.wav,Gujarati
train_gujaratimale_00260.wav,Gujarati
train_gujaratimale_00261.wav,Gujarati
train_gujaratimale_00262.wav,Gujarati
train_gujaratimale_00263.wav,Gujarati
train_gujaratimale_00264.wav,Gujarati
train_gujaratimale_00265.wav,Gujarati
train_gujaratimale_00266.wav,Gujarati
train_gujaratimale_00267.wav,Gujarati
train_gujaratimale_00268.wav,Gujarati
train_gujaratimale_00269.wav,Gujarati
train_gujaratimale_00270.wav,Gujarati
train_gujaratimale_00271.wav,Gujarati
train_gujaratimale_00272.wav,Gujarati
train_gujaratimale_00273.wav,Gujarati
train_gujaratimale_00274.wav,Gujarati
train_gujaratimale_00275.wav,Gujarati
train_gujaratimale_00276.wav,Gujarati
train_gujaratimale_00277.wav,Gujarati
train_gujaratimale_00278.wav,Gujarati
train_gujaratimale_00279.wav,Gujarati
train_gujaratimale_00280.wav,Gujarati
train_gujaratimale_00281.wav,Gujarati
train_gujaratimale_00282.wav,Gujarati
train_gujaratimale_00283.wav,Gujarati
train_gujaratimale_00284.wav,Gujarati
train_gujaratimale_00285.wav,Gujarati
train_gujaratimale_00286.wav,Gujarati
train_gujaratimale_00287.wav,Gujarati
train_gujaratimale_00288.wav,Gujarati
train_gujaratimale_00289.wav,Gujarati
train_gujaratimale_00290.wav,Gujarati
train_gujaratimale_00291.wav,Gujarati
train_gujaratimale_00292.wav,Gujarati
train_gujaratimale_00293.wav,Gujarati
train_gujaratimale_00294.wav,Gujarati
train_gujaratimale_00295.wav,Gujarati
train_gujaratimale_00296.wav,Gujarati
train_gujaratimale_00297.wav,Gujarati
train_gujaratimale_00298.wav,Gujarati
train_gujaratimale_00299.wav,Gujarati
train_gujaratimale_00300.wav,Gujarati
train_gujaratimale_00301.wav,Gujarati
train_gujaratimale_00302.wav,Gujarati
train_gujaratimale_00303.wav,Gujarati
train_gujaratimale_00304.wav,Gujarati
train_gujaratimale_00305.wav,Gujarati
train_gujaratimale_00306.wav,Gujarati
train_gujaratimale_00307.wav,Gujarati
train_gujaratimale_00308.wav,Gujarati
train_gujaratimale_00309.wav,Gujarati
train_gujaratimale_00310.wav,Gujarati
train_gujaratimale_00311.wav,Gujarati
train_gujaratimale_00312.wav,Gujarati
train_gujaratimale_00313.wav,Gujarati
train_gujaratimale_00314.wav,Gujarati
train_gujaratimale_00315.wav,Gujarati
train_gujaratimale_00316.wav,Gujarati
train_gujaratimale_00317.wav,Gujarati
train_gujaratimale_00318.wav,Gujarati
train_gujaratimale_00319.wav,Gujarati
train_gujaratimale_00320.wav,Gujarati
train_gujaratimale_00321.wav,Gujarati
train_gujaratimale_00322.wav,Gujarati
train_gujaratimale_00323.wav,Gujarati
train_gujaratimale_00324.wav,Gujarati
train_gujaratimale_00325.wav,Gujarati
train_gujaratimale_00326.wav,Gujarati
train_gujaratimale_00327.wav,Gujarati
train_gujaratimale_00328.wav,Gujarati
train_gujaratimale_00329.wav,Gujarati
train_gujaratimale_00330.wav,Gujarati
train_gujaratimale_00331.wav,Gujarati
train_gujaratimale_00332.wav,Gujarati
train_gujaratimale_00333.wav,Gujarati
train_gujaratimale_00334.wav,Gujarati
train_gujaratimale_00335.wav,Gujarati
train_gujaratimale_00336.wav,Gujarati
train_gujaratimale_00337.wav,Gujarati
train_gujaratimale_00338.wav,Gujarati
train_gujaratimale_00339.wav,Gujarati
train_gujaratimale_00340.wav,Gujarati
train_gujaratimale_00341.wav,Gujarati
train_gujaratimale_00342.wav,Gujarati
train_gujaratimale_00343.wav,Gujarati
train_gujaratimale_00344.wav,Gujarati
train_gujaratimale_00345.wav,Gujarati
train_gujaratimale_00346.wav,Gujarati
train_gujaratimale_00347.wav,Gujarati
train_gujaratimale_00348.wav,Gujarati
train_gujaratimale_00349.wav,Gujarati
train_gujaratimale_00350.wav,Gujarati
train_gujaratimale_00351.wav,Gujarati
train_gujaratimale_00352.wav,Gujarati
train_gujaratimale_00353.wav,Gujarati
train_gujaratimale_00354.wav,Gujarati
train_gujaratimale_00355.wav,Gujarati
train_gujaratimale_00356.wav,Gujarati
train_gujaratimale_00357.wav,Gujarati
train_gujaratimale_00358.wav,Gujarati
train_gujaratimale_00359.wav,Gujarati
train_gujaratimale_00360.wav,Gujarati
train_gujaratimale_00361.wav,Gujarati
train_gujaratimale_00362.wav,Gujarati
train_gujaratimale_00363.wav,Gujarati
train_gujaratimale_00364.wav,Gujarati
train_gujaratimale_00365.wav,Gujarati
train_gujaratimale_00366.wav,Gujarati
train_gujaratimale_00367.wav,Gujarati
train_gujaratimale_00368.wav,Gujarati
train_gujaratimale_00369.wav,Gujarati
train_gujaratimale_00370.wav,Gujarati
train_gujaratimale_00371.wav,Gujarati
train_gujaratimale_00372.wav,Gujarati
train_gujaratimale_00373.wav,Gujarati
train_gujaratimale_00374.wav,Gujarati
train_gujaratimale_00375.wav,Gujarati
train_gujaratimale_00376.wav,Gujarati
train_gujaratimale_00377.wav,Gujarati
train_gujaratimale_00378.wav,Gujarati
train_gujaratimale_00379.wav,Gujarati
train_gujaratimale_00380.wav,Gujarati
train_gujaratimale_00381.wav,Gujarati
train_gujaratimale_00382.wav,Gujarati
train_gujaratimale_00383.wav,Gujarati
train_gujaratimale_00384.wav,Gujarati
train_gujaratimale_00385.wav,Gujarati
train_gujaratimale_00386.wav,Gujarati
train_gujaratimale_00387.wav,Gujarati
train_gujaratimale_00388.wav,Gujarati
train_gujaratimale_00389.wav,Gujarati
train_gujaratimale_00390.wav,Gujarati
train_gujaratimale_00391.wav,Gujarati
train_gujaratimale_00392.wav,Gujarati
train_gujaratimale_00393.wav,Gujarati
train_gujaratimale_00394.wav,Gujarati
train_gujaratimale_00395.wav,Gujarati
train_gujaratimale_00396.wav,Gujarati
train_gujaratimale_00397.wav,Gujarati
train_gujaratimale_00398.wav,Gujarati
train_gujaratimale_00399.wav,Gujarati
train_gujaratimale_00400.wav,Gujarati
train_gujaratimale_00401.wav,Gujarati
train_gujaratimale_00402.wav,Gujarati
train_gujaratimale_00403.wav,Gujarati
train_gujaratimale_00404.wav,Gujarati
train_gujaratimale_00405.wav,Gujarati
train_gujaratimale_00406.wav,Gujarati
train_gujaratimale_00407.wav,Gujarati
train_gujaratimale_00408.wav,Gujarati
train_gujaratimale_00409.wav,Gujarati
train_gujaratimale_00410.wav,Gujarati
train_gujaratimale_00411.wav,Gujarati
train_gujaratimale_00412.wav,Gujarati
train_gujaratimale_00413.wav,Gujarati
train_gujaratimale_00414.wav,Gujarati
train_gujaratimale_00415.wav,Gujarati
train_gujaratimale_00416.wav,Gujarati
train_gujaratimale_00417.wav,Gujarati
train_gujaratimale_00418.wav,Gujarati
train_gujaratimale_00419.wav,Gujarati
train_gujaratimale_00420.wav,Gujarati
train_gujaratimale_00421.wav,Gujarati
train_gujaratimale_00422.wav,Gujarati
train_gujaratimale_00423.wav,Gujarati
train_gujaratimale_00424.wav,Gujarati
train_gujaratimale_00425.wav,Gujarati
train_gujaratimale_00426.wav,Gujarati
train_gujaratimale_00427.wav,Gujarati
train_gujaratimale_00428.wav,Gujarati
train_gujaratimale_00429.wav,Gujarati
train_gujaratimale_00430.wav,Gujarati
train_gujaratimale_00431.wav,Gujarati
train_gujaratimale_00432.wav,Gujarati
train_gujaratimale_00433.wav,Gujarati
train_gujaratimale_00434.wav,Gujarati
train_gujaratimale_00435.wav,Gujarati
train_gujaratimale_00436.wav,Gujarati
train_gujaratimale_00437.wav,Gujarati
train_gujaratimale_00438.wav,Gujarati
train_gujaratimale_00439.wav,Gujarati
train_gujaratimale_00440.wav,Gujarati
train_gujaratimale_00441.wav,Gujarati
train_gujaratimale_00442.wav,Gujarati
train_gujaratimale_00443.wav,Gujarati
train_gujaratimale_00444.wav,Gujarati
train_gujaratimale_00445.wav,Gujarati
train_gujaratimale_00446.wav,Gujarati
train_gujaratimale_00447.wav,Gujarati
train_gujaratimale_00448.wav,Gujarati
train_gujaratimale_00449.wav,Gujarati
train_gujaratimale_00450.wav,Gujarati
train_gujaratimale_00451.wav,Gujarati
train_gujaratimale_00452.wav,Gujarati
train_gujaratimale_00453.wav,Gujarati
train_gujaratimale_00454.wav,Gujarati
train_gujaratimale_00455.wav,Gujarati
train_gujaratimale_00456.wav,Gujarati
train_gujaratimale_00457.wav,Gujarati
train_gujaratimale_00458.wav,Gujarati
train_gujaratimale_00459.wav,Gujarati
train_gujaratimale_00460.wav,Gujarati
train_gujaratimale_00461.wav,Gujarati
train_gujaratimale_00462.wav,Gujarati
train_gujaratimale_00463.wav,Gujarati
train_gujaratimale_00464.wav,Gujarati
train_gujaratimale_00465.wav,Gujarati
train_gujaratimale_00466.wav,Gujarati
train_gujaratimale_00467.wav,Gujarati
train_gujaratimale_00468.wav,Gujarati
train_gujaratimale_00469.wav,Gujarati
train_gujaratimale_00470.wav,Gujarati
train_gujaratimale_00471.wav,Gujarati
train_gujaratimale_00472.wav,Gujarati
train_gujaratimale_00473.wav,Gujarati
train_gujaratimale_00474.wav,Gujarati
train_gujaratimale_00475.wav,Gujarati
train_gujaratimale_00476.wav,Gujarati
train_gujaratimale_00477.wav,Gujarati
train_gujaratimale_00478.wav,Gujarati
train_gujaratimale_00479.wav,Gujarati
train_gujaratimale_00480.wav,Gujarati
train_gujaratimale_00481.wav,Gujarati
train_gujaratimale_00482.wav,Gujarati
train_gujaratimale_00483.wav,Gujarati
train_gujaratimale_00484.wav,Gujarati
train_gujaratimale_00485.wav,Gujarati
train_gujaratimale_00486.wav,Gujarati
train_gujaratimale_00487.wav,Gujarati
train_gujaratimale_00488.wav,Gujarati
train_gujaratimale_00489.wav,Gujarati
train_gujaratimale_00490.wav,Gujarati
train_gujaratimale_00491.wav,Gujarati
train_gujaratimale_00492.wav,Gujarati
train_gujaratimale_00493.wav,Gujarati
train_gujaratimale_00494.wav,Gujarati
train_gujaratimale_00495.wav,Gujarati
train_gujaratimale_00496.wav,Gujarati
train_gujaratimale_00497.wav,Gujarati
train_gujaratimale_00498.wav,Gujarati
train_gujaratimale_00499.wav,Gujarati
train_gujaratimale_00500.wav,Gujarati
train_gujaratimale_00501.wav,Gujarati
train_gujaratimale_00502.wav,Gujarati
train_gujaratimale_00503.wav,Gujarati
train_gujaratimale_00504.wav,Gujarati
train_gujaratimale_00505.wav,Gujarati
train_gujaratimale_00506.wav,Gujarati
train_gujaratimale_00507.wav,Gujarati
train_gujaratimale_00508.wav,Gujarati
train_gujaratimale_00509.wav,Gujarati
train_gujaratimale_00510.wav,Gujarati
train_gujaratimale_00511.wav,Gujarati
train_gujaratimale_00512.wav,Gujarati
train_gujaratimale_00513.wav,Gujarati
train_gujaratimale_00514.wav,Gujarati
train_gujaratimale_00515.wav,Gujarati
train_gujaratimale_00516.wav,Gujarati
train_gujaratimale_00517.wav,Gujarati
train_gujaratimale_00518.wav,Gujarati
train_gujaratimale_00519.wav,Gujarati
train_gujaratimale_00520.wav,Gujarati
train_gujaratimale_00521.wav,Gujarati
train_gujaratimale_00522.wav,Gujarati
train_gujaratimale_00523.wav,Gujarati
train_gujaratimale_00524.wav,Gujarati
train_gujaratimale_00525.wav,Gujarati
train_gujaratimale_00526.wav,Gujarati
train_gujaratimale_00527.wav,Gujarati
train_gujaratimale_00528.wav,Gujarati
train_gujaratimale_00529.wav,Gujarati
train_gujaratimale_00530.wav,Gujarati
train_gujaratimale_00531.wav,Gujarati
train_gujaratimale_00532.wav,Gujarati
train_gujaratimale_00533.wav,Gujarati
train_gujaratimale_00534.wav,Gujarati
train_gujaratimale_00535.wav,Gujarati
train_gujaratimale_00536.wav,Gujarati
train_gujaratimale_00537.wav,Gujarati
train_gujaratimale_00538.wav,Gujarati
train_gujaratimale_00539.wav,Gujarati
train_gujaratimale_00540.wav,Gujarati
train_gujaratimale_00541.wav,Gujarati
train_gujaratimale_00542.wav,Gujarati
train_gujaratimale_00543.wav,Gujarati
train_gujaratimale_00544.wav,Gujarati
train_gujaratimale_00545.wav,Gujarati
train_gujaratimale_00546.wav,Gujarati
train_gujaratimale_00547.wav,Gujarati
train_gujaratimale_00548.wav,Gujarati
train_gujaratimale_00549.wav,Gujarati
train_gujaratimale_00550.wav,Gujarati
train_gujaratimale_00551.wav,Gujarati
train_gujaratimale_00552.wav,Gujarati
train_gujaratimale_00553.wav,Gujarati
train_gujaratimale_00554.wav,Gujarati
train_gujaratimale_00555.wav,Gujarati
train_gujaratimale_00556.wav,Gujarati
train_gujaratimale_00557.wav,Gujarati
train_gujaratimale_00558.wav,Gujarati
train_gujaratimale_00559.wav,Gujarati
train_gujaratimale_00560.wav,Gujarati
train_gujaratimale_00561.wav,Gujarati
train_gujaratimale_00562.wav,Gujarati
train_gujaratimale_00563.wav,Gujarati
train_gujaratimale_00564.wav,Gujarati
train_gujaratimale_00565.wav,Gujarati
train_gujaratimale_00566.wav,Gujarati
train_gujaratimale_00567.wav,Gujarati
train_gujaratimale_00568.wav,Gujarati
train_gujaratimale_00569.wav,Gujarati
train_gujaratimale_00570.wav,Gujarati
train_gujaratimale_00571.wav,Gujarati
train_gujaratimale_00572.wav,Gujarati
train_gujaratimale_00573.wav,Gujarati
train_gujaratimale_00574.wav,Gujarati
train_gujaratimale_00575.wav,Gujarati
train_gujaratimale_00576.wav,Gujarati
train_gujaratimale_00577.wav,Gujarati
train_gujaratimale_00578.wav,Gujarati
train_gujaratimale_00579.wav,Gujarati
train_gujaratimale_00580.wav,Gujarati
train_gujaratimale_00581.wav,Gujarati
train_gujaratimale_00582.wav,Gujarati
train_gujaratimale_00583.wav,Gujarati
train_gujaratimale_00584.wav,Gujarati
train_gujaratimale_00585.wav,Gujarati
train_gujaratimale_00586.wav,Gujarati
train_gujaratimale_00587.wav,Gujarati
train_gujaratimale_00588.wav,Gujarati
train_gujaratimale_00589.wav,Gujarati
train_gujaratimale_00590.wav,Gujarati
train_gujaratimale_00591.wav,Gujarati
train_gujaratimale_00592.wav,Gujarati
train_gujaratimale_00593.wav,Gujarati
train_gujaratimale_00594.wav,Gujarati
train_gujaratimale_00595.wav,Gujarati
train_gujaratimale_00596.wav,Gujarati
train_gujaratimale_00597.wav,Gujarati
train_gujaratimale_00598.wav,Gujarati
train_gujaratimale_00599.wav,Gujarati
train_gujaratimale_00600.wav,Gujarati
train_gujaratimale_00601.wav,Gujarati
train_gujaratimale_00602.wav,Gujarati
train_gujaratimale_00603.wav,Gujarati
train_gujaratimale_00604.wav,Gujarati
train_gujaratimale_00605.wav,Gujarati
train_gujaratimale_00606.wav,Gujarati
train_gujaratimale_00607.wav,Gujarati
train_gujaratimale_00608.wav,Gujarati
train_gujaratimale_00609.wav,Gujarati
train_gujaratimale_00610.wav,Gujarati
train_gujaratimale_00611.wav,Gujarati
train_gujaratimale_00612.wav,Gujarati
train_gujaratimale_00613.wav,Gujarati
train_gujaratimale_00614.wav,Gujarati
train_gujaratimale_00615.wav,Gujarati
train_gujaratimale_00616.wav,Gujarati
train_gujaratimale_00617.wav,Gujarati
train_gujaratimale_00618.wav,Gujarati
train_gujaratimale_00619.wav,Gujarati
train_gujaratimale_00620.wav,Gujarati
train_gujaratimale_00621.wav,Gujarati
train_gujaratimale_00622.wav,Gujarati
train_gujaratimale_00623.wav,Gujarati
train_gujaratimale_00624.wav,Gujarati
train_gujaratimale_00625.wav,Gujarati
train_gujaratimale_00626.wav,Gujarati
train_gujaratimale_00627.wav,Gujarati
train_gujaratimale_00628.wav,Gujarati
train_gujaratimale_00629.wav,Gujarati
train_gujaratimale_00630.wav,Gujarati
train_gujaratimale_00631.wav,Gujarati
train_gujaratimale_00632.wav,Gujarati
train_gujaratimale_00633.wav,Gujarati
train_gujaratimale_00634.wav,Gujarati
train_gujaratimale_00635.wav,Gujarati
train_gujaratimale_00636.wav,Gujarati
train_gujaratimale_00637.wav,Gujarati
train_gujaratimale_00638.wav,Gujarati
train_gujaratimale_00639.wav,Gujarati
train_gujaratimale_00640.wav,Gujarati
train_gujaratimale_00641.wav,Gujarati
train_gujaratimale_00642.wav,Gujarati
train_gujaratimale_00643.wav,Gujarati
train_gujaratimale_00644.wav,Gujarati
train_gujaratimale_00645.wav,Gujarati
train_gujaratimale_00646.wav,Gujarati
train_gujaratimale_00647.wav,Gujarati
train_gujaratimale_00648.wav,Gujarati
train_gujaratimale_00649.wav,Gujarati
train_gujaratimale_00650.wav,Gujarati
train_gujaratimale_00651.wav,Gujarati
train_gujaratimale_00652.wav,Gujarati
train_gujaratimale_00653.wav,Gujarati
train_gujaratimale_00654.wav,Gujarati
train_gujaratimale_00655.wav,Gujarati
train_gujaratimale_00656.wav,Gujarati
train_gujaratimale_00657.wav,Gujarati
train_gujaratimale_00658.wav,Gujarati
train_gujaratimale_00659.wav,Gujarati
train_gujaratimale_00660.wav,Gujarati
train_gujaratimale_00661.wav,Gujarati
train_gujaratimale_00662.wav,Gujarati
train_gujaratimale_00663.wav,Gujarati
train_gujaratimale_00664.wav,Gujarati
train_gujaratimale_00665.wav,Gujarati
train_gujaratimale_00666.wav,Gujarati
train_gujaratimale_00667.wav,Gujarati
train_gujaratimale_00668.wav,Gujarati
train_gujaratimale_00669.wav,Gujarati
train_gujaratimale_00670.wav,Gujarati
train_gujaratimale_00671.wav,Gujarati
train_gujaratimale_00672.wav,Gujarati
train_gujaratimale_00673.wav,Gujarati
train_gujaratimale_00674.wav,Gujarati
train_gujaratimale_00675.wav,Gujarati
train_gujaratimale_00676.wav,Gujarati
train_gujaratimale_00677.wav,Gujarati
train_gujaratimale_00678.wav,Gujarati
train_gujaratimale_00679.wav,Gujarati
train_gujaratimale_00680.wav,Gujarati
train_gujaratimale_00681.wav,Gujarati
train_gujaratimale_00682.wav,Gujarati
train_gujaratimale_00683.wav,Gujarati
train_gujaratimale_00684.wav,Gujarati
train_gujaratimale_00685.wav,Gujarati
train_gujaratimale_00686.wav,Gujarati
train_gujaratimale_00687.wav,Gujarati
train_gujaratimale_00688.wav,Gujarati
train_gujaratimale_00689.wav,Gujarati
train_gujaratimale_00690.wav,Gujarati
train_gujaratimale_00691.wav,Gujarati
train_gujaratimale_00692.wav,Gujarati
train_gujaratimale_00693.wav,Gujarati
train_gujaratimale_00694.wav,Gujarati
train_gujaratimale_00695.wav,Gujarati
train_gujaratimale_00696.wav,Gujarati
train_gujaratimale_00697.wav,Gujarati
train_gujaratimale_00698.wav,Gujarati
train_gujaratimale_00699.wav,Gujarati
train_gujaratimale_00700.wav,Gujarati
train_gujaratimale_00701.wav,Gujarati
train_gujaratimale_00702.wav,Gujarati
train_gujaratimale_00703.wav,Gujarati
train_gujaratimale_00704.wav,Gujarati
train_gujaratimale_00705.wav,Gujarati
train_gujaratimale_00706.wav,Gujarati
train_gujaratimale_00707.wav,Gujarati
train_gujaratimale_00708.wav,Gujarati
train_gujaratimale_00709.wav,Gujarati
train_gujaratimale_00710.wav,Gujarati
train_gujaratimale_00711.wav,Gujarati
train_gujaratimale_00712.wav,Gujarati
train_gujaratimale_00713.wav,Gujarati
train_gujaratimale_00714.wav,Gujarati
train_gujaratimale_00715.wav,Gujarati
train_gujaratimale_00716.wav,Gujarati
train_gujaratimale_00717.wav,Gujarati
train_gujaratimale_00718.wav,Gujarati
train_gujaratimale_00719.wav,Gujarati
train_gujaratimale_00720.wav,Gujarati
train_gujaratimale_00721.wav,Gujarati
train_gujaratimale_00722.wav,Gujarati
train_gujaratimale_00723.wav,Gujarati
train_gujaratimale_00724.wav,Gujarati
train_gujaratimale_00725.wav,Gujarati
train_gujaratimale_00726.wav,Gujarati
train_gujaratimale_00727.wav,Gujarati
train_gujaratimale_00728.wav,Gujarati
train_gujaratimale_00729.wav,Gujarati
train_gujaratimale_00730.wav,Gujarati
train_gujaratimale_00731.wav,Gujarati
train_gujaratimale_00732.wav,Gujarati
train_gujaratimale_00733.wav,Gujarati
train_gujaratimale_00734.wav,Gujarati
train_gujaratimale_00735.wav,Gujarati
train_gujaratimale_00736.wav,Gujarati
train_gujaratimale_00737.wav,Gujarati
train_gujaratimale_00738.wav,Gujarati
train_gujaratimale_00739.wav,Gujarati
train_gujaratimale_00740.wav,Gujarati
train_gujaratimale_00741.wav,Gujarati
train_gujaratimale_00742.wav,Gujarati
train_gujaratimale_00743.wav,Gujarati
train_gujaratimale_00744.wav,Gujarati
train_gujaratimale_00745.wav,Gujarati
train_gujaratimale_00746.wav,Gujarati
train_gujaratimale_00747.wav,Gujarati
train_gujaratimale_00748.wav,Gujarati
train_gujaratimale_00749.wav,Gujarati
train_gujaratimale_00750.wav,Gujarati
train_gujaratimale_00751.wav,Gujarati
train_gujaratimale_00752.wav,Gujarati
train_gujaratimale_00753.wav,Gujarati
train_gujaratimale_00754.wav,Gujarati
train_gujaratimale_00755.wav,Gujarati
train_gujaratimale_00756.wav,Gujarati
train_gujaratimale_00757.wav,Gujarati
train_gujaratimale_00758.wav,Gujarati
train_gujaratimale_00759.wav,Gujarati
train_gujaratimale_00760.wav,Gujarati
train_gujaratimale_00761.wav,Gujarati
train_gujaratimale_00762.wav,Gujarati
train_gujaratimale_00763.wav,Gujarati
train_gujaratimale_00764.wav,Gujarati
train_gujaratimale_00765.wav,Gujarati
train_gujaratimale_00766.wav,Gujarati
train_gujaratimale_00767.wav,Gujarati
train_gujaratimale_00768.wav,Gujarati
train_gujaratimale_00769.wav,Gujarati
train_gujaratimale_00770.wav,Gujarati
train_gujaratimale_00771.wav,Gujarati
train_gujaratimale_00772.wav,Gujarati
train_gujaratimale_00773.wav,Gujarati
train_gujaratimale_00774.wav,Gujarati
train_gujaratimale_00775.wav,Gujarati
train_gujaratimale_00776.wav,Gujarati
train_gujaratimale_00777.wav,Gujarati
train_gujaratimale_00778.wav,Gujarati
train_gujaratimale_00779.wav,Gujarati
train_gujaratimale_00780.wav,Gujarati
train_gujaratimale_00781.wav,Gujarati
train_gujaratimale_00782.wav,Gujarati
train_gujaratimale_00783.wav,Gujarati
train_gujaratimale_00784.wav,Gujarati
train_gujaratimale_00785.wav,Gujarati
train_gujaratimale_00786.wav,Gujarati
train_gujaratimale_00787.wav,Gujarati
train_gujaratimale_00788.wav,Gujarati
train_gujaratimale_00789.wav,Gujarati
train_gujaratimale_00790.wav,Gujarati
train_gujaratimale_00791.wav,Gujarati
train_gujaratimale_00792.wav,Gujarati
train_gujaratimale_00793.wav,Gujarati
train_gujaratimale_00794.wav,Gujarati
train_gujaratimale_00795.wav,Gujarati
train_gujaratimale_00796.wav,Gujarati
train_gujaratimale_00797.wav,Gujarati
train_gujaratimale_00798.wav,Gujarati
train_gujaratimale_00799.wav,Gujarati
train_gujaratimale_00800.wav,Gujarati
train_gujaratimale_00801.wav,Gujarati
train_gujaratimale_00802.wav,Gujarati
train_gujaratimale_00803.wav,Gujarati
train_gujaratimale_00804.wav,Gujarati
train_gujaratimale_00805.wav,Gujarati
train_gujaratimale_00806.wav,Gujarati
train_gujaratimale_00807.wav,Gujarati
train_gujaratimale_00808.wav,Gujarati
train_gujaratimale_00809.wav,Gujarati
train_gujaratimale_00810.wav,Gujarati
train_gujaratimale_00811.wav,Gujarati
train_gujaratimale_00812.wav,Gujarati
train_gujaratimale_00813.wav,Gujarati
train_gujaratimale_00814.wav,Gujarati
train_gujaratimale_00815.wav,Gujarati
train_gujaratimale_00816.wav,Gujarati
train_gujaratimale_00817.wav,Gujarati
train_gujaratimale_00818.wav,Gujarati
train_gujaratimale_00819.wav,Gujarati
train_gujaratimale_00820.wav,Gujarati
train_gujaratimale_00821.wav,Gujarati
train_gujaratimale_00822.wav,Gujarati
train_gujaratimale_00823.wav,Gujarati
train_gujaratimale_00824.wav,Gujarati
train_gujaratimale_00825.wav,Gujarati
train_gujaratimale_00826.wav,Gujarati
train_gujaratimale_00827.wav,Gujarati
train_gujaratimale_00828.wav,Gujarati
train_gujaratimale_00829.wav,Gujarati
train_gujaratimale_00830.wav,Gujarati
train_gujaratimale_00831.wav,Gujarati
train_gujaratimale_00832.wav,Gujarati
train_gujaratimale_00833.wav,Gujarati
train_gujaratimale_00834.wav,Gujarati
train_gujaratimale_00835.wav,Gujarati
train_gujaratimale_00836.wav,Gujarati
train_gujaratimale_00837.wav,Gujarati
train_gujaratimale_00838.wav,Gujarati
train_gujaratimale_00839.wav,Gujarati
train_gujaratimale_00840.wav,Gujarati
train_gujaratimale_00841.wav,Gujarati
train_gujaratimale_00842.wav,Gujarati
train_gujaratimale_00843.wav,Gujarati
train_gujaratimale_00844.wav,Gujarati
train_gujaratimale_00845.wav,Gujarati
train_gujaratimale_00846.wav,Gujarati
train_gujaratimale_00847.wav,Gujarati
train_gujaratimale_00848.wav,Gujarati
train_gujaratimale_00849.wav,Gujarati
train_gujaratimale_00850.wav,Gujarati
train_gujaratimale_00851.wav,Gujarati
train_gujaratimale_00852.wav,Gujarati
train_gujaratimale_00853.wav,Gujarati
train_gujaratimale_00854.wav,Gujarati
train_gujaratimale_00855.wav,Gujarati
train_gujaratimale_00856.wav,Gujarati
train_gujaratimale_00857.wav,Gujarati
train_gujaratimale_00858.wav,Gujarati
train_gujaratimale_00859.wav,Gujarati
train_gujaratimale_00860.wav,Gujarati
train_gujaratimale_00861.wav,Gujarati
train_gujaratimale_00862.wav,Gujarati
train_gujaratimale_00863.wav,Gujarati
train_gujaratimale_00864.wav,Gujarati
train_gujaratimale_00865.wav,Gujarati
train_gujaratimale_00866.wav,Gujarati
train_gujaratimale_00867.wav,Gujarati
train_gujaratimale_00868.wav,Gujarati
train_gujaratimale_00869.wav,Gujarati
train_gujaratimale_00870.wav,Gujarati
train_gujaratimale_00871.wav,Gujarati
train_gujaratimale_00872.wav,Gujarati
train_gujaratimale_00873.wav,Gujarati
train_gujaratimale_00874.wav,Gujarati
train_gujaratimale_00875.wav,Gujarati
train_gujaratimale_00876.wav,Gujarati
train_gujaratimale_00877.wav,Gujarati
train_gujaratimale_00878.wav,Gujarati
train_gujaratimale_00879.wav,Gujarati
train_gujaratimale_00880.wav,Gujarati
train_gujaratimale_00881.wav,Gujarati
train_gujaratimale_00882.wav,Gujarati
train_gujaratimale_00883.wav,Gujarati
train_gujaratimale_00884.wav,Gujarati
train_gujaratimale_00885.wav,Gujarati
train_gujaratimale_00886.wav,Gujarati
train_gujaratimale_00887.wav,Gujarati
train_gujaratimale_00888.wav,Gujarati
train_gujaratimale_00889.wav,Gujarati
train_gujaratimale_00890.wav,Gujarati
train_gujaratimale_00891.wav,Gujarati
train_gujaratimale_00892.wav,Gujarati
train_gujaratimale_00893.wav,Gujarati
train_gujaratimale_00894.wav,Gujarati
train_gujaratimale_00895.wav,Gujarati
train_gujaratimale_00896.wav,Gujarati
train_gujaratimale_00897.wav,Gujarati
train_gujaratimale_00898.wav,Gujarati
train_gujaratimale_00899.wav,Gujarati
train_gujaratimale_00900.wav,Gujarati
train_gujaratimale_00901.wav,Gujarati
train_gujaratimale_00902.wav,Gujarati
train_gujaratimale_00903.wav,Gujarati
train_gujaratimale_00904.wav,Gujarati
train_gujaratimale_00905.wav,Gujarati
train_gujaratimale_00906.wav,Gujarati
train_gujaratimale_00907.wav,Gujarati
train_gujaratimale_00908.wav,Gujarati
train_gujaratimale_00909.wav,Gujarati
train_gujaratimale_00910.wav,Gujarati
train_gujaratimale_00911.wav,Gujarati
train_gujaratimale_00912.wav,Gujarati
train_gujaratimale_00913.wav,Gujarati
train_gujaratimale_00914.wav,Gujarati
train_gujaratimale_00915.wav,Gujarati
train_gujaratimale_00916.wav,Gujarati
train_gujaratimale_00917.wav,Gujarati
train_gujaratimale_00918.wav,Gujarati
train_gujaratimale_00919.wav,Gujarati
train_gujaratimale_00920.wav,Gujarati
train_gujaratimale_00921.wav,Gujarati
train_gujaratimale_00922.wav,Gujarati
train_gujaratimale_00923.wav,Gujarati
train_gujaratimale_00924.wav,Gujarati
train_gujaratimale_00925.wav,Gujarati
train_gujaratimale_00926.wav,Gujarati
train_gujaratimale_00927.wav,Gujarati
train_gujaratimale_00928.wav,Gujarati
train_gujaratimale_00929.wav,Gujarati
train_gujaratimale_00930.wav,Gujarati
train_gujaratimale_00931.wav,Gujarati
train_gujaratimale_00932.wav,Gujarati
train_gujaratimale_00933.wav,Gujarati
train_gujaratimale_00934.wav,Gujarati
train_gujaratimale_00935.wav,Gujarati
train_gujaratimale_00936.wav,Gujarati
train_gujaratimale_00937.wav,Gujarati
train_gujaratimale_00938.wav,Gujarati
train_gujaratimale_00939.wav,Gujarati
train_gujaratimale_00940.wav,Gujarati
train_gujaratimale_00941.wav,Gujarati
train_gujaratimale_00942.wav,Gujarati
train_gujaratimale_00943.wav,Gujarati
train_gujaratimale_00944.wav,Gujarati
train_gujaratimale_00945.wav,Gujarati
train_gujaratimale_00946.wav,Gujarati
train_gujaratimale_00947.wav,Gujarati
train_gujaratimale_00948.wav,Gujarati
train_gujaratimale_00949.wav,Gujarati
train_gujaratimale_00950.wav,Gujarati
train_gujaratimale_00951.wav,Gujarati
train_gujaratimale_00952.wav,Gujarati
train_gujaratimale_00953.wav,Gujarati
train_gujaratimale_00954.wav,Gujarati
train_gujaratimale_00955.wav,Gujarati
train_gujaratimale_00956.wav,Gujarati
train_gujaratimale_00957.wav,Gujarati
train_gujaratimale_00958.wav,Gujarati
train_gujaratimale_00959.wav,Gujarati
train_gujaratimale_00960.wav,Gujarati
train_gujaratimale_00961.wav,Gujarati
train_gujaratimale_00962.wav,Gujarati
train_gujaratimale_00963.wav,Gujarati
train_gujaratimale_00964.wav,Gujarati
train_gujaratimale_00965.wav,Gujarati
train_gujaratimale_00966.wav,Gujarati
train_gujaratimale_00967.wav,Gujarati
train_gujaratimale_00968.wav,Gujarati
train_gujaratimale_00969.wav,Gujarati
train_gujaratimale_00970.wav,Gujarati
train_gujaratimale_00971.wav,Gujarati
train_gujaratimale_00972.wav,Gujarati
train_gujaratimale_00973.wav,Gujarati
train_gujaratimale_00974.wav,Gujarati
train_gujaratimale_00975.wav,Gujarati
train_gujaratimale_00976.wav,Gujarati
train_gujaratimale_00977.wav,Gujarati
train_gujaratimale_00978.wav,Gujarati
train_gujaratimale_00979.wav,Gujarati
train_gujaratimale_00980.wav,Gujarati
train_gujaratimale_00981.wav,Gujarati
train_gujaratimale_00982.wav,Gujarati
train_gujaratimale_00983.wav,Gujarati
train_gujaratimale_00984.wav,Gujarati
train_gujaratimale_00985.wav,Gujarati
train_gujaratimale_00986.wav,Gujarati
train_gujaratimale_00987.wav,Gujarati
train_gujaratimale_00988.wav,Gujarati
train_gujaratimale_00989.wav,Gujarati
train_gujaratimale_00990.wav,Gujarati
train_gujaratimale_00991.wav,Gujarati
train_gujaratimale_00992.wav,Gujarati
train_gujaratimale_00993.wav,Gujarati
train_gujaratimale_00994.wav,Gujarati
train_gujaratimale_00995.wav,Gujarati
train_gujaratimale_00996.wav,Gujarati
train_gujaratimale_00997.wav,Gujarati
train_gujaratimale_00998.wav,Gujarati
train_gujaratimale_00999.wav,Gujarati
train_gujaratimale_01000.wav,Gujarati
train_hindifullfemale_00001.wav,Hindi
train_hindifullfemale_00002.wav,Hindi
train_hindifullfemale_00003.wav,Hindi
train_hindifullfemale_00004.wav,Hindi
train_hindifullfemale_00005.wav,Hindi
train_hindifullfemale_00006.wav,Hindi
train_hindifullfemale_00007.wav,Hindi
train_hindifullfemale_00008.wav,Hindi
train_hindifullfemale_00009.wav,Hindi
train_hindifullfemale_00010.wav,Hindi
train_hindifullfemale_00011.wav,Hindi
train_hindifullfemale_00012.wav,Hindi
train_hindifullfemale_00013.wav,Hindi
train_hindifullfemale_00014.wav,Hindi
train_hindifullfemale_00015.wav,Hindi
train_hindifullfemale_00016.wav,Hindi
train_hindifullfemale_00017.wav,Hindi
train_hindifullfemale_00018.wav,Hindi
train_hindifullfemale_00019.wav,Hindi
train_hindifullfemale_00020.wav,Hindi
train_hindifullfemale_00021.wav,Hindi
train_hindifullfemale_00022.wav,Hindi
train_hindifullfemale_00023.wav,Hindi
train_hindifullfemale_00024.wav,Hindi
train_hindifullfemale_00025.wav,Hindi
train_hindifullfemale_00026.wav,Hindi
train_hindifullfemale_00027.wav,Hindi
train_hindifullfemale_00028.wav,Hindi
train_hindifullfemale_00029.wav,Hindi
train_hindifullfemale_00030.wav,Hindi
train_hindifullfemale_00031.wav,Hindi
train_hindifullfemale_00032.wav,Hindi
train_hindifullfemale_00033.wav,Hindi
train_hindifullfemale_00034.wav,Hindi
train_hindifullfemale_00035.wav,Hindi
train_hindifullfemale_00036.wav,Hindi
train_hindifullfemale_00037.wav,Hindi
train_hindifullfemale_00038.wav,Hindi
train_hindifullfemale_00039.wav,Hindi
train_hindifullfemale_00040.wav,Hindi
train_hindifullfemale_00041.wav,Hindi
train_hindifullfemale_00042.wav,Hindi
train_hindifullfemale_00043.wav,Hindi
train_hindifullfemale_00044.wav,Hindi
train_hindifullfemale_00045.wav,Hindi
train_hindifullfemale_00046.wav,Hindi
train_hindifullfemale_00047.wav,Hindi
train_hindifullfemale_00048.wav,Hindi
train_hindifullfemale_00049.wav,Hindi
train_hindifullfemale_00050.wav,Hindi
train_hindifullfemale_00051.wav,Hindi
train_hindifullfemale_00052.wav,Hindi
train_hindifullfemale_00053.wav,Hindi
train_hindifullfemale_00054.wav,Hindi
train_hindifullfemale_00055.wav,Hindi
train_hindifullfemale_00056.wav,Hindi
train_hindifullfemale_00057.wav,Hindi
train_hindifullfemale_00058.wav,Hindi
train_hindifullfemale_00059.wav,Hindi
train_hindifullfemale_00060.wav,Hindi
train_hindifullfemale_00061.wav,Hindi
train_hindifullfemale_00062.wav,Hindi
train_hindifullfemale_00063.wav,Hindi
train_hindifullfemale_00064.wav,Hindi
train_hindifullfemale_00065.wav,Hindi
train_hindifullfemale_00066.wav,Hindi
train_hindifullfemale_00067.wav,Hindi
train_hindifullfemale_00068.wav,Hindi
train_hindifullfemale_00069.wav,Hindi
train_hindifullfemale_00070.wav,Hindi
train_hindifullfemale_00071.wav,Hindi
train_hindifullfemale_00072.wav,Hindi
train_hindifullfemale_00073.wav,Hindi
train_hindifullfemale_00074.wav,Hindi
train_hindifullfemale_00075.wav,Hindi
train_hindifullfemale_00076.wav,Hindi
train_hindifullfemale_00077.wav,Hindi
train_hindifullfemale_00078.wav,Hindi
train_hindifullfemale_00079.wav,Hindi
train_hindifullfemale_00080.wav,Hindi
train_hindifullfemale_00081.wav,Hindi
train_hindifullfemale_00082.wav,Hindi
train_hindifullfemale_00083.wav,Hindi
train_hindifullfemale_00084.wav,Hindi
train_hindifullfemale_00085.wav,Hindi
train_hindifullfemale_00086.wav,Hindi
train_hindifullfemale_00087.wav,Hindi
train_hindifullfemale_00088.wav,Hindi
train_hindifullfemale_00089.wav,Hindi
train_hindifullfemale_00090.wav,Hindi
train_hindifullfemale_00091.wav,Hindi
train_hindifullfemale_00092.wav,Hindi
train_hindifullfemale_00093.wav,Hindi
train_hindifullfemale_00094.wav,Hindi
train_hindifullfemale_00095.wav,Hindi
train_hindifullfemale_00096.wav,Hindi
train_hindifullfemale_00097.wav,Hindi
train_hindifullfemale_00098.wav,Hindi
train_hindifullfemale_00099.wav,Hindi
train_hindifullfemale_00100.wav,Hindi
train_hindifullfemale_00101.wav,Hindi
train_hindifullfemale_00102.wav,Hindi
train_hindifullfemale_00103.wav,Hindi
train_hindifullfemale_00104.wav,Hindi
train_hindifullfemale_00105.wav,Hindi
train_hindifullfemale_00106.wav,Hindi
train_hindifullfemale_00107.wav,Hindi
train_hindifullfemale_00108.wav,Hindi
train_hindifullfemale_00109.wav,Hindi
train_hindifullfemale_00110.wav,Hindi
train_hindifullfemale_00111.wav,Hindi
train_hindifullfemale_00112.wav,Hindi
train_hindifullfemale_00113.wav,Hindi
train_hindifullfemale_00114.wav,Hindi
train_hindifullfemale_00115.wav,Hindi
train_hindifullfemale_00116.wav,Hindi
train_hindifullfemale_00117.wav,Hindi
train_hindifullfemale_00118.wav,Hindi
train_hindifullfemale_00119.wav,Hindi
train_hindifullfemale_00120.wav,Hindi
train_hindifullfemale_00121.wav,Hindi
train_hindifullfemale_00122.wav,Hindi
train_hindifullfemale_00123.wav,Hindi
train_hindifullfemale_00124.wav,Hindi
train_hindifullfemale_00125.wav,Hindi
train_hindifullfemale_00126.wav,Hindi
train_hindifullfemale_00127.wav,Hindi
train_hindifullfemale_00128.wav,Hindi
train_hindifullfemale_00129.wav,Hindi
train_hindifullfemale_00130.wav,Hindi
train_hindifullfemale_00131.wav,Hindi
train_hindifullfemale_00132.wav,Hindi
train_hindifullfemale_00133.wav,Hindi
train_hindifullfemale_00134.wav,Hindi
train_hindifullfemale_00135.wav,Hindi
train_hindifullfemale_00136.wav,Hindi
train_hindifullfemale_00137.wav,Hindi
train_hindifullfemale_00138.wav,Hindi
train_hindifullfemale_00139.wav,Hindi
train_hindifullfemale_00140.wav,Hindi
train_hindifullfemale_00141.wav,Hindi
train_hindifullfemale_00142.wav,Hindi
train_hindifullfemale_00143.wav,Hindi
train_hindifullfemale_00144.wav,Hindi
train_hindifullfemale_00145.wav,Hindi
train_hindifullfemale_00146.wav,Hindi
train_hindifullfemale_00147.wav,Hindi
train_hindifullfemale_00148.wav,Hindi
train_hindifullfemale_00149.wav,Hindi
train_hindifullfemale_00150.wav,Hindi
train_hindifullfemale_00151.wav,Hindi
train_hindifullfemale_00152.wav,Hindi
train_hindifullfemale_00153.wav,Hindi
train_hindifullfemale_00154.wav,Hindi
train_hindifullfemale_00155.wav,Hindi
train_hindifullfemale_00156.wav,Hindi
train_hindifullfemale_00157.wav,Hindi
train_hindifullfemale_00158.wav,Hindi
train_hindifullfemale_00159.wav,Hindi
train_hindifullfemale_00160.wav,Hindi
train_hindifullfemale_00161.wav,Hindi
train_hindifullfemale_00162.wav,Hindi
train_hindifullfemale_00163.wav,Hindi
train_hindifullfemale_00164.wav,Hindi
train_hindifullfemale_00165.wav,Hindi
train_hindifullfemale_00166.wav,Hindi
train_hindifullfemale_00167.wav,Hindi
train_hindifullfemale_00168.wav,Hindi
train_hindifullfemale_00169.wav,Hindi
train_hindifullfemale_00170.wav,Hindi
train_hindifullfemale_00171.wav,Hindi
train_hindifullfemale_00172.wav,Hindi
train_hindifullfemale_00173.wav,Hindi
train_hindifullfemale_00174.wav,Hindi
train_hindifullfemale_00175.wav,Hindi
train_hindifullfemale_00176.wav,Hindi
train_hindifullfemale_00177.wav,Hindi
train_hindifullfemale_00178.wav,Hindi
train_hindifullfemale_00179.wav,Hindi
train_hindifullfemale_00180.wav,Hindi
train_hindifullfemale_00181.wav,Hindi
train_hindifullfemale_00182.wav,Hindi
train_hindifullfemale_00183.wav,Hindi
train_hindifullfemale_00184.wav,Hindi
train_hindifullfemale_00185.wav,Hindi
train_hindifullfemale_00186.wav,Hindi
train_hindifullfemale_00187.wav,Hindi
train_hindifullfemale_00188.wav,Hindi
train_hindifullfemale_00189.wav,Hindi
train_hindifullfemale_00190.wav,Hindi
train_hindifullfemale_00191.wav,Hindi
train_hindifullfemale_00192.wav,Hindi
train_hindifullfemale_00193.wav,Hindi
train_hindifullfemale_00194.wav,Hindi
train_hindifullfemale_00195.wav,Hindi
train_hindifullfemale_00196.wav,Hindi
train_hindifullfemale_00197.wav,Hindi
train_hindifullfemale_00198.wav,Hindi
train_hindifullfemale_00199.wav,Hindi
train_hindifullfemale_00200.wav,Hindi
train_hindifullfemale_00201.wav,Hindi
train_hindifullfemale_00202.wav,Hindi
train_hindifullfemale_00203.wav,Hindi
train_hindifullfemale_00204.wav,Hindi
train_hindifullfemale_00205.wav,Hindi
train_hindifullfemale_00206.wav,Hindi
train_hindifullfemale_00207.wav,Hindi
train_hindifullfemale_00208.wav,Hindi
train_hindifullfemale_00209.wav,Hindi
train_hindifullfemale_00210.wav,Hindi
train_hindifullfemale_00211.wav,Hindi
train_hindifullfemale_00212.wav,Hindi
train_hindifullfemale_00213.wav,Hindi
train_hindifullfemale_00214.wav,Hindi
train_hindifullfemale_00215.wav,Hindi
train_hindifullfemale_00216.wav,Hindi
train_hindifullfemale_00217.wav,Hindi
train_hindifullfemale_00218.wav,Hindi
train_hindifullfemale_00219.wav,Hindi
train_hindifullfemale_00220.wav,Hindi
train_hindifullfemale_00221.wav,Hindi
train_hindifullfemale_00222.wav,Hindi
train_hindifullfemale_00223.wav,Hindi
train_hindifullfemale_00224.wav,Hindi
train_hindifullfemale_00225.wav,Hindi
train_hindifullfemale_00226.wav,Hindi
train_hindifullfemale_00227.wav,Hindi
train_hindifullfemale_00228.wav,Hindi
train_hindifullfemale_00229.wav,Hindi
train_hindifullfemale_00230.wav,Hindi
train_hindifullfemale_00231.wav,Hindi
train_hindifullfemale_00232.wav,Hindi
train_hindifullfemale_00233.wav,Hindi
train_hindifullfemale_00234.wav,Hindi
train_hindifullfemale_00235.wav,Hindi
train_hindifullfemale_00236.wav,Hindi
train_hindifullfemale_00237.wav,Hindi
train_hindifullfemale_00238.wav,Hindi
train_hindifullfemale_00239.wav,Hindi
train_hindifullfemale_00240.wav,Hindi
train_hindifullfemale_00241.wav,Hindi
train_hindifullfemale_00242.wav,Hindi
train_hindifullfemale_00243.wav,Hindi
train_hindifullfemale_00244.wav,Hindi
train_hindifullfemale_00245.wav,Hindi
train_hindifullfemale_00246.wav,Hindi
train_hindifullfemale_00247.wav,Hindi
train_hindifullfemale_00248.wav,Hindi
train_hindifullfemale_00249.wav,Hindi
train_hindifullfemale_00250.wav,Hindi
train_hindifullfemale_00251.wav,Hindi
train_hindifullfemale_00252.wav,Hindi
train_hindifullfemale_00253.wav,Hindi
train_hindifullfemale_00254.wav,Hindi
train_hindifullfemale_00255.wav,Hindi
train_hindifullfemale_00256.wav,Hindi
train_hindifullfemale_00257.wav,Hindi
train_hindifullfemale_00258.wav,Hindi
train_hindifullfemale_00259.wav,Hindi
train_hindifullfemale_00260.wav,Hindi
train_hindifullfemale_00261.wav,Hindi
train_hindifullfemale_00262.wav,Hindi
train_hindifullfemale_00263.wav,Hindi
train_hindifullfemale_00264.wav,Hindi
train_hindifullfemale_00265.wav,Hindi
train_hindifullfemale_00266.wav,Hindi
train_hindifullfemale_00267.wav,Hindi
train_hindifullfemale_00268.wav,Hindi
train_hindifullfemale_00269.wav,Hindi
train_hindifullfemale_00270.wav,Hindi
train_hindifullfemale_00271.wav,Hindi
train_hindifullfemale_00272.wav,Hindi
train_hindifullfemale_00273.wav,Hindi
train_hindifullfemale_00274.wav,Hindi
train_hindifullfemale_00275.wav,Hindi
train_hindifullfemale_00276.wav,Hindi
train_hindifullfemale_00277.wav,Hindi
train_hindifullfemale_00278.wav,Hindi
train_hindifullfemale_00279.wav,Hindi
train_hindifullfemale_00280.wav,Hindi
train_hindifullfemale_00281.wav,Hindi
train_hindifullfemale_00282.wav,Hindi
train_hindifullfemale_00283.wav,Hindi
train_hindifullfemale_00284.wav,Hindi
train_hindifullfemale_00285.wav,Hindi
train_hindifullfemale_00286.wav,Hindi
train_hindifullfemale_00287.wav,Hindi
train_hindifullfemale_00288.wav,Hindi
train_hindifullfemale_00289.wav,Hindi
train_hindifullfemale_00290.wav,Hindi
train_hindifullfemale_00291.wav,Hindi
train_hindifullfemale_00292.wav,Hindi
train_hindifullfemale_00293.wav,Hindi
train_hindifullfemale_00294.wav,Hindi
train_hindifullfemale_00295.wav,Hindi
train_hindifullfemale_00296.wav,Hindi
train_hindifullfemale_00297.wav,Hindi
train_hindifullfemale_00298.wav,Hindi
train_hindifullfemale_00299.wav,Hindi
train_hindifullfemale_00300.wav,Hindi
train_hindifullfemale_00301.wav,Hindi
train_hindifullfemale_00302.wav,Hindi
train_hindifullfemale_00303.wav,Hindi
train_hindifullfemale_00304.wav,Hindi
train_hindifullfemale_00305.wav,Hindi
train_hindifullfemale_00306.wav,Hindi
train_hindifullfemale_00307.wav,Hindi
train_hindifullfemale_00308.wav,Hindi
train_hindifullfemale_00309.wav,Hindi
train_hindifullfemale_00310.wav,Hindi
train_hindifullfemale_00311.wav,Hindi
train_hindifullfemale_00312.wav,Hindi
train_hindifullfemale_00313.wav,Hindi
train_hindifullfemale_00314.wav,Hindi
train_hindifullfemale_00315.wav,Hindi
train_hindifullfemale_00316.wav,Hindi
train_hindifullfemale_00317.wav,Hindi
train_hindifullfemale_00318.wav,Hindi
train_hindifullfemale_00319.wav,Hindi
train_hindifullfemale_00320.wav,Hindi
train_hindifullfemale_00321.wav,Hindi
train_hindifullfemale_00322.wav,Hindi
train_hindifullfemale_00323.wav,Hindi
train_hindifullfemale_00324.wav,Hindi
train_hindifullfemale_00325.wav,Hindi
train_hindifullfemale_00326.wav,Hindi
train_hindifullfemale_00327.wav,Hindi
train_hindifullfemale_00328.wav,Hindi
train_hindifullfemale_00329.wav,Hindi
train_hindifullfemale_00330.wav,Hindi
train_hindifullfemale_00331.wav,Hindi
train_hindifullfemale_00332.wav,Hindi
train_hindifullfemale_00333.wav,Hindi
train_hindifullfemale_00334.wav,Hindi
train_hindifullfemale_00335.wav,Hindi
train_hindifullfemale_00336.wav,Hindi
train_hindifullfemale_00337.wav,Hindi
train_hindifullfemale_00338.wav,Hindi
train_hindifullfemale_00339.wav,Hindi
train_hindifullfemale_00340.wav,Hindi
train_hindifullfemale_00341.wav,Hindi
train_hindifullfemale_00342.wav,Hindi
train_hindifullfemale_00343.wav,Hindi
train_hindifullfemale_00344.wav,Hindi
train_hindifullfemale_00345.wav,Hindi
train_hindifullfemale_00346.wav,Hindi
train_hindifullfemale_00347.wav,Hindi
train_hindifullfemale_00348.wav,Hindi
train_hindifullfemale_00349.wav,Hindi
train_hindifullfemale_00350.wav,Hindi
train_hindifullfemale_00351.wav,Hindi
train_hindifullfemale_00352.wav,Hindi
train_hindifullfemale_00353.wav,Hindi
train_hindifullfemale_00354.wav,Hindi
train_hindifullfemale_00355.wav,Hindi
train_hindifullfemale_00356.wav,Hindi
train_hindifullfemale_00357.wav,Hindi
train_hindifullfemale_00358.wav,Hindi
train_hindifullfemale_00359.wav,Hindi
train_hindifullfemale_00360.wav,Hindi
train_hindifullfemale_00361.wav,Hindi
train_hindifullfemale_00362.wav,Hindi
train_hindifullfemale_00363.wav,Hindi
train_hindifullfemale_00364.wav,Hindi
train_hindifullfemale_00365.wav,Hindi
train_hindifullfemale_00366.wav,Hindi
train_hindifullfemale_00367.wav,Hindi
train_hindifullfemale_00368.wav,Hindi
train_hindifullfemale_00369.wav,Hindi
train_hindifullfemale_00370.wav,Hindi
train_hindifullfemale_00371.wav,Hindi
train_hindifullfemale_00372.wav,Hindi
train_hindifullfemale_00373.wav,Hindi
train_hindifullfemale_00374.wav,Hindi
train_hindifullfemale_00375.wav,Hindi
train_hindifullfemale_00376.wav,Hindi
train_hindifullfemale_00377.wav,Hindi
train_hindifullfemale_00378.wav,Hindi
train_hindifullfemale_00379.wav,Hindi
train_hindifullfemale_00380.wav,Hindi
train_hindifullfemale_00381.wav,Hindi
train_hindifullfemale_00382.wav,Hindi
train_hindifullfemale_00383.wav,Hindi
train_hindifullfemale_00384.wav,Hindi
train_hindifullfemale_00385.wav,Hindi
train_hindifullfemale_00386.wav,Hindi
train_hindifullfemale_00387.wav,Hindi
train_hindifullfemale_00388.wav,Hindi
train_hindifullfemale_00389.wav,Hindi
train_hindifullfemale_00390.wav,Hindi
train_hindifullfemale_00391.wav,Hindi
train_hindifullfemale_00392.wav,Hindi
train_hindifullfemale_00393.wav,Hindi
train_hindifullfemale_00394.wav,Hindi
train_hindifullfemale_00395.wav,Hindi
train_hindifullfemale_00396.wav,Hindi
train_hindifullfemale_00397.wav,Hindi
train_hindifullfemale_00398.wav,Hindi
train_hindifullfemale_00399.wav,Hindi
train_hindifullfemale_00400.wav,Hindi
train_hindifullfemale_00401.wav,Hindi
train_hindifullfemale_00402.wav,Hindi
train_hindifullfemale_00403.wav,Hindi
train_hindifullfemale_00404.wav,Hindi
train_hindifullfemale_00405.wav,Hindi
train_hindifullfemale_00406.wav,Hindi
train_hindifullfemale_00407.wav,Hindi
train_hindifullfemale_00408.wav,Hindi
train_hindifullfemale_00409.wav,Hindi
train_hindifullfemale_00410.wav,Hindi
train_hindifullfemale_00411.wav,Hindi
train_hindifullfemale_00412.wav,Hindi
train_hindifullfemale_00413.wav,Hindi
train_hindifullfemale_00414.wav,Hindi
train_hindifullfemale_00415.wav,Hindi
train_hindifullfemale_00416.wav,Hindi
train_hindifullfemale_00417.wav,Hindi
train_hindifullfemale_00418.wav,Hindi
train_hindifullfemale_00419.wav,Hindi
train_hindifullfemale_00420.wav,Hindi
train_hindifullfemale_00421.wav,Hindi
train_hindifullfemale_00422.wav,Hindi
train_hindifullfemale_00423.wav,Hindi
train_hindifullfemale_00424.wav,Hindi
train_hindifullfemale_00425.wav,Hindi
train_hindifullfemale_00426.wav,Hindi
train_hindifullfemale_00427.wav,Hindi
train_hindifullfemale_00428.wav,Hindi
train_hindifullfemale_00429.wav,Hindi
train_hindifullfemale_00430.wav,Hindi
train_hindifullfemale_00431.wav,Hindi
train_hindifullfemale_00432.wav,Hindi
train_hindifullfemale_00433.wav,Hindi
train_hindifullfemale_00434.wav,Hindi
train_hindifullfemale_00435.wav,Hindi
train_hindifullfemale_00436.wav,Hindi
train_hindifullfemale_00437.wav,Hindi
train_hindifullfemale_00438.wav,Hindi
train_hindifullfemale_00439.wav,Hindi
train_hindifullfemale_00440.wav,Hindi
train_hindifullfemale_00441.wav,Hindi
train_hindifullfemale_00442.wav,Hindi
train_hindifullfemale_00443.wav,Hindi
train_hindifullfemale_00444.wav,Hindi
train_hindifullfemale_00445.wav,Hindi
train_hindifullfemale_00446.wav,Hindi
train_hindifullfemale_00447.wav,Hindi
train_hindifullfemale_00448.wav,Hindi
train_hindifullfemale_00449.wav,Hindi
train_hindifullfemale_00450.wav,Hindi
train_hindifullfemale_00451.wav,Hindi
train_hindifullfemale_00452.wav,Hindi
train_hindifullfemale_00453.wav,Hindi
train_hindifullfemale_00454.wav,Hindi
train_hindifullfemale_00455.wav,Hindi
train_hindifullfemale_00456.wav,Hindi
train_hindifullfemale_00457.wav,Hindi
train_hindifullfemale_00458.wav,Hindi
train_hindifullfemale_00459.wav,Hindi
train_hindifullfemale_00460.wav,Hindi
train_hindifullfemale_00461.wav,Hindi
train_hindifullfemale_00462.wav,Hindi
train_hindifullfemale_00463.wav,Hindi
train_hindifullfemale_00464.wav,Hindi
train_hindifullfemale_00465.wav,Hindi
train_hindifullfemale_00466.wav,Hindi
train_hindifullfemale_00467.wav,Hindi
train_hindifullfemale_00468.wav,Hindi
train_hindifullfemale_00469.wav,Hindi
train_hindifullfemale_00470.wav,Hindi
train_hindifullfemale_00471.wav,Hindi
train_hindifullfemale_00472.wav,Hindi
train_hindifullfemale_00473.wav,Hindi
train_hindifullfemale_00474.wav,Hindi
train_hindifullfemale_00475.wav,Hindi
train_hindifullfemale_00476.wav,Hindi
train_hindifullfemale_00477.wav,Hindi
train_hindifullfemale_00478.wav,Hindi
train_hindifullfemale_00479.wav,Hindi
train_hindifullfemale_00480.wav,Hindi
train_hindifullfemale_00481.wav,Hindi
train_hindifullfemale_00482.wav,Hindi
train_hindifullfemale_00483.wav,Hindi
train_hindifullfemale_00484.wav,Hindi
train_hindifullfemale_00485.wav,Hindi
train_hindifullfemale_00486.wav,Hindi
train_hindifullfemale_00487.wav,Hindi
train_hindifullfemale_00488.wav,Hindi
train_hindifullfemale_00489.wav,Hindi
train_hindifullfemale_00490.wav,Hindi
train_hindifullfemale_00491.wav,Hindi
train_hindifullfemale_00492.wav,Hindi
train_hindifullfemale_00493.wav,Hindi
train_hindifullfemale_00494.wav,Hindi
train_hindifullfemale_00495.wav,Hindi
train_hindifullfemale_00496.wav,Hindi
train_hindifullfemale_00497.wav,Hindi
train_hindifullfemale_00498.wav,Hindi
train_hindifullfemale_00499.wav,Hindi
train_hindifullfemale_00500.wav,Hindi
train_hindifullfemale_00501.wav,Hindi
train_hindifullfemale_00502.wav,Hindi
train_hindifullfemale_00503.wav,Hindi
train_hindifullfemale_00504.wav,Hindi
train_hindifullfemale_00505.wav,Hindi
train_hindifullfemale_00506.wav,Hindi
train_hindifullfemale_00507.wav,Hindi
train_hindifullfemale_00508.wav,Hindi
train_hindifullfemale_00509.wav,Hindi
train_hindifullfemale_00510.wav,Hindi
train_hindifullfemale_00511.wav,Hindi
train_hindifullfemale_00512.wav,Hindi
train_hindifullfemale_00513.wav,Hindi
train_hindifullfemale_00514.wav,Hindi
train_hindifullfemale_00515.wav,Hindi
train_hindifullfemale_00516.wav,Hindi
train_hindifullfemale_00517.wav,Hindi
train_hindifullfemale_00518.wav,Hindi
train_hindifullfemale_00519.wav,Hindi
train_hindifullfemale_00520.wav,Hindi
train_hindifullfemale_00521.wav,Hindi
train_hindifullfemale_00522.wav,Hindi
train_hindifullfemale_00523.wav,Hindi
train_hindifullfemale_00524.wav,Hindi
train_hindifullfemale_00525.wav,Hindi
train_hindifullfemale_00526.wav,Hindi
train_hindifullfemale_00527.wav,Hindi
train_hindifullfemale_00528.wav,Hindi
train_hindifullfemale_00529.wav,Hindi
train_hindifullfemale_00530.wav,Hindi
train_hindifullfemale_00531.wav,Hindi
train_hindifullfemale_00532.wav,Hindi
train_hindifullfemale_00533.wav,Hindi
train_hindifullfemale_00534.wav,Hindi
train_hindifullfemale_00535.wav,Hindi
train_hindifullfemale_00536.wav,Hindi
train_hindifullfemale_00537.wav,Hindi
train_hindifullfemale_00538.wav,Hindi
train_hindifullfemale_00539.wav,Hindi
train_hindifullfemale_00540.wav,Hindi
train_hindifullfemale_00541.wav,Hindi
train_hindifullfemale_00542.wav,Hindi
train_hindifullfemale_00543.wav,Hindi
train_hindifullfemale_00544.wav,Hindi
train_hindifullfemale_00545.wav,Hindi
train_hindifullfemale_00546.wav,Hindi
train_hindifullfemale_00547.wav,Hindi
train_hindifullfemale_00548.wav,Hindi
train_hindifullfemale_00549.wav,Hindi
train_hindifullfemale_00550.wav,Hindi
train_hindifullfemale_00551.wav,Hindi
train_hindifullfemale_00552.wav,Hindi
train_hindifullfemale_00553.wav,Hindi
train_hindifullfemale_00554.wav,Hindi
train_hindifullfemale_00555.wav,Hindi
train_hindifullfemale_00556.wav,Hindi
train_hindifullfemale_00557.wav,Hindi
train_hindifullfemale_00558.wav,Hindi
train_hindifullfemale_00559.wav,Hindi
train_hindifullfemale_00560.wav,Hindi
train_hindifullfemale_00561.wav,Hindi
train_hindifullfemale_00562.wav,Hindi
train_hindifullfemale_00563.wav,Hindi
train_hindifullfemale_00564.wav,Hindi
train_hindifullfemale_00565.wav,Hindi
train_hindifullfemale_00566.wav,Hindi
train_hindifullfemale_00567.wav,Hindi
train_hindifullfemale_00568.wav,Hindi
train_hindifullfemale_00569.wav,Hindi
train_hindifullfemale_00570.wav,Hindi
train_hindifullfemale_00571.wav,Hindi
train_hindifullfemale_00572.wav,Hindi
train_hindifullfemale_00573.wav,Hindi
train_hindifullfemale_00574.wav,Hindi
train_hindifullfemale_00575.wav,Hindi
train_hindifullfemale_00576.wav,Hindi
train_hindifullfemale_00577.wav,Hindi
train_hindifullfemale_00578.wav,Hindi
train_hindifullfemale_00579.wav,Hindi
train_hindifullfemale_00580.wav,Hindi
train_hindifullfemale_00581.wav,Hindi
train_hindifullfemale_00582.wav,Hindi
train_hindifullfemale_00583.wav,Hindi
train_hindifullfemale_00584.wav,Hindi
train_hindifullfemale_00585.wav,Hindi
train_hindifullfemale_00586.wav,Hindi
train_hindifullfemale_00587.wav,Hindi
train_hindifullfemale_00588.wav,Hindi
train_hindifullfemale_00589.wav,Hindi
train_hindifullfemale_00590.wav,Hindi
train_hindifullfemale_00591.wav,Hindi
train_hindifullfemale_00592.wav,Hindi
train_hindifullfemale_00593.wav,Hindi
train_hindifullfemale_00594.wav,Hindi
train_hindifullfemale_00595.wav,Hindi
train_hindifullfemale_00596.wav,Hindi
train_hindifullfemale_00597.wav,Hindi
train_hindifullfemale_00598.wav,Hindi
train_hindifullfemale_00599.wav,Hindi
train_hindifullfemale_00600.wav,Hindi
train_hindifullfemale_00601.wav,Hindi
train_hindifullfemale_00602.wav,Hindi
train_hindifullfemale_00603.wav,Hindi
train_hindifullfemale_00604.wav,Hindi
train_hindifullfemale_00605.wav,Hindi
train_hindifullfemale_00606.wav,Hindi
train_hindifullfemale_00607.wav,Hindi
train_hindifullfemale_00608.wav,Hindi
train_hindifullfemale_00609.wav,Hindi
train_hindifullfemale_00610.wav,Hindi
train_hindifullfemale_00611.wav,Hindi
train_hindifullfemale_00612.wav,Hindi
train_hindifullfemale_00613.wav,Hindi
train_hindifullfemale_00614.wav,Hindi
train_hindifullfemale_00615.wav,Hindi
train_hindifullfemale_00616.wav,Hindi
train_hindifullfemale_00617.wav,Hindi
train_hindifullfemale_00618.wav,Hindi
train_hindifullfemale_00619.wav,Hindi
train_hindifullfemale_00620.wav,Hindi
train_hindifullfemale_00621.wav,Hindi
train_hindifullfemale_00622.wav,Hindi
train_hindifullfemale_00623.wav,Hindi
train_hindifullfemale_00624.wav,Hindi
train_hindifullfemale_00625.wav,Hindi
train_hindifullfemale_00626.wav,Hindi
train_hindifullfemale_00627.wav,Hindi
train_hindifullfemale_00628.wav,Hindi
train_hindifullfemale_00629.wav,Hindi
train_hindifullfemale_00630.wav,Hindi
train_hindifullfemale_00631.wav,Hindi
train_hindifullfemale_00632.wav,Hindi
train_hindifullfemale_00633.wav,Hindi
train_hindifullfemale_00634.wav,Hindi
train_hindifullfemale_00635.wav,Hindi
train_hindifullfemale_00636.wav,Hindi
train_hindifullfemale_00637.wav,Hindi
train_hindifullfemale_00638.wav,Hindi
train_hindifullfemale_00639.wav,Hindi
train_hindifullfemale_00640.wav,Hindi
train_hindifullfemale_00641.wav,Hindi
train_hindifullfemale_00642.wav,Hindi
train_hindifullfemale_00643.wav,Hindi
train_hindifullfemale_00644.wav,Hindi
train_hindifullfemale_00645.wav,Hindi
train_hindifullfemale_00646.wav,Hindi
train_hindifullfemale_00647.wav,Hindi
train_hindifullfemale_00648.wav,Hindi
train_hindifullfemale_00649.wav,Hindi
train_hindifullfemale_00650.wav,Hindi
train_hindifullfemale_00651.wav,Hindi
train_hindifullfemale_00652.wav,Hindi
train_hindifullfemale_00653.wav,Hindi
train_hindifullfemale_00654.wav,Hindi
train_hindifullfemale_00655.wav,Hindi
train_hindifullfemale_00656.wav,Hindi
train_hindifullfemale_00657.wav,Hindi
train_hindifullfemale_00658.wav,Hindi
train_hindifullfemale_00659.wav,Hindi
train_hindifullfemale_00660.wav,Hindi
train_hindifullfemale_00661.wav,Hindi
train_hindifullfemale_00662.wav,Hindi
train_hindifullfemale_00663.wav,Hindi
train_hindifullfemale_00664.wav,Hindi
train_hindifullfemale_00665.wav,Hindi
train_hindifullfemale_00666.wav,Hindi
train_hindifullfemale_00667.wav,Hindi
train_hindifullfemale_00668.wav,Hindi
train_hindifullfemale_00669.wav,Hindi
train_hindifullfemale_00670.wav,Hindi
train_hindifullfemale_00671.wav,Hindi
train_hindifullfemale_00672.wav,Hindi
train_hindifullfemale_00673.wav,Hindi
train_hindifullfemale_00674.wav,Hindi
train_hindifullfemale_00675.wav,Hindi
train_hindifullfemale_00676.wav,Hindi
train_hindifullfemale_00677.wav,Hindi
train_hindifullfemale_00678.wav,Hindi
train_hindifullfemale_00679.wav,Hindi
train_hindifullfemale_00680.wav,Hindi
train_hindifullfemale_00681.wav,Hindi
train_hindifullfemale_00682.wav,Hindi
train_hindifullfemale_00683.wav,Hindi
train_hindifullfemale_00684.wav,Hindi
train_hindifullfemale_00685.wav,Hindi
train_hindifullfemale_00686.wav,Hindi
train_hindifullfemale_00687.wav,Hindi
train_hindifullfemale_00688.wav,Hindi
train_hindifullfemale_00689.wav,Hindi
train_hindifullfemale_00690.wav,Hindi
train_hindifullfemale_00691.wav,Hindi
train_hindifullfemale_00692.wav,Hindi
train_hindifullfemale_00693.wav,Hindi
train_hindifullfemale_00694.wav,Hindi
train_hindifullfemale_00695.wav,Hindi
train_hindifullfemale_00696.wav,Hindi
train_hindifullfemale_00697.wav,Hindi
train_hindifullfemale_00698.wav,Hindi
train_hindifullfemale_00699.wav,Hindi
train_hindifullfemale_00700.wav,Hindi
train_hindifullfemale_00701.wav,Hindi
train_hindifullfemale_00702.wav,Hindi
train_hindifullfemale_00703.wav,Hindi
train_hindifullfemale_00704.wav,Hindi
train_hindifullfemale_00705.wav,Hindi
train_hindifullfemale_00706.wav,Hindi
train_hindifullfemale_00707.wav,Hindi
train_hindifullfemale_00708.wav,Hindi
train_hindifullfemale_00709.wav,Hindi
train_hindifullfemale_00710.wav,Hindi
train_hindifullfemale_00711.wav,Hindi
train_hindifullfemale_00712.wav,Hindi
train_hindifullfemale_00713.wav,Hindi
train_hindifullfemale_00714.wav,Hindi
train_hindifullfemale_00715.wav,Hindi
train_hindifullfemale_00716.wav,Hindi
train_hindifullfemale_00717.wav,Hindi
train_hindifullfemale_00718.wav,Hindi
train_hindifullfemale_00719.wav,Hindi
train_hindifullfemale_00720.wav,Hindi
train_hindifullfemale_00721.wav,Hindi
train_hindifullfemale_00722.wav,Hindi
train_hindifullfemale_00723.wav,Hindi
train_hindifullfemale_00724.wav,Hindi
train_hindifullfemale_00725.wav,Hindi
train_hindifullfemale_00726.wav,Hindi
train_hindifullfemale_00727.wav,Hindi
train_hindifullfemale_00728.wav,Hindi
train_hindifullfemale_00729.wav,Hindi
train_hindifullfemale_00730.wav,Hindi
train_hindifullfemale_00731.wav,Hindi
train_hindifullfemale_00732.wav,Hindi
train_hindifullfemale_00733.wav,Hindi
train_hindifullfemale_00734.wav,Hindi
train_hindifullfemale_00735.wav,Hindi
train_hindifullfemale_00736.wav,Hindi
train_hindifullfemale_00737.wav,Hindi
train_hindifullfemale_00738.wav,Hindi
train_hindifullfemale_00739.wav,Hindi
train_hindifullfemale_00740.wav,Hindi
train_hindifullfemale_00741.wav,Hindi
train_hindifullfemale_00742.wav,Hindi
train_hindifullfemale_00743.wav,Hindi
train_hindifullfemale_00744.wav,Hindi
train_hindifullfemale_00745.wav,Hindi
train_hindifullfemale_00746.wav,Hindi
train_hindifullfemale_00747.wav,Hindi
train_hindifullfemale_00748.wav,Hindi
train_hindifullfemale_00749.wav,Hindi
train_hindifullfemale_00750.wav,Hindi
train_hindifullfemale_00751.wav,Hindi
train_hindifullfemale_00752.wav,Hindi
train_hindifullfemale_00753.wav,Hindi
train_hindifullfemale_00754.wav,Hindi
train_hindifullfemale_00755.wav,Hindi
train_hindifullfemale_00756.wav,Hindi
train_hindifullfemale_00757.wav,Hindi
train_hindifullfemale_00758.wav,Hindi
train_hindifullfemale_00759.wav,Hindi
train_hindifullfemale_00760.wav,Hindi
train_hindifullfemale_00761.wav,Hindi
train_hindifullfemale_00762.wav,Hindi
train_hindifullfemale_00763.wav,Hindi
train_hindifullfemale_00764.wav,Hindi
train_hindifullfemale_00765.wav,Hindi
train_hindifullfemale_00766.wav,Hindi
train_hindifullfemale_00767.wav,Hindi
train_hindifullfemale_00768.wav,Hindi
train_hindifullfemale_00769.wav,Hindi
train_hindifullfemale_00770.wav,Hindi
train_hindifullfemale_00771.wav,Hindi
train_hindifullfemale_00772.wav,Hindi
train_hindifullfemale_00773.wav,Hindi
train_hindifullfemale_00774.wav,Hindi
train_hindifullfemale_00775.wav,Hindi
train_hindifullfemale_00776.wav,Hindi
train_hindifullfemale_00777.wav,Hindi
train_hindifullfemale_00778.wav,Hindi
train_hindifullfemale_00779.wav,Hindi
train_hindifullfemale_00780.wav,Hindi
train_hindifullfemale_00781.wav,Hindi
train_hindifullfemale_00782.wav,Hindi
train_hindifullfemale_00783.wav,Hindi
train_hindifullfemale_00784.wav,Hindi
train_hindifullfemale_00785.wav,Hindi
train_hindifullfemale_00786.wav,Hindi
train_hindifullfemale_00787.wav,Hindi
train_hindifullfemale_00788.wav,Hindi
train_hindifullfemale_00789.wav,Hindi
train_hindifullfemale_00790.wav,Hindi
train_hindifullfemale_00791.wav,Hindi
train_hindifullfemale_00792.wav,Hindi
train_hindifullfemale_00793.wav,Hindi
train_hindifullfemale_00794.wav,Hindi
train_hindifullfemale_00795.wav,Hindi
train_hindifullfemale_00796.wav,Hindi
train_hindifullfemale_00797.wav,Hindi
train_hindifullfemale_00798.wav,Hindi
train_hindifullfemale_00799.wav,Hindi
train_hindifullfemale_00800.wav,Hindi
train_hindifullfemale_00801.wav,Hindi
train_hindifullfemale_00802.wav,Hindi
train_hindifullfemale_00803.wav,Hindi
train_hindifullfemale_00804.wav,Hindi
train_hindifullfemale_00805.wav,Hindi
train_hindifullfemale_00806.wav,Hindi
train_hindifullfemale_00807.wav,Hindi
train_hindifullfemale_00808.wav,Hindi
train_hindifullfemale_00809.wav,Hindi
train_hindifullfemale_00810.wav,Hindi
train_hindifullfemale_00811.wav,Hindi
train_hindifullfemale_00812.wav,Hindi
train_hindifullfemale_00813.wav,Hindi
train_hindifullfemale_00814.wav,Hindi
train_hindifullfemale_00815.wav,Hindi
train_hindifullfemale_00816.wav,Hindi
train_hindifullfemale_00817.wav,Hindi
train_hindifullfemale_00818.wav,Hindi
train_hindifullfemale_00819.wav,Hindi
train_hindifullfemale_00820.wav,Hindi
train_hindifullfemale_00821.wav,Hindi
train_hindifullfemale_00822.wav,Hindi
train_hindifullfemale_00823.wav,Hindi
train_hindifullfemale_00824.wav,Hindi
train_hindifullfemale_00825.wav,Hindi
train_hindifullfemale_00826.wav,Hindi
train_hindifullfemale_00827.wav,Hindi
train_hindifullfemale_00828.wav,Hindi
train_hindifullfemale_00829.wav,Hindi
train_hindifullfemale_00830.wav,Hindi
train_hindifullfemale_00831.wav,Hindi
train_hindifullfemale_00832.wav,Hindi
train_hindifullfemale_00833.wav,Hindi
train_hindifullfemale_00834.wav,Hindi
train_hindifullfemale_00835.wav,Hindi
train_hindifullfemale_00836.wav,Hindi
train_hindifullfemale_00837.wav,Hindi
train_hindifullfemale_00838.wav,Hindi
train_hindifullfemale_00839.wav,Hindi
train_hindifullfemale_00840.wav,Hindi
train_hindifullfemale_00841.wav,Hindi
train_hindifullfemale_00842.wav,Hindi
train_hindifullfemale_00843.wav,Hindi
train_hindifullfemale_00844.wav,Hindi
train_hindifullfemale_00845.wav,Hindi
train_hindifullfemale_00846.wav,Hindi
train_hindifullfemale_00847.wav,Hindi
train_hindifullfemale_00848.wav,Hindi
train_hindifullfemale_00849.wav,Hindi
train_hindifullfemale_00850.wav,Hindi
train_hindifullfemale_00851.wav,Hindi
train_hindifullfemale_00852.wav,Hindi
train_hindifullfemale_00853.wav,Hindi
train_hindifullfemale_00854.wav,Hindi
train_hindifullfemale_00855.wav,Hindi
train_hindifullfemale_00856.wav,Hindi
train_hindifullfemale_00857.wav,Hindi
train_hindifullfemale_00858.wav,Hindi
train_hindifullfemale_00859.wav,Hindi
train_hindifullfemale_00860.wav,Hindi
train_hindifullfemale_00861.wav,Hindi
train_hindifullfemale_00862.wav,Hindi
train_hindifullfemale_00863.wav,Hindi
train_hindifullfemale_00864.wav,Hindi
train_hindifullfemale_00865.wav,Hindi
train_hindifullfemale_00866.wav,Hindi
train_hindifullfemale_00867.wav,Hindi
train_hindifullfemale_00868.wav,Hindi
train_hindifullfemale_00869.wav,Hindi
train_hindifullfemale_00870.wav,Hindi
train_hindifullfemale_00871.wav,Hindi
train_hindifullfemale_00872.wav,Hindi
train_hindifullfemale_00873.wav,Hindi
train_hindifullfemale_00874.wav,Hindi
train_hindifullfemale_00875.wav,Hindi
train_hindifullfemale_00876.wav,Hindi
train_hindifullfemale_00877.wav,Hindi
train_hindifullfemale_00878.wav,Hindi
train_hindifullfemale_00879.wav,Hindi
train_hindifullfemale_00880.wav,Hindi
train_hindifullfemale_00881.wav,Hindi
train_hindifullfemale_00882.wav,Hindi
train_hindifullfemale_00883.wav,Hindi
train_hindifullfemale_00884.wav,Hindi
train_hindifullfemale_00885.wav,Hindi
train_hindifullfemale_00886.wav,Hindi
train_hindifullfemale_00887.wav,Hindi
train_hindifullfemale_00888.wav,Hindi
train_hindifullfemale_00889.wav,Hindi
train_hindifullfemale_00890.wav,Hindi
train_hindifullfemale_00891.wav,Hindi
train_hindifullfemale_00892.wav,Hindi
train_hindifullfemale_00893.wav,Hindi
train_hindifullfemale_00894.wav,Hindi
train_hindifullfemale_00895.wav,Hindi
train_hindifullfemale_00896.wav,Hindi
train_hindifullfemale_00897.wav,Hindi
train_hindifullfemale_00898.wav,Hindi
train_hindifullfemale_00899.wav,Hindi
train_hindifullfemale_00900.wav,Hindi
train_hindifullfemale_00901.wav,Hindi
train_hindifullfemale_00902.wav,Hindi
train_hindifullfemale_00903.wav,Hindi
train_hindifullfemale_00904.wav,Hindi
train_hindifullfemale_00905.wav,Hindi
train_hindifullfemale_00906.wav,Hindi
train_hindifullfemale_00907.wav,Hindi
train_hindifullfemale_00908.wav,Hindi
train_hindifullfemale_00909.wav,Hindi
train_hindifullfemale_00910.wav,Hindi
train_hindifullfemale_00911.wav,Hindi
train_hindifullfemale_00912.wav,Hindi
train_hindifullfemale_00913.wav,Hindi
train_hindifullfemale_00914.wav,Hindi
train_hindifullfemale_00915.wav,Hindi
train_hindifullfemale_00916.wav,Hindi
train_hindifullfemale_00917.wav,Hindi
train_hindifullfemale_00918.wav,Hindi
train_hindifullfemale_00919.wav,Hindi
train_hindifullfemale_00920.wav,Hindi
train_hindifullfemale_00921.wav,Hindi
train_hindifullfemale_00922.wav,Hindi
train_hindifullfemale_00923.wav,Hindi
train_hindifullfemale_00924.wav,Hindi
train_hindifullfemale_00925.wav,Hindi
train_hindifullfemale_00926.wav,Hindi
train_hindifullfemale_00927.wav,Hindi
train_hindifullfemale_00928.wav,Hindi
train_hindifullfemale_00929.wav,Hindi
train_hindifullfemale_00930.wav,Hindi
train_hindifullfemale_00931.wav,Hindi
train_hindifullfemale_00932.wav,Hindi
train_hindifullfemale_00933.wav,Hindi
train_hindifullfemale_00934.wav,Hindi
train_hindifullfemale_00935.wav,Hindi
train_hindifullfemale_00936.wav,Hindi
train_hindifullfemale_00937.wav,Hindi
train_hindifullfemale_00938.wav,Hindi
train_hindifullfemale_00939.wav,Hindi
train_hindifullfemale_00940.wav,Hindi
train_hindifullfemale_00941.wav,Hindi
train_hindifullfemale_00942.wav,Hindi
train_hindifullfemale_00943.wav,Hindi
train_hindifullfemale_00944.wav,Hindi
train_hindifullfemale_00945.wav,Hindi
train_hindifullfemale_00946.wav,Hindi
train_hindifullfemale_00947.wav,Hindi
train_hindifullfemale_00948.wav,Hindi
train_hindifullfemale_00949.wav,Hindi
train_hindifullfemale_00950.wav,Hindi
train_hindifullfemale_00951.wav,Hindi
train_hindifullfemale_00952.wav,Hindi
train_hindifullfemale_00953.wav,Hindi
train_hindifullfemale_00954.wav,Hindi
train_hindifullfemale_00955.wav,Hindi
train_hindifullfemale_00956.wav,Hindi
train_hindifullfemale_00957.wav,Hindi
train_hindifullfemale_00958.wav,Hindi
train_hindifullfemale_00959.wav,Hindi
train_hindifullfemale_00960.wav,Hindi
train_hindifullfemale_00961.wav,Hindi
train_hindifullfemale_00962.wav,Hindi
train_hindifullfemale_00963.wav,Hindi
train_hindifullfemale_00964.wav,Hindi
train_hindifullfemale_00965.wav,Hindi
train_hindifullfemale_00966.wav,Hindi
train_hindifullfemale_00967.wav,Hindi
train_hindifullfemale_00968.wav,Hindi
train_hindifullfemale_00969.wav,Hindi
train_hindifullfemale_00970.wav,Hindi
train_hindifullfemale_00971.wav,Hindi
train_hindifullfemale_00972.wav,Hindi
train_hindifullfemale_00973.wav,Hindi
train_hindifullfemale_00974.wav,Hindi
train_hindifullfemale_00975.wav,Hindi
train_hindifullfemale_00976.wav,Hindi
train_hindifullfemale_00977.wav,Hindi
train_hindifullfemale_00978.wav,Hindi
train_hindifullfemale_00979.wav,Hindi
train_hindifullfemale_00980.wav,Hindi
train_hindifullfemale_00981.wav,Hindi
train_hindifullfemale_00982.wav,Hindi
train_hindifullfemale_00983.wav,Hindi
train_hindifullfemale_00984.wav,Hindi
train_hindifullfemale_00985.wav,Hindi
train_hindifullfemale_00986.wav,Hindi
train_hindifullfemale_00987.wav,Hindi
train_hindifullfemale_00988.wav,Hindi
train_hindifullfemale_00989.wav,Hindi
train_hindifullfemale_00990.wav,Hindi
train_hindifullfemale_00991.wav,Hindi
train_hindifullfemale_00992.wav,Hindi
train_hindifullfemale_00993.wav,Hindi
train_hindifullfemale_00994.wav,Hindi
train_hindifullfemale_00995.wav,Hindi
train_hindifullfemale_00996.wav,Hindi
train_hindifullfemale_00997.wav,Hindi
train_hindifullfemale_00998.wav,Hindi
train_hindifullfemale_00999.wav,Hindi
train_hindifullfemale_01000.wav,Hindi
train_hindifullmale_00001.wav,Hindi
train_hindifullmale_00002.wav,Hindi
train_hindifullmale_00003.wav,Hindi
train_hindifullmale_00004.wav,Hindi
train_hindifullmale_00005.wav,Hindi
train_hindifullmale_00006.wav,Hindi
train_hindifullmale_00007.wav,Hindi
train_hindifullmale_00008.wav,Hindi
train_hindifullmale_00009.wav,Hindi
train_hindifullmale_00010.wav,Hindi
train_hindifullmale_00011.wav,Hindi
train_hindifullmale_00012.wav,Hindi
train_hindifullmale_00013.wav,Hindi
train_hindifullmale_00014.wav,Hindi
train_hindifullmale_00015.wav,Hindi
train_hindifullmale_00016.wav,Hindi
train_hindifullmale_00017.wav,Hindi
train_hindifullmale_00018.wav,Hindi
train_hindifullmale_00019.wav,Hindi
train_hindifullmale_00020.wav,Hindi
train_hindifullmale_00021.wav,Hindi
train_hindifullmale_00022.wav,Hindi
train_hindifullmale_00023.wav,Hindi
train_hindifullmale_00024.wav,Hindi
train_hindifullmale_00025.wav,Hindi
train_hindifullmale_00026.wav,Hindi
train_hindifullmale_00027.wav,Hindi
train_hindifullmale_00028.wav,Hindi
train_hindifullmale_00029.wav,Hindi
train_hindifullmale_00030.wav,Hindi
train_hindifullmale_00031.wav,Hindi
train_hindifullmale_00032.wav,Hindi
train_hindifullmale_00033.wav,Hindi
train_hindifullmale_00034.wav,Hindi
train_hindifullmale_00035.wav,Hindi
train_hindifullmale_00036.wav,Hindi
train_hindifullmale_00037.wav,Hindi
train_hindifullmale_00038.wav,Hindi
train_hindifullmale_00039.wav,Hindi
train_hindifullmale_00040.wav,Hindi
train_hindifullmale_00041.wav,Hindi
train_hindifullmale_00042.wav,Hindi
train_hindifullmale_00043.wav,Hindi
train_hindifullmale_00044.wav,Hindi
train_hindifullmale_00045.wav,Hindi
train_hindifullmale_00046.wav,Hindi
train_hindifullmale_00047.wav,Hindi
train_hindifullmale_00048.wav,Hindi
train_hindifullmale_00049.wav,Hindi
train_hindifullmale_00050.wav,Hindi
train_hindifullmale_00051.wav,Hindi
train_hindifullmale_00052.wav,Hindi
train_hindifullmale_00053.wav,Hindi
train_hindifullmale_00054.wav,Hindi
train_hindifullmale_00055.wav,Hindi
train_hindifullmale_00056.wav,Hindi
train_hindifullmale_00057.wav,Hindi
train_hindifullmale_00058.wav,Hindi
train_hindifullmale_00059.wav,Hindi
train_hindifullmale_00060.wav,Hindi
train_hindifullmale_00061.wav,Hindi
train_hindifullmale_00062.wav,Hindi
train_hindifullmale_00063.wav,Hindi
train_hindifullmale_00064.wav,Hindi
train_hindifullmale_00065.wav,Hindi
train_hindifullmale_00066.wav,Hindi
train_hindifullmale_00067.wav,Hindi
train_hindifullmale_00068.wav,Hindi
train_hindifullmale_00069.wav,Hindi
train_hindifullmale_00070.wav,Hindi
train_hindifullmale_00071.wav,Hindi
train_hindifullmale_00072.wav,Hindi
train_hindifullmale_00073.wav,Hindi
train_hindifullmale_00074.wav,Hindi
train_hindifullmale_00075.wav,Hindi
train_hindifullmale_00076.wav,Hindi
train_hindifullmale_00077.wav,Hindi
train_hindifullmale_00078.wav,Hindi
train_hindifullmale_00079.wav,Hindi
train_hindifullmale_00080.wav,Hindi
train_hindifullmale_00081.wav,Hindi
train_hindifullmale_00082.wav,Hindi
train_hindifullmale_00083.wav,Hindi
train_hindifullmale_00084.wav,Hindi
train_hindifullmale_00085.wav,Hindi
train_hindifullmale_00086.wav,Hindi
train_hindifullmale_00087.wav,Hindi
train_hindifullmale_00088.wav,Hindi
train_hindifullmale_00089.wav,Hindi
train_hindifullmale_00090.wav,Hindi
train_hindifullmale_00091.wav,Hindi
train_hindifullmale_00092.wav,Hindi
train_hindifullmale_00093.wav,Hindi
train_hindifullmale_00094.wav,Hindi
train_hindifullmale_00095.wav,Hindi
train_hindifullmale_00096.wav,Hindi
train_hindifullmale_00097.wav,Hindi
train_hindifullmale_00098.wav,Hindi
train_hindifullmale_00099.wav,Hindi
train_hindifullmale_00100.wav,Hindi
train_hindifullmale_00101.wav,Hindi
train_hindifullmale_00102.wav,Hindi
train_hindifullmale_00103.wav,Hindi
train_hindifullmale_00104.wav,Hindi
train_hindifullmale_00105.wav,Hindi
train_hindifullmale_00106.wav,Hindi
train_hindifullmale_00107.wav,Hindi
train_hindifullmale_00108.wav,Hindi
train_hindifullmale_00109.wav,Hindi
train_hindifullmale_00110.wav,Hindi
train_hindifullmale_00111.wav,Hindi
train_hindifullmale_00112.wav,Hindi
train_hindifullmale_00113.wav,Hindi
train_hindifullmale_00114.wav,Hindi
train_hindifullmale_00115.wav,Hindi
train_hindifullmale_00116.wav,Hindi
train_hindifullmale_00117.wav,Hindi
train_hindifullmale_00118.wav,Hindi
train_hindifullmale_00119.wav,Hindi
train_hindifullmale_00120.wav,Hindi
train_hindifullmale_00121.wav,Hindi
train_hindifullmale_00122.wav,Hindi
train_hindifullmale_00123.wav,Hindi
train_hindifullmale_00124.wav,Hindi
train_hindifullmale_00125.wav,Hindi
train_hindifullmale_00126.wav,Hindi
train_hindifullmale_00127.wav,Hindi
train_hindifullmale_00128.wav,Hindi
train_hindifullmale_00129.wav,Hindi
train_hindifullmale_00130.wav,Hindi
train_hindifullmale_00131.wav,Hindi
train_hindifullmale_00132.wav,Hindi
train_hindifullmale_00133.wav,Hindi
train_hindifullmale_00134.wav,Hindi
train_hindifullmale_00135.wav,Hindi
train_hindifullmale_00136.wav,Hindi
train_hindifullmale_00137.wav,Hindi
train_hindifullmale_00138.wav,Hindi
train_hindifullmale_00139.wav,Hindi
train_hindifullmale_00140.wav,Hindi
train_hindifullmale_00141.wav,Hindi
train_hindifullmale_00142.wav,Hindi
train_hindifullmale_00143.wav,Hindi
train_hindifullmale_00144.wav,Hindi
train_hindifullmale_00145.wav,Hindi
train_hindifullmale_00146.wav,Hindi
train_hindifullmale_00147.wav,Hindi
train_hindifullmale_00148.wav,Hindi
train_hindifullmale_00149.wav,Hindi
train_hindifullmale_00150.wav,Hindi
train_hindifullmale_00151.wav,Hindi
train_hindifullmale_00152.wav,Hindi
train_hindifullmale_00153.wav,Hindi
train_hindifullmale_00154.wav,Hindi
train_hindifullmale_00155.wav,Hindi
train_hindifullmale_00156.wav,Hindi
train_hindifullmale_00157.wav,Hindi
train_hindifullmale_00158.wav,Hindi
train_hindifullmale_00159.wav,Hindi
train_hindifullmale_00160.wav,Hindi
train_hindifullmale_00161.wav,Hindi
train_hindifullmale_00162.wav,Hindi
train_hindifullmale_00163.wav,Hindi
train_hindifullmale_00164.wav,Hindi
train_hindifullmale_00165.wav,Hindi
train_hindifullmale_00166.wav,Hindi
train_hindifullmale_00167.wav,Hindi
train_hindifullmale_00168.wav,Hindi
train_hindifullmale_00169.wav,Hindi
train_hindifullmale_00170.wav,Hindi
train_hindifullmale_00171.wav,Hindi
train_hindifullmale_00172.wav,Hindi
train_hindifullmale_00173.wav,Hindi
train_hindifullmale_00174.wav,Hindi
train_hindifullmale_00175.wav,Hindi
train_hindifullmale_00176.wav,Hindi
train_hindifullmale_00177.wav,Hindi
train_hindifullmale_00178.wav,Hindi
train_hindifullmale_00179.wav,Hindi
train_hindifullmale_00180.wav,Hindi
train_hindifullmale_00181.wav,Hindi
train_hindifullmale_00182.wav,Hindi
train_hindifullmale_00183.wav,Hindi
train_hindifullmale_00184.wav,Hindi
train_hindifullmale_00185.wav,Hindi
train_hindifullmale_00186.wav,Hindi
train_hindifullmale_00187.wav,Hindi
train_hindifullmale_00188.wav,Hindi
train_hindifullmale_00189.wav,Hindi
train_hindifullmale_00190.wav,Hindi
train_hindifullmale_00191.wav,Hindi
train_hindifullmale_00192.wav,Hindi
train_hindifullmale_00193.wav,Hindi
train_hindifullmale_00194.wav,Hindi
train_hindifullmale_00195.wav,Hindi
train_hindifullmale_00196.wav,Hindi
train_hindifullmale_00197.wav,Hindi
train_hindifullmale_00198.wav,Hindi
train_hindifullmale_00199.wav,Hindi
train_hindifullmale_00200.wav,Hindi
train_hindifullmale_00201.wav,Hindi
train_hindifullmale_00202.wav,Hindi
train_hindifullmale_00203.wav,Hindi
train_hindifullmale_00204.wav,Hindi
train_hindifullmale_00205.wav,Hindi
train_hindifullmale_00206.wav,Hindi
train_hindifullmale_00207.wav,Hindi
train_hindifullmale_00208.wav,Hindi
train_hindifullmale_00209.wav,Hindi
train_hindifullmale_00210.wav,Hindi
train_hindifullmale_00211.wav,Hindi
train_hindifullmale_00212.wav,Hindi
train_hindifullmale_00213.wav,Hindi
train_hindifullmale_00214.wav,Hindi
train_hindifullmale_00215.wav,Hindi
train_hindifullmale_00216.wav,Hindi
train_hindifullmale_00217.wav,Hindi
train_hindifullmale_00218.wav,Hindi
train_hindifullmale_00219.wav,Hindi
train_hindifullmale_00220.wav,Hindi
train_hindifullmale_00221.wav,Hindi
train_hindifullmale_00222.wav,Hindi
train_hindifullmale_00223.wav,Hindi
train_hindifullmale_00224.wav,Hindi
train_hindifullmale_00225.wav,Hindi
train_hindifullmale_00226.wav,Hindi
train_hindifullmale_00227.wav,Hindi
train_hindifullmale_00228.wav,Hindi
train_hindifullmale_00229.wav,Hindi
train_hindifullmale_00230.wav,Hindi
train_hindifullmale_00231.wav,Hindi
train_hindifullmale_00232.wav,Hindi
train_hindifullmale_00233.wav,Hindi
train_hindifullmale_00234.wav,Hindi
train_hindifullmale_00235.wav,Hindi
train_hindifullmale_00236.wav,Hindi
train_hindifullmale_00237.wav,Hindi
train_hindifullmale_00238.wav,Hindi
train_hindifullmale_00239.wav,Hindi
train_hindifullmale_00240.wav,Hindi
train_hindifullmale_00241.wav,Hindi
train_hindifullmale_00242.wav,Hindi
train_hindifullmale_00243.wav,Hindi
train_hindifullmale_00244.wav,Hindi
train_hindifullmale_00245.wav,Hindi
train_hindifullmale_00246.wav,Hindi
train_hindifullmale_00247.wav,Hindi
train_hindifullmale_00248.wav,Hindi
train_hindifullmale_00249.wav,Hindi
train_hindifullmale_00250.wav,Hindi
train_hindifullmale_00251.wav,Hindi
train_hindifullmale_00252.wav,Hindi
train_hindifullmale_00253.wav,Hindi
train_hindifullmale_00254.wav,Hindi
train_hindifullmale_00255.wav,Hindi
train_hindifullmale_00256.wav,Hindi
train_hindifullmale_00257.wav,Hindi
train_hindifullmale_00258.wav,Hindi
train_hindifullmale_00259.wav,Hindi
train_hindifullmale_00260.wav,Hindi
train_hindifullmale_00261.wav,Hindi
train_hindifullmale_00262.wav,Hindi
train_hindifullmale_00263.wav,Hindi
train_hindifullmale_00264.wav,Hindi
train_hindifullmale_00265.wav,Hindi
train_hindifullmale_00266.wav,Hindi
train_hindifullmale_00267.wav,Hindi
train_hindifullmale_00268.wav,Hindi
train_hindifullmale_00269.wav,Hindi
train_hindifullmale_00270.wav,Hindi
train_hindifullmale_00271.wav,Hindi
train_hindifullmale_00272.wav,Hindi
train_hindifullmale_00273.wav,Hindi
train_hindifullmale_00274.wav,Hindi
train_hindifullmale_00275.wav,Hindi
train_hindifullmale_00276.wav,Hindi
train_hindifullmale_00277.wav,Hindi
train_hindifullmale_00278.wav,Hindi
train_hindifullmale_00279.wav,Hindi
train_hindifullmale_00280.wav,Hindi
train_hindifullmale_00281.wav,Hindi
train_hindifullmale_00282.wav,Hindi
train_hindifullmale_00283.wav,Hindi
train_hindifullmale_00284.wav,Hindi
train_hindifullmale_00285.wav,Hindi
train_hindifullmale_00286.wav,Hindi
train_hindifullmale_00287.wav,Hindi
train_hindifullmale_00288.wav,Hindi
train_hindifullmale_00289.wav,Hindi
train_hindifullmale_00290.wav,Hindi
train_hindifullmale_00291.wav,Hindi
train_hindifullmale_00292.wav,Hindi
train_hindifullmale_00293.wav,Hindi
train_hindifullmale_00294.wav,Hindi
train_hindifullmale_00295.wav,Hindi
train_hindifullmale_00296.wav,Hindi
train_hindifullmale_00297.wav,Hindi
train_hindifullmale_00298.wav,Hindi
train_hindifullmale_00299.wav,Hindi
train_hindifullmale_00300.wav,Hindi
train_hindifullmale_00301.wav,Hindi
train_hindifullmale_00302.wav,Hindi
train_hindifullmale_00303.wav,Hindi
train_hindifullmale_00304.wav,Hindi
train_hindifullmale_00305.wav,Hindi
train_hindifullmale_00306.wav,Hindi
train_hindifullmale_00307.wav,Hindi
train_hindifullmale_00308.wav,Hindi
train_hindifullmale_00309.wav,Hindi
train_hindifullmale_00310.wav,Hindi
train_hindifullmale_00311.wav,Hindi
train_hindifullmale_00312.wav,Hindi
train_hindifullmale_00313.wav,Hindi
train_hindifullmale_00314.wav,Hindi
train_hindifullmale_00315.wav,Hindi
train_hindifullmale_00316.wav,Hindi
train_hindifullmale_00317.wav,Hindi
train_hindifullmale_00318.wav,Hindi
train_hindifullmale_00319.wav,Hindi
train_hindifullmale_00320.wav,Hindi
train_hindifullmale_00321.wav,Hindi
train_hindifullmale_00322.wav,Hindi
train_hindifullmale_00323.wav,Hindi
train_hindifullmale_00324.wav,Hindi
train_hindifullmale_00325.wav,Hindi
train_hindifullmale_00326.wav,Hindi
train_hindifullmale_00327.wav,Hindi
train_hindifullmale_00328.wav,Hindi
train_hindifullmale_00329.wav,Hindi
train_hindifullmale_00330.wav,Hindi
train_hindifullmale_00331.wav,Hindi
train_hindifullmale_00332.wav,Hindi
train_hindifullmale_00333.wav,Hindi
train_hindifullmale_00334.wav,Hindi
train_hindifullmale_00335.wav,Hindi
train_hindifullmale_00336.wav,Hindi
train_hindifullmale_00337.wav,Hindi
train_hindifullmale_00338.wav,Hindi
train_hindifullmale_00339.wav,Hindi
train_hindifullmale_00340.wav,Hindi
train_hindifullmale_00341.wav,Hindi
train_hindifullmale_00342.wav,Hindi
train_hindifullmale_00343.wav,Hindi
train_hindifullmale_00344.wav,Hindi
train_hindifullmale_00345.wav,Hindi
train_hindifullmale_00346.wav,Hindi
train_hindifullmale_00347.wav,Hindi
train_hindifullmale_00348.wav,Hindi
train_hindifullmale_00349.wav,Hindi
train_hindifullmale_00350.wav,Hindi
train_hindifullmale_00351.wav,Hindi
train_hindifullmale_00352.wav,Hindi
train_hindifullmale_00353.wav,Hindi
train_hindifullmale_00354.wav,Hindi
train_hindifullmale_00355.wav,Hindi
train_hindifullmale_00356.wav,Hindi
train_hindifullmale_00357.wav,Hindi
train_hindifullmale_00358.wav,Hindi
train_hindifullmale_00359.wav,Hindi
train_hindifullmale_00360.wav,Hindi
train_hindifullmale_00361.wav,Hindi
train_hindifullmale_00362.wav,Hindi
train_hindifullmale_00363.wav,Hindi
train_hindifullmale_00364.wav,Hindi
train_hindifullmale_00365.wav,Hindi
train_hindifullmale_00366.wav,Hindi
train_hindifullmale_00367.wav,Hindi
train_hindifullmale_00368.wav,Hindi
train_hindifullmale_00369.wav,Hindi
train_hindifullmale_00370.wav,Hindi
train_hindifullmale_00371.wav,Hindi
train_hindifullmale_00372.wav,Hindi
train_hindifullmale_00373.wav,Hindi
train_hindifullmale_00374.wav,Hindi
train_hindifullmale_00375.wav,Hindi
train_hindifullmale_00376.wav,Hindi
train_hindifullmale_00377.wav,Hindi
train_hindifullmale_00378.wav,Hindi
train_hindifullmale_00379.wav,Hindi
train_hindifullmale_00380.wav,Hindi
train_hindifullmale_00381.wav,Hindi
train_hindifullmale_00382.wav,Hindi
train_hindifullmale_00383.wav,Hindi
train_hindifullmale_00384.wav,Hindi
train_hindifullmale_00385.wav,Hindi
train_hindifullmale_00386.wav,Hindi
train_hindifullmale_00387.wav,Hindi
train_hindifullmale_00388.wav,Hindi
train_hindifullmale_00389.wav,Hindi
train_hindifullmale_00390.wav,Hindi
train_hindifullmale_00391.wav,Hindi
train_hindifullmale_00392.wav,Hindi
train_hindifullmale_00393.wav,Hindi
train_hindifullmale_00394.wav,Hindi
train_hindifullmale_00395.wav,Hindi
train_hindifullmale_00396.wav,Hindi
train_hindifullmale_00397.wav,Hindi
train_hindifullmale_00398.wav,Hindi
train_hindifullmale_00399.wav,Hindi
train_hindifullmale_00400.wav,Hindi
train_hindifullmale_00401.wav,Hindi
train_hindifullmale_00402.wav,Hindi
train_hindifullmale_00403.wav,Hindi
train_hindifullmale_00404.wav,Hindi
train_hindifullmale_00405.wav,Hindi
train_hindifullmale_00406.wav,Hindi
train_hindifullmale_00407.wav,Hindi
train_hindifullmale_00408.wav,Hindi
train_hindifullmale_00409.wav,Hindi
train_hindifullmale_00410.wav,Hindi
train_hindifullmale_00411.wav,Hindi
train_hindifullmale_00412.wav,Hindi
train_hindifullmale_00413.wav,Hindi
train_hindifullmale_00414.wav,Hindi
train_hindifullmale_00415.wav,Hindi
train_hindifullmale_00416.wav,Hindi
train_hindifullmale_00417.wav,Hindi
train_hindifullmale_00418.wav,Hindi
train_hindifullmale_00419.wav,Hindi
train_hindifullmale_00420.wav,Hindi
train_hindifullmale_00421.wav,Hindi
train_hindifullmale_00422.wav,Hindi
train_hindifullmale_00423.wav,Hindi
train_hindifullmale_00424.wav,Hindi
train_hindifullmale_00425.wav,Hindi
train_hindifullmale_00426.wav,Hindi
train_hindifullmale_00427.wav,Hindi
train_hindifullmale_00428.wav,Hindi
train_hindifullmale_00429.wav,Hindi
train_hindifullmale_00430.wav,Hindi
train_hindifullmale_00431.wav,Hindi
train_hindifullmale_00432.wav,Hindi
train_hindifullmale_00433.wav,Hindi
train_hindifullmale_00434.wav,Hindi
train_hindifullmale_00435.wav,Hindi
train_hindifullmale_00436.wav,Hindi
train_hindifullmale_00437.wav,Hindi
train_hindifullmale_00438.wav,Hindi
train_hindifullmale_00439.wav,Hindi
train_hindifullmale_00440.wav,Hindi
train_hindifullmale_00441.wav,Hindi
train_hindifullmale_00442.wav,Hindi
train_hindifullmale_00443.wav,Hindi
train_hindifullmale_00444.wav,Hindi
train_hindifullmale_00445.wav,Hindi
train_hindifullmale_00446.wav,Hindi
train_hindifullmale_00447.wav,Hindi
train_hindifullmale_00448.wav,Hindi
train_hindifullmale_00449.wav,Hindi
train_hindifullmale_00450.wav,Hindi
train_hindifullmale_00451.wav,Hindi
train_hindifullmale_00452.wav,Hindi
train_hindifullmale_00453.wav,Hindi
train_hindifullmale_00454.wav,Hindi
train_hindifullmale_00455.wav,Hindi
train_hindifullmale_00456.wav,Hindi
train_hindifullmale_00457.wav,Hindi
train_hindifullmale_00458.wav,Hindi
train_hindifullmale_00459.wav,Hindi
train_hindifullmale_00460.wav,Hindi
train_hindifullmale_00461.wav,Hindi
train_hindifullmale_00462.wav,Hindi
train_hindifullmale_00463.wav,Hindi
train_hindifullmale_00464.wav,Hindi
train_hindifullmale_00465.wav,Hindi
train_hindifullmale_00466.wav,Hindi
train_hindifullmale_00467.wav,Hindi
train_hindifullmale_00468.wav,Hindi
train_hindifullmale_00469.wav,Hindi
train_hindifullmale_00470.wav,Hindi
train_hindifullmale_00471.wav,Hindi
train_hindifullmale_00472.wav,Hindi
train_hindifullmale_00473.wav,Hindi
train_hindifullmale_00474.wav,Hindi
train_hindifullmale_00475.wav,Hindi
train_hindifullmale_00476.wav,Hindi
train_hindifullmale_00477.wav,Hindi
train_hindifullmale_00478.wav,Hindi
train_hindifullmale_00479.wav,Hindi
train_hindifullmale_00480.wav,Hindi
train_hindifullmale_00481.wav,Hindi
train_hindifullmale_00482.wav,Hindi
train_hindifullmale_00483.wav,Hindi
train_hindifullmale_00484.wav,Hindi
train_hindifullmale_00485.wav,Hindi
train_hindifullmale_00486.wav,Hindi
train_hindifullmale_00487.wav,Hindi
train_hindifullmale_00488.wav,Hindi
train_hindifullmale_00489.wav,Hindi
train_hindifullmale_00490.wav,Hindi
train_hindifullmale_00491.wav,Hindi
train_hindifullmale_00492.wav,Hindi
train_hindifullmale_00493.wav,Hindi
train_hindifullmale_00494.wav,Hindi
train_hindifullmale_00495.wav,Hindi
train_hindifullmale_00496.wav,Hindi
train_hindifullmale_00497.wav,Hindi
train_hindifullmale_00498.wav,Hindi
train_hindifullmale_00499.wav,Hindi
train_hindifullmale_00500.wav,Hindi
train_hindifullmale_00501.wav,Hindi
train_hindifullmale_00502.wav,Hindi
train_hindifullmale_00503.wav,Hindi
train_hindifullmale_00504.wav,Hindi
train_hindifullmale_00505.wav,Hindi
train_hindifullmale_00506.wav,Hindi
train_hindifullmale_00507.wav,Hindi
train_hindifullmale_00508.wav,Hindi
train_hindifullmale_00509.wav,Hindi
train_hindifullmale_00510.wav,Hindi
train_hindifullmale_00511.wav,Hindi
train_hindifullmale_00512.wav,Hindi
train_hindifullmale_00513.wav,Hindi
train_hindifullmale_00514.wav,Hindi
train_hindifullmale_00515.wav,Hindi
train_hindifullmale_00516.wav,Hindi
train_hindifullmale_00517.wav,Hindi
train_hindifullmale_00518.wav,Hindi
train_hindifullmale_00519.wav,Hindi
train_hindifullmale_00520.wav,Hindi
train_hindifullmale_00521.wav,Hindi
train_hindifullmale_00522.wav,Hindi
train_hindifullmale_00523.wav,Hindi
train_hindifullmale_00524.wav,Hindi
train_hindifullmale_00525.wav,Hindi
train_hindifullmale_00526.wav,Hindi
train_hindifullmale_00527.wav,Hindi
train_hindifullmale_00528.wav,Hindi
train_hindifullmale_00529.wav,Hindi
train_hindifullmale_00530.wav,Hindi
train_hindifullmale_00531.wav,Hindi
train_hindifullmale_00532.wav,Hindi
train_hindifullmale_00533.wav,Hindi
train_hindifullmale_00534.wav,Hindi
train_hindifullmale_00535.wav,Hindi
train_hindifullmale_00536.wav,Hindi
train_hindifullmale_00537.wav,Hindi
train_hindifullmale_00538.wav,Hindi
train_hindifullmale_00539.wav,Hindi
train_hindifullmale_00540.wav,Hindi
train_hindifullmale_00541.wav,Hindi
train_hindifullmale_00542.wav,Hindi
train_hindifullmale_00543.wav,Hindi
train_hindifullmale_00544.wav,Hindi
train_hindifullmale_00545.wav,Hindi
train_hindifullmale_00546.wav,Hindi
train_hindifullmale_00547.wav,Hindi
train_hindifullmale_00548.wav,Hindi
train_hindifullmale_00549.wav,Hindi
train_hindifullmale_00550.wav,Hindi
train_hindifullmale_00551.wav,Hindi
train_hindifullmale_00552.wav,Hindi
train_hindifullmale_00553.wav,Hindi
train_hindifullmale_00554.wav,Hindi
train_hindifullmale_00555.wav,Hindi
train_hindifullmale_00556.wav,Hindi
train_hindifullmale_00557.wav,Hindi
train_hindifullmale_00558.wav,Hindi
train_hindifullmale_00559.wav,Hindi
train_hindifullmale_00560.wav,Hindi
train_hindifullmale_00561.wav,Hindi
train_hindifullmale_00562.wav,Hindi
train_hindifullmale_00563.wav,Hindi
train_hindifullmale_00564.wav,Hindi
train_hindifullmale_00565.wav,Hindi
train_hindifullmale_00566.wav,Hindi
train_hindifullmale_00567.wav,Hindi
train_hindifullmale_00568.wav,Hindi
train_hindifullmale_00569.wav,Hindi
train_hindifullmale_00570.wav,Hindi
train_hindifullmale_00571.wav,Hindi
train_hindifullmale_00572.wav,Hindi
train_hindifullmale_00573.wav,Hindi
train_hindifullmale_00574.wav,Hindi
train_hindifullmale_00575.wav,Hindi
train_hindifullmale_00576.wav,Hindi
train_hindifullmale_00577.wav,Hindi
train_hindifullmale_00578.wav,Hindi
train_hindifullmale_00579.wav,Hindi
train_hindifullmale_00580.wav,Hindi
train_hindifullmale_00581.wav,Hindi
train_hindifullmale_00582.wav,Hindi
train_hindifullmale_00583.wav,Hindi
train_hindifullmale_00584.wav,Hindi
train_hindifullmale_00585.wav,Hindi
train_hindifullmale_00586.wav,Hindi
train_hindifullmale_00587.wav,Hindi
train_hindifullmale_00588.wav,Hindi
train_hindifullmale_00589.wav,Hindi
train_hindifullmale_00590.wav,Hindi
train_hindifullmale_00591.wav,Hindi
train_hindifullmale_00592.wav,Hindi
train_hindifullmale_00593.wav,Hindi
train_hindifullmale_00594.wav,Hindi
train_hindifullmale_00595.wav,Hindi
train_hindifullmale_00596.wav,Hindi
train_hindifullmale_00597.wav,Hindi
train_hindifullmale_00598.wav,Hindi
train_hindifullmale_00599.wav,Hindi
train_hindifullmale_00600.wav,Hindi
train_hindifullmale_00601.wav,Hindi
train_hindifullmale_00602.wav,Hindi
train_hindifullmale_00603.wav,Hindi
train_hindifullmale_00604.wav,Hindi
train_hindifullmale_00605.wav,Hindi
train_hindifullmale_00606.wav,Hindi
train_hindifullmale_00607.wav,Hindi
train_hindifullmale_00608.wav,Hindi
train_hindifullmale_00609.wav,Hindi
train_hindifullmale_00610.wav,Hindi
train_hindifullmale_00611.wav,Hindi
train_hindifullmale_00612.wav,Hindi
train_hindifullmale_00613.wav,Hindi
train_hindifullmale_00614.wav,Hindi
train_hindifullmale_00615.wav,Hindi
train_hindifullmale_00616.wav,Hindi
train_hindifullmale_00617.wav,Hindi
train_hindifullmale_00618.wav,Hindi
train_hindifullmale_00619.wav,Hindi
train_hindifullmale_00620.wav,Hindi
train_hindifullmale_00621.wav,Hindi
train_hindifullmale_00622.wav,Hindi
train_hindifullmale_00623.wav,Hindi
train_hindifullmale_00624.wav,Hindi
train_hindifullmale_00625.wav,Hindi
train_hindifullmale_00626.wav,Hindi
train_hindifullmale_00627.wav,Hindi
train_hindifullmale_00628.wav,Hindi
train_hindifullmale_00629.wav,Hindi
train_hindifullmale_00630.wav,Hindi
train_hindifullmale_00631.wav,Hindi
train_hindifullmale_00632.wav,Hindi
train_hindifullmale_00633.wav,Hindi
train_hindifullmale_00634.wav,Hindi
train_hindifullmale_00635.wav,Hindi
train_hindifullmale_00636.wav,Hindi
train_hindifullmale_00637.wav,Hindi
train_hindifullmale_00638.wav,Hindi
train_hindifullmale_00639.wav,Hindi
train_hindifullmale_00640.wav,Hindi
train_hindifullmale_00641.wav,Hindi
train_hindifullmale_00642.wav,Hindi
train_hindifullmale_00643.wav,Hindi
train_hindifullmale_00644.wav,Hindi
train_hindifullmale_00645.wav,Hindi
train_hindifullmale_00646.wav,Hindi
train_hindifullmale_00647.wav,Hindi
train_hindifullmale_00648.wav,Hindi
train_hindifullmale_00649.wav,Hindi
train_hindifullmale_00650.wav,Hindi
train_hindifullmale_00651.wav,Hindi
train_hindifullmale_00652.wav,Hindi
train_hindifullmale_00653.wav,Hindi
train_hindifullmale_00654.wav,Hindi
train_hindifullmale_00655.wav,Hindi
train_hindifullmale_00656.wav,Hindi
train_hindifullmale_00657.wav,Hindi
train_hindifullmale_00658.wav,Hindi
train_hindifullmale_00659.wav,Hindi
train_hindifullmale_00660.wav,Hindi
train_hindifullmale_00661.wav,Hindi
train_hindifullmale_00662.wav,Hindi
train_hindifullmale_00663.wav,Hindi
train_hindifullmale_00664.wav,Hindi
train_hindifullmale_00665.wav,Hindi
train_hindifullmale_00666.wav,Hindi
train_hindifullmale_00667.wav,Hindi
train_hindifullmale_00668.wav,Hindi
train_hindifullmale_00669.wav,Hindi
train_hindifullmale_00670.wav,Hindi
train_hindifullmale_00671.wav,Hindi
train_hindifullmale_00672.wav,Hindi
train_hindifullmale_00673.wav,Hindi
train_hindifullmale_00674.wav,Hindi
train_hindifullmale_00675.wav,Hindi
train_hindifullmale_00676.wav,Hindi
train_hindifullmale_00677.wav,Hindi
train_hindifullmale_00678.wav,Hindi
train_hindifullmale_00679.wav,Hindi
train_hindifullmale_00680.wav,Hindi
train_hindifullmale_00681.wav,Hindi
train_hindifullmale_00682.wav,Hindi
train_hindifullmale_00683.wav,Hindi
train_hindifullmale_00684.wav,Hindi
train_hindifullmale_00685.wav,Hindi
train_hindifullmale_00686.wav,Hindi
train_hindifullmale_00687.wav,Hindi
train_hindifullmale_00688.wav,Hindi
train_hindifullmale_00689.wav,Hindi
train_hindifullmale_00690.wav,Hindi
train_hindifullmale_00691.wav,Hindi
train_hindifullmale_00692.wav,Hindi
train_hindifullmale_00693.wav,Hindi
train_hindifullmale_00694.wav,Hindi
train_hindifullmale_00695.wav,Hindi
train_hindifullmale_00696.wav,Hindi
train_hindifullmale_00697.wav,Hindi
train_hindifullmale_00698.wav,Hindi
train_hindifullmale_00699.wav,Hindi
train_hindifullmale_00700.wav,Hindi
train_hindifullmale_00701.wav,Hindi
train_hindifullmale_00702.wav,Hindi
train_hindifullmale_00703.wav,Hindi
train_hindifullmale_00704.wav,Hindi
train_hindifullmale_00705.wav,Hindi
train_hindifullmale_00706.wav,Hindi
train_hindifullmale_00707.wav,Hindi
train_hindifullmale_00708.wav,Hindi
train_hindifullmale_00709.wav,Hindi
train_hindifullmale_00710.wav,Hindi
train_hindifullmale_00711.wav,Hindi
train_hindifullmale_00712.wav,Hindi
train_hindifullmale_00713.wav,Hindi
train_hindifullmale_00714.wav,Hindi
train_hindifullmale_00715.wav,Hindi
train_hindifullmale_00716.wav,Hindi
train_hindifullmale_00717.wav,Hindi
train_hindifullmale_00718.wav,Hindi
train_hindifullmale_00719.wav,Hindi
train_hindifullmale_00720.wav,Hindi
train_hindifullmale_00721.wav,Hindi
train_hindifullmale_00722.wav,Hindi
train_hindifullmale_00723.wav,Hindi
train_hindifullmale_00724.wav,Hindi
train_hindifullmale_00725.wav,Hindi
train_hindifullmale_00726.wav,Hindi
train_hindifullmale_00727.wav,Hindi
train_hindifullmale_00728.wav,Hindi
train_hindifullmale_00729.wav,Hindi
train_hindifullmale_00730.wav,Hindi
train_hindifullmale_00731.wav,Hindi
train_hindifullmale_00732.wav,Hindi
train_hindifullmale_00733.wav,Hindi
train_hindifullmale_00734.wav,Hindi
train_hindifullmale_00735.wav,Hindi
train_hindifullmale_00736.wav,Hindi
train_hindifullmale_00737.wav,Hindi
train_hindifullmale_00738.wav,Hindi
train_hindifullmale_00739.wav,Hindi
train_hindifullmale_00740.wav,Hindi
train_hindifullmale_00741.wav,Hindi
train_hindifullmale_00742.wav,Hindi
train_hindifullmale_00743.wav,Hindi
train_hindifullmale_00744.wav,Hindi
train_hindifullmale_00745.wav,Hindi
train_hindifullmale_00746.wav,Hindi
train_hindifullmale_00747.wav,Hindi
train_hindifullmale_00748.wav,Hindi
train_hindifullmale_00749.wav,Hindi
train_hindifullmale_00750.wav,Hindi
train_hindifullmale_00751.wav,Hindi
train_hindifullmale_00752.wav,Hindi
train_hindifullmale_00753.wav,Hindi
train_hindifullmale_00754.wav,Hindi
train_hindifullmale_00755.wav,Hindi
train_hindifullmale_00756.wav,Hindi
train_hindifullmale_00757.wav,Hindi
train_hindifullmale_00758.wav,Hindi
train_hindifullmale_00759.wav,Hindi
train_hindifullmale_00760.wav,Hindi
train_hindifullmale_00761.wav,Hindi
train_hindifullmale_00762.wav,Hindi
train_hindifullmale_00763.wav,Hindi
train_hindifullmale_00764.wav,Hindi
train_hindifullmale_00765.wav,Hindi
train_hindifullmale_00766.wav,Hindi
train_hindifullmale_00767.wav,Hindi
train_hindifullmale_00768.wav,Hindi
train_hindifullmale_00769.wav,Hindi
train_hindifullmale_00770.wav,Hindi
train_hindifullmale_00771.wav,Hindi
train_hindifullmale_00772.wav,Hindi
train_hindifullmale_00773.wav,Hindi
train_hindifullmale_00774.wav,Hindi
train_hindifullmale_00775.wav,Hindi
train_hindifullmale_00776.wav,Hindi
train_hindifullmale_00777.wav,Hindi
train_hindifullmale_00778.wav,Hindi
train_hindifullmale_00779.wav,Hindi
train_hindifullmale_00780.wav,Hindi
train_hindifullmale_00781.wav,Hindi
train_hindifullmale_00782.wav,Hindi
train_hindifullmale_00783.wav,Hindi
train_hindifullmale_00784.wav,Hindi
train_hindifullmale_00785.wav,Hindi
train_hindifullmale_00786.wav,Hindi
train_hindifullmale_00787.wav,Hindi
train_hindifullmale_00788.wav,Hindi
train_hindifullmale_00789.wav,Hindi
train_hindifullmale_00790.wav,Hindi
train_hindifullmale_00791.wav,Hindi
train_hindifullmale_00792.wav,Hindi
train_hindifullmale_00793.wav,Hindi
train_hindifullmale_00794.wav,Hindi
train_hindifullmale_00795.wav,Hindi
train_hindifullmale_00796.wav,Hindi
train_hindifullmale_00797.wav,Hindi
train_hindifullmale_00798.wav,Hindi
train_hindifullmale_00799.wav,Hindi
train_hindifullmale_00800.wav,Hindi
train_hindifullmale_00801.wav,Hindi
train_hindifullmale_00802.wav,Hindi
train_hindifullmale_00803.wav,Hindi
train_hindifullmale_00804.wav,Hindi
train_hindifullmale_00805.wav,Hindi
train_hindifullmale_00806.wav,Hindi
train_hindifullmale_00807.wav,Hindi
train_hindifullmale_00808.wav,Hindi
train_hindifullmale_00809.wav,Hindi
train_hindifullmale_00810.wav,Hindi
train_hindifullmale_00811.wav,Hindi
train_hindifullmale_00812.wav,Hindi
train_hindifullmale_00813.wav,Hindi
train_hindifullmale_00814.wav,Hindi
train_hindifullmale_00815.wav,Hindi
train_hindifullmale_00816.wav,Hindi
train_hindifullmale_00817.wav,Hindi
train_hindifullmale_00818.wav,Hindi
train_hindifullmale_00819.wav,Hindi
train_hindifullmale_00820.wav,Hindi
train_hindifullmale_00821.wav,Hindi
train_hindifullmale_00822.wav,Hindi
train_hindifullmale_00823.wav,Hindi
train_hindifullmale_00824.wav,Hindi
train_hindifullmale_00825.wav,Hindi
train_hindifullmale_00826.wav,Hindi
train_hindifullmale_00827.wav,Hindi
train_hindifullmale_00828.wav,Hindi
train_hindifullmale_00829.wav,Hindi
train_hindifullmale_00830.wav,Hindi
train_hindifullmale_00831.wav,Hindi
train_hindifullmale_00832.wav,Hindi
train_hindifullmale_00833.wav,Hindi
train_hindifullmale_00834.wav,Hindi
train_hindifullmale_00835.wav,Hindi
train_hindifullmale_00836.wav,Hindi
train_hindifullmale_00837.wav,Hindi
train_hindifullmale_00838.wav,Hindi
train_hindifullmale_00839.wav,Hindi
train_hindifullmale_00840.wav,Hindi
train_hindifullmale_00841.wav,Hindi
train_hindifullmale_00842.wav,Hindi
train_hindifullmale_00843.wav,Hindi
train_hindifullmale_00844.wav,Hindi
train_hindifullmale_00845.wav,Hindi
train_hindifullmale_00846.wav,Hindi
train_hindifullmale_00847.wav,Hindi
train_hindifullmale_00848.wav,Hindi
train_hindifullmale_00849.wav,Hindi
train_hindifullmale_00850.wav,Hindi
train_hindifullmale_00851.wav,Hindi
train_hindifullmale_00852.wav,Hindi
train_hindifullmale_00853.wav,Hindi
train_hindifullmale_00854.wav,Hindi
train_hindifullmale_00855.wav,Hindi
train_hindifullmale_00856.wav,Hindi
train_hindifullmale_00857.wav,Hindi
train_hindifullmale_00858.wav,Hindi
train_hindifullmale_00859.wav,Hindi
train_hindifullmale_00860.wav,Hindi
train_hindifullmale_00861.wav,Hindi
train_hindifullmale_00862.wav,Hindi
train_hindifullmale_00863.wav,Hindi
train_hindifullmale_00864.wav,Hindi
train_hindifullmale_00865.wav,Hindi
train_hindifullmale_00866.wav,Hindi
train_hindifullmale_00867.wav,Hindi
train_hindifullmale_00868.wav,Hindi
train_hindifullmale_00869.wav,Hindi
train_hindifullmale_00870.wav,Hindi
train_hindifullmale_00871.wav,Hindi
train_hindifullmale_00872.wav,Hindi
train_hindifullmale_00873.wav,Hindi
train_hindifullmale_00874.wav,Hindi
train_hindifullmale_00875.wav,Hindi
train_hindifullmale_00876.wav,Hindi
train_hindifullmale_00877.wav,Hindi
train_hindifullmale_00878.wav,Hindi
train_hindifullmale_00879.wav,Hindi
train_hindifullmale_00880.wav,Hindi
train_hindifullmale_00881.wav,Hindi
train_hindifullmale_00882.wav,Hindi
train_hindifullmale_00883.wav,Hindi
train_hindifullmale_00884.wav,Hindi
train_hindifullmale_00885.wav,Hindi
train_hindifullmale_00886.wav,Hindi
train_hindifullmale_00887.wav,Hindi
train_hindifullmale_00888.wav,Hindi
train_hindifullmale_00889.wav,Hindi
train_hindifullmale_00890.wav,Hindi
train_hindifullmale_00891.wav,Hindi
train_hindifullmale_00892.wav,Hindi
train_hindifullmale_00893.wav,Hindi
train_hindifullmale_00894.wav,Hindi
train_hindifullmale_00895.wav,Hindi
train_hindifullmale_00896.wav,Hindi
train_hindifullmale_00897.wav,Hindi
train_hindifullmale_00898.wav,Hindi
train_hindifullmale_00899.wav,Hindi
train_hindifullmale_00900.wav,Hindi
train_hindifullmale_00901.wav,Hindi
train_hindifullmale_00902.wav,Hindi
train_hindifullmale_00903.wav,Hindi
train_hindifullmale_00904.wav,Hindi
train_hindifullmale_00905.wav,Hindi
train_hindifullmale_00906.wav,Hindi
train_hindifullmale_00907.wav,Hindi
train_hindifullmale_00908.wav,Hindi
train_hindifullmale_00909.wav,Hindi
train_hindifullmale_00910.wav,Hindi
train_hindifullmale_00911.wav,Hindi
train_hindifullmale_00912.wav,Hindi
train_hindifullmale_00913.wav,Hindi
train_hindifullmale_00914.wav,Hindi
train_hindifullmale_00915.wav,Hindi
train_hindifullmale_00916.wav,Hindi
train_hindifullmale_00917.wav,Hindi
train_hindifullmale_00918.wav,Hindi
train_hindifullmale_00919.wav,Hindi
train_hindifullmale_00920.wav,Hindi
train_hindifullmale_00921.wav,Hindi
train_hindifullmale_00922.wav,Hindi
train_hindifullmale_00923.wav,Hindi
train_hindifullmale_00924.wav,Hindi
train_hindifullmale_00925.wav,Hindi
train_hindifullmale_00926.wav,Hindi
train_hindifullmale_00927.wav,Hindi
train_hindifullmale_00928.wav,Hindi
train_hindifullmale_00929.wav,Hindi
train_hindifullmale_00930.wav,Hindi
train_hindifullmale_00931.wav,Hindi
train_hindifullmale_00932.wav,Hindi
train_hindifullmale_00933.wav,Hindi
train_hindifullmale_00934.wav,Hindi
train_hindifullmale_00935.wav,Hindi
train_hindifullmale_00936.wav,Hindi
train_hindifullmale_00937.wav,Hindi
train_hindifullmale_00938.wav,Hindi
train_hindifullmale_00939.wav,Hindi
train_hindifullmale_00940.wav,Hindi
train_hindifullmale_00941.wav,Hindi
train_hindifullmale_00942.wav,Hindi
train_hindifullmale_00943.wav,Hindi
train_hindifullmale_00944.wav,Hindi
train_hindifullmale_00945.wav,Hindi
train_hindifullmale_00946.wav,Hindi
train_hindifullmale_00947.wav,Hindi
train_hindifullmale_00948.wav,Hindi
train_hindifullmale_00949.wav,Hindi
train_hindifullmale_00950.wav,Hindi
train_hindifullmale_00951.wav,Hindi
train_hindifullmale_00952.wav,Hindi
train_hindifullmale_00953.wav,Hindi
train_hindifullmale_00954.wav,Hindi
train_hindifullmale_00955.wav,Hindi
train_hindifullmale_00956.wav,Hindi
train_hindifullmale_00957.wav,Hindi
train_hindifullmale_00958.wav,Hindi
train_hindifullmale_00959.wav,Hindi
train_hindifullmale_00960.wav,Hindi
train_hindifullmale_00961.wav,Hindi
train_hindifullmale_00962.wav,Hindi
train_hindifullmale_00963.wav,Hindi
train_hindifullmale_00964.wav,Hindi
train_hindifullmale_00965.wav,Hindi
train_hindifullmale_00966.wav,Hindi
train_hindifullmale_00967.wav,Hindi
train_hindifullmale_00968.wav,Hindi
train_hindifullmale_00969.wav,Hindi
train_hindifullmale_00970.wav,Hindi
train_hindifullmale_00971.wav,Hindi
train_hindifullmale_00972.wav,Hindi
train_hindifullmale_00973.wav,Hindi
train_hindifullmale_00974.wav,Hindi
train_hindifullmale_00975.wav,Hindi
train_hindifullmale_00976.wav,Hindi
train_hindifullmale_00977.wav,Hindi
train_hindifullmale_00978.wav,Hindi
train_hindifullmale_00979.wav,Hindi
train_hindifullmale_00980.wav,Hindi
train_hindifullmale_00981.wav,Hindi
train_hindifullmale_00982.wav,Hindi
train_hindifullmale_00983.wav,Hindi
train_hindifullmale_00984.wav,Hindi
train_hindifullmale_00985.wav,Hindi
train_hindifullmale_00986.wav,Hindi
train_hindifullmale_00987.wav,Hindi
train_hindifullmale_00988.wav,Hindi
train_hindifullmale_00989.wav,Hindi
train_hindifullmale_00990.wav,Hindi
train_hindifullmale_00991.wav,Hindi
train_hindifullmale_00992.wav,Hindi
train_hindifullmale_00993.wav,Hindi
train_hindifullmale_00994.wav,Hindi
train_hindifullmale_00995.wav,Hindi
train_hindifullmale_00996.wav,Hindi
train_hindifullmale_00997.wav,Hindi
train_hindifullmale_00998.wav,Hindi
train_hindifullmale_00999.wav,Hindi
train_hindifullmale_01000.wav,Hindi
train_kannadafullfemale_00001.wav,Kannada
train_kannadafullfemale_00002.wav,Kannada
train_kannadafullfemale_00003.wav,Kannada
train_kannadafullfemale_00004.wav,Kannada
train_kannadafullfemale_00005.wav,Kannada
train_kannadafullfemale_00006.wav,Kannada
train_kannadafullfemale_00007.wav,Kannada
train_kannadafullfemale_00008.wav,Kannada
train_kannadafullfemale_00009.wav,Kannada
train_kannadafullfemale_00010.wav,Kannada
train_kannadafullfemale_00011.wav,Kannada
train_kannadafullfemale_00012.wav,Kannada
train_kannadafullfemale_00013.wav,Kannada
train_kannadafullfemale_00014.wav,Kannada
train_kannadafullfemale_00015.wav,Kannada
train_kannadafullfemale_00016.wav,Kannada
train_kannadafullfemale_00017.wav,Kannada
train_kannadafullfemale_00018.wav,Kannada
train_kannadafullfemale_00019.wav,Kannada
train_kannadafullfemale_00020.wav,Kannada
train_kannadafullfemale_00021.wav,Kannada
train_kannadafullfemale_00022.wav,Kannada
train_kannadafullfemale_00023.wav,Kannada
train_kannadafullfemale_00024.wav,Kannada
train_kannadafullfemale_00025.wav,Kannada
train_kannadafullfemale_00026.wav,Kannada
train_kannadafullfemale_00027.wav,Kannada
train_kannadafullfemale_00028.wav,Kannada
train_kannadafullfemale_00029.wav,Kannada
train_kannadafullfemale_00030.wav,Kannada
train_kannadafullfemale_00031.wav,Kannada
train_kannadafullfemale_00032.wav,Kannada
train_kannadafullfemale_00033.wav,Kannada
train_kannadafullfemale_00034.wav,Kannada
train_kannadafullfemale_00035.wav,Kannada
train_kannadafullfemale_00036.wav,Kannada
train_kannadafullfemale_00037.wav,Kannada
train_kannadafullfemale_00038.wav,Kannada
train_kannadafullfemale_00039.wav,Kannada
train_kannadafullfemale_00040.wav,Kannada
train_kannadafullfemale_00041.wav,Kannada
train_kannadafullfemale_00042.wav,Kannada
train_kannadafullfemale_00043.wav,Kannada
train_kannadafullfemale_00044.wav,Kannada
train_kannadafullfemale_00045.wav,Kannada
train_kannadafullfemale_00046.wav,Kannada
train_kannadafullfemale_00047.wav,Kannada
train_kannadafullfemale_00048.wav,Kannada
train_kannadafullfemale_00049.wav,Kannada
train_kannadafullfemale_00050.wav,Kannada
train_kannadafullfemale_00051.wav,Kannada
train_kannadafullfemale_00052.wav,Kannada
train_kannadafullfemale_00053.wav,Kannada
train_kannadafullfemale_00054.wav,Kannada
train_kannadafullfemale_00055.wav,Kannada
train_kannadafullfemale_00056.wav,Kannada
train_kannadafullfemale_00057.wav,Kannada
train_kannadafullfemale_00058.wav,Kannada
train_kannadafullfemale_00059.wav,Kannada
train_kannadafullfemale_00060.wav,Kannada
train_kannadafullfemale_00061.wav,Kannada
train_kannadafullfemale_00062.wav,Kannada
train_kannadafullfemale_00063.wav,Kannada
train_kannadafullfemale_00064.wav,Kannada
train_kannadafullfemale_00065.wav,Kannada
train_kannadafullfemale_00066.wav,Kannada
train_kannadafullfemale_00067.wav,Kannada
train_kannadafullfemale_00068.wav,Kannada
train_kannadafullfemale_00069.wav,Kannada
train_kannadafullfemale_00070.wav,Kannada
train_kannadafullfemale_00071.wav,Kannada
train_kannadafullfemale_00072.wav,Kannada
train_kannadafullfemale_00073.wav,Kannada
train_kannadafullfemale_00074.wav,Kannada
train_kannadafullfemale_00075.wav,Kannada
train_kannadafullfemale_00076.wav,Kannada
train_kannadafullfemale_00077.wav,Kannada
train_kannadafullfemale_00078.wav,Kannada
train_kannadafullfemale_00079.wav,Kannada
train_kannadafullfemale_00080.wav,Kannada
train_kannadafullfemale_00081.wav,Kannada
train_kannadafullfemale_00082.wav,Kannada
train_kannadafullfemale_00083.wav,Kannada
train_kannadafullfemale_00084.wav,Kannada
train_kannadafullfemale_00085.wav,Kannada
train_kannadafullfemale_00086.wav,Kannada
train_kannadafullfemale_00087.wav,Kannada
train_kannadafullfemale_00088.wav,Kannada
train_kannadafullfemale_00089.wav,Kannada
train_kannadafullfemale_00090.wav,Kannada
train_kannadafullfemale_00091.wav,Kannada
train_kannadafullfemale_00092.wav,Kannada
train_kannadafullfemale_00093.wav,Kannada
train_kannadafullfemale_00094.wav,Kannada
train_kannadafullfemale_00095.wav,Kannada
train_kannadafullfemale_00096.wav,Kannada
train_kannadafullfemale_00097.wav,Kannada
train_kannadafullfemale_00098.wav,Kannada
train_kannadafullfemale_00099.wav,Kannada
train_kannadafullfemale_00100.wav,Kannada
train_kannadafullfemale_00101.wav,Kannada
train_kannadafullfemale_00102.wav,Kannada
train_kannadafullfemale_00103.wav,Kannada
train_kannadafullfemale_00104.wav,Kannada
train_kannadafullfemale_00105.wav,Kannada
train_kannadafullfemale_00106.wav,Kannada
train_kannadafullfemale_00107.wav,Kannada
train_kannadafullfemale_00108.wav,Kannada
train_kannadafullfemale_00109.wav,Kannada
train_kannadafullfemale_00110.wav,Kannada
train_kannadafullfemale_00111.wav,Kannada
train_kannadafullfemale_00112.wav,Kannada
train_kannadafullfemale_00113.wav,Kannada
train_kannadafullfemale_00114.wav,Kannada
train_kannadafullfemale_00115.wav,Kannada
train_kannadafullfemale_00116.wav,Kannada
train_kannadafullfemale_00117.wav,Kannada
train_kannadafullfemale_00118.wav,Kannada
train_kannadafullfemale_00119.wav,Kannada
train_kannadafullfemale_00120.wav,Kannada
train_kannadafullfemale_00121.wav,Kannada
train_kannadafullfemale_00122.wav,Kannada
train_kannadafullfemale_00123.wav,Kannada
train_kannadafullfemale_00124.wav,Kannada
train_kannadafullfemale_00125.wav,Kannada
train_kannadafullfemale_00126.wav,Kannada
train_kannadafullfemale_00127.wav,Kannada
train_kannadafullfemale_00128.wav,Kannada
train_kannadafullfemale_00129.wav,Kannada
train_kannadafullfemale_00130.wav,Kannada
train_kannadafullfemale_00131.wav,Kannada
train_kannadafullfemale_00132.wav,Kannada
train_kannadafullfemale_00133.wav,Kannada
train_kannadafullfemale_00134.wav,Kannada
train_kannadafullfemale_00135.wav,Kannada
train_kannadafullfemale_00136.wav,Kannada
train_kannadafullfemale_00137.wav,Kannada
train_kannadafullfemale_00138.wav,Kannada
train_kannadafullfemale_00139.wav,Kannada
train_kannadafullfemale_00140.wav,Kannada
train_kannadafullfemale_00141.wav,Kannada
train_kannadafullfemale_00142.wav,Kannada
train_kannadafullfemale_00143.wav,Kannada
train_kannadafullfemale_00144.wav,Kannada
train_kannadafullfemale_00145.wav,Kannada
train_kannadafullfemale_00146.wav,Kannada
train_kannadafullfemale_00147.wav,Kannada
train_kannadafullfemale_00148.wav,Kannada
train_kannadafullfemale_00149.wav,Kannada
train_kannadafullfemale_00150.wav,Kannada
train_kannadafullfemale_00151.wav,Kannada
train_kannadafullfemale_00152.wav,Kannada
train_kannadafullfemale_00153.wav,Kannada
train_kannadafullfemale_00154.wav,Kannada
train_kannadafullfemale_00155.wav,Kannada
train_kannadafullfemale_00156.wav,Kannada
train_kannadafullfemale_00157.wav,Kannada
train_kannadafullfemale_00158.wav,Kannada
train_kannadafullfemale_00159.wav,Kannada
train_kannadafullfemale_00160.wav,Kannada
train_kannadafullfemale_00161.wav,Kannada
train_kannadafullfemale_00162.wav,Kannada
train_kannadafullfemale_00163.wav,Kannada
train_kannadafullfemale_00164.wav,Kannada
train_kannadafullfemale_00165.wav,Kannada
train_kannadafullfemale_00166.wav,Kannada
train_kannadafullfemale_00167.wav,Kannada
train_kannadafullfemale_00168.wav,Kannada
train_kannadafullfemale_00169.wav,Kannada
train_kannadafullfemale_00170.wav,Kannada
train_kannadafullfemale_00171.wav,Kannada
train_kannadafullfemale_00172.wav,Kannada
train_kannadafullfemale_00173.wav,Kannada
train_kannadafullfemale_00174.wav,Kannada
train_kannadafullfemale_00175.wav,Kannada
train_kannadafullfemale_00176.wav,Kannada
train_kannadafullfemale_00177.wav,Kannada
train_kannadafullfemale_00178.wav,Kannada
train_kannadafullfemale_00179.wav,Kannada
train_kannadafullfemale_00180.wav,Kannada
train_kannadafullfemale_00181.wav,Kannada
train_kannadafullfemale_00182.wav,Kannada
train_kannadafullfemale_00183.wav,Kannada
train_kannadafullfemale_00184.wav,Kannada
train_kannadafullfemale_00185.wav,Kannada
train_kannadafullfemale_00186.wav,Kannada
train_kannadafullfemale_00187.wav,Kannada
train_kannadafullfemale_00188.wav,Kannada
train_kannadafullfemale_00189.wav,Kannada
train_kannadafullfemale_00190.wav,Kannada
train_kannadafullfemale_00191.wav,Kannada
train_kannadafullfemale_00192.wav,Kannada
train_kannadafullfemale_00193.wav,Kannada
train_kannadafullfemale_00194.wav,Kannada
train_kannadafullfemale_00195.wav,Kannada
train_kannadafullfemale_00196.wav,Kannada
train_kannadafullfemale_00197.wav,Kannada
train_kannadafullfemale_00198.wav,Kannada
train_kannadafullfemale_00199.wav,Kannada
train_kannadafullfemale_00200.wav,Kannada
train_kannadafullfemale_00201.wav,Kannada
train_kannadafullfemale_00202.wav,Kannada
train_kannadafullfemale_00203.wav,Kannada
train_kannadafullfemale_00204.wav,Kannada
train_kannadafullfemale_00205.wav,Kannada
train_kannadafullfemale_00206.wav,Kannada
train_kannadafullfemale_00207.wav,Kannada
train_kannadafullfemale_00208.wav,Kannada
train_kannadafullfemale_00209.wav,Kannada
train_kannadafullfemale_00210.wav,Kannada
train_kannadafullfemale_00211.wav,Kannada
train_kannadafullfemale_00212.wav,Kannada
train_kannadafullfemale_00213.wav,Kannada
train_kannadafullfemale_00214.wav,Kannada
train_kannadafullfemale_00215.wav,Kannada
train_kannadafullfemale_00216.wav,Kannada
train_kannadafullfemale_00217.wav,Kannada
train_kannadafullfemale_00218.wav,Kannada
train_kannadafullfemale_00219.wav,Kannada
train_kannadafullfemale_00220.wav,Kannada
train_kannadafullfemale_00221.wav,Kannada
train_kannadafullfemale_00222.wav,Kannada
train_kannadafullfemale_00223.wav,Kannada
train_kannadafullfemale_00224.wav,Kannada
train_kannadafullfemale_00225.wav,Kannada
train_kannadafullfemale_00226.wav,Kannada
train_kannadafullfemale_00227.wav,Kannada
train_kannadafullfemale_00228.wav,Kannada
train_kannadafullfemale_00229.wav,Kannada
train_kannadafullfemale_00230.wav,Kannada
train_kannadafullfemale_00231.wav,Kannada
train_kannadafullfemale_00232.wav,Kannada
train_kannadafullfemale_00233.wav,Kannada
train_kannadafullfemale_00234.wav,Kannada
train_kannadafullfemale_00235.wav,Kannada
train_kannadafullfemale_00236.wav,Kannada
train_kannadafullfemale_00237.wav,Kannada
train_kannadafullfemale_00238.wav,Kannada
train_kannadafullfemale_00239.wav,Kannada
train_kannadafullfemale_00240.wav,Kannada
train_kannadafullfemale_00241.wav,Kannada
train_kannadafullfemale_00242.wav,Kannada
train_kannadafullfemale_00243.wav,Kannada
train_kannadafullfemale_00244.wav,Kannada
train_kannadafullfemale_00245.wav,Kannada
train_kannadafullfemale_00246.wav,Kannada
train_kannadafullfemale_00247.wav,Kannada
train_kannadafullfemale_00248.wav,Kannada
train_kannadafullfemale_00249.wav,Kannada
train_kannadafullfemale_00250.wav,Kannada
train_kannadafullfemale_00251.wav,Kannada
train_kannadafullfemale_00252.wav,Kannada
train_kannadafullfemale_00253.wav,Kannada
train_kannadafullfemale_00254.wav,Kannada
train_kannadafullfemale_00255.wav,Kannada
train_kannadafullfemale_00256.wav,Kannada
train_kannadafullfemale_00257.wav,Kannada
train_kannadafullfemale_00258.wav,Kannada
train_kannadafullfemale_00259.wav,Kannada
train_kannadafullfemale_00260.wav,Kannada
train_kannadafullfemale_00261.wav,Kannada
train_kannadafullfemale_00262.wav,Kannada
train_kannadafullfemale_00263.wav,Kannada
train_kannadafullfemale_00264.wav,Kannada
train_kannadafullfemale_00265.wav,Kannada
train_kannadafullfemale_00266.wav,Kannada
train_kannadafullfemale_00267.wav,Kannada
train_kannadafullfemale_00268.wav,Kannada
train_kannadafullfemale_00269.wav,Kannada
train_kannadafullfemale_00270.wav,Kannada
train_kannadafullfemale_00271.wav,Kannada
train_kannadafullfemale_00272.wav,Kannada
train_kannadafullfemale_00273.wav,Kannada
train_kannadafullfemale_00274.wav,Kannada
train_kannadafullfemale_00275.wav,Kannada
train_kannadafullfemale_00276.wav,Kannada
train_kannadafullfemale_00277.wav,Kannada
train_kannadafullfemale_00278.wav,Kannada
train_kannadafullfemale_00279.wav,Kannada
train_kannadafullfemale_00280.wav,Kannada
train_kannadafullfemale_00281.wav,Kannada
train_kannadafullfemale_00282.wav,Kannada
train_kannadafullfemale_00283.wav,Kannada
train_kannadafullfemale_00284.wav,Kannada
train_kannadafullfemale_00285.wav,Kannada
train_kannadafullfemale_00286.wav,Kannada
train_kannadafullfemale_00287.wav,Kannada
train_kannadafullfemale_00288.wav,Kannada
train_kannadafullfemale_00289.wav,Kannada
train_kannadafullfemale_00290.wav,Kannada
train_kannadafullfemale_00291.wav,Kannada
train_kannadafullfemale_00292.wav,Kannada
train_kannadafullfemale_00293.wav,Kannada
train_kannadafullfemale_00294.wav,Kannada
train_kannadafullfemale_00295.wav,Kannada
train_kannadafullfemale_00296.wav,Kannada
train_kannadafullfemale_00297.wav,Kannada
train_kannadafullfemale_00298.wav,Kannada
train_kannadafullfemale_00299.wav,Kannada
train_kannadafullfemale_00300.wav,Kannada
train_kannadafullfemale_00301.wav,Kannada
train_kannadafullfemale_00302.wav,Kannada
train_kannadafullfemale_00303.wav,Kannada
train_kannadafullfemale_00304.wav,Kannada
train_kannadafullfemale_00305.wav,Kannada
train_kannadafullfemale_00306.wav,Kannada
train_kannadafullfemale_00307.wav,Kannada
train_kannadafullfemale_00308.wav,Kannada
train_kannadafullfemale_00309.wav,Kannada
train_kannadafullfemale_00310.wav,Kannada
train_kannadafullfemale_00311.wav,Kannada
train_kannadafullfemale_00312.wav,Kannada
train_kannadafullfemale_00313.wav,Kannada
train_kannadafullfemale_00314.wav,Kannada
train_kannadafullfemale_00315.wav,Kannada
train_kannadafullfemale_00316.wav,Kannada
train_kannadafullfemale_00317.wav,Kannada
train_kannadafullfemale_00318.wav,Kannada
train_kannadafullfemale_00319.wav,Kannada
train_kannadafullfemale_00320.wav,Kannada
train_kannadafullfemale_00321.wav,Kannada
train_kannadafullfemale_00322.wav,Kannada
train_kannadafullfemale_00323.wav,Kannada
train_kannadafullfemale_00324.wav,Kannada
train_kannadafullfemale_00325.wav,Kannada
train_kannadafullfemale_00326.wav,Kannada
train_kannadafullfemale_00327.wav,Kannada
train_kannadafullfemale_00328.wav,Kannada
train_kannadafullfemale_00329.wav,Kannada
train_kannadafullfemale_00330.wav,Kannada
train_kannadafullfemale_00331.wav,Kannada
train_kannadafullfemale_00332.wav,Kannada
train_kannadafullfemale_00333.wav,Kannada
train_kannadafullfemale_00334.wav,Kannada
train_kannadafullfemale_00335.wav,Kannada
train_kannadafullfemale_00336.wav,Kannada
train_kannadafullfemale_00337.wav,Kannada
train_kannadafullfemale_00338.wav,Kannada
train_kannadafullfemale_00339.wav,Kannada
train_kannadafullfemale_00340.wav,Kannada
train_kannadafullfemale_00341.wav,Kannada
train_kannadafullfemale_00342.wav,Kannada
train_kannadafullfemale_00343.wav,Kannada
train_kannadafullfemale_00344.wav,Kannada
train_kannadafullfemale_00345.wav,Kannada
train_kannadafullfemale_00346.wav,Kannada
train_kannadafullfemale_00347.wav,Kannada
train_kannadafullfemale_00348.wav,Kannada
train_kannadafullfemale_00349.wav,Kannada
train_kannadafullfemale_00350.wav,Kannada
train_kannadafullfemale_00351.wav,Kannada
train_kannadafullfemale_00352.wav,Kannada
train_kannadafullfemale_00353.wav,Kannada
train_kannadafullfemale_00354.wav,Kannada
train_kannadafullfemale_00355.wav,Kannada
train_kannadafullfemale_00356.wav,Kannada
train_kannadafullfemale_00357.wav,Kannada
train_kannadafullfemale_00358.wav,Kannada
train_kannadafullfemale_00359.wav,Kannada
train_kannadafullfemale_00360.wav,Kannada
train_kannadafullfemale_00361.wav,Kannada
train_kannadafullfemale_00362.wav,Kannada
train_kannadafullfemale_00363.wav,Kannada
train_kannadafullfemale_00364.wav,Kannada
train_kannadafullfemale_00365.wav,Kannada
train_kannadafullfemale_00366.wav,Kannada
train_kannadafullfemale_00367.wav,Kannada
train_kannadafullfemale_00368.wav,Kannada
train_kannadafullfemale_00369.wav,Kannada
train_kannadafullfemale_00370.wav,Kannada
train_kannadafullfemale_00371.wav,Kannada
train_kannadafullfemale_00372.wav,Kannada
train_kannadafullfemale_00373.wav,Kannada
train_kannadafullfemale_00374.wav,Kannada
train_kannadafullfemale_00375.wav,Kannada
train_kannadafullfemale_00376.wav,Kannada
train_kannadafullfemale_00377.wav,Kannada
train_kannadafullfemale_00378.wav,Kannada
train_kannadafullfemale_00379.wav,Kannada
train_kannadafullfemale_00380.wav,Kannada
train_kannadafullfemale_00381.wav,Kannada
train_kannadafullfemale_00382.wav,Kannada
train_kannadafullfemale_00383.wav,Kannada
train_kannadafullfemale_00384.wav,Kannada
train_kannadafullfemale_00385.wav,Kannada
train_kannadafullfemale_00386.wav,Kannada
train_kannadafullfemale_00387.wav,Kannada
train_kannadafullfemale_00388.wav,Kannada
train_kannadafullfemale_00389.wav,Kannada
train_kannadafullfemale_00390.wav,Kannada
train_kannadafullfemale_00391.wav,Kannada
train_kannadafullfemale_00392.wav,Kannada
train_kannadafullfemale_00393.wav,Kannada
train_kannadafullfemale_00394.wav,Kannada
train_kannadafullfemale_00395.wav,Kannada
train_kannadafullfemale_00396.wav,Kannada
train_kannadafullfemale_00397.wav,Kannada
train_kannadafullfemale_00398.wav,Kannada
train_kannadafullfemale_00399.wav,Kannada
train_kannadafullfemale_00400.wav,Kannada
train_kannadafullfemale_00401.wav,Kannada
train_kannadafullfemale_00402.wav,Kannada
train_kannadafullfemale_00403.wav,Kannada
train_kannadafullfemale_00404.wav,Kannada
train_kannadafullfemale_00405.wav,Kannada
train_kannadafullfemale_00406.wav,Kannada
train_kannadafullfemale_00407.wav,Kannada
train_kannadafullfemale_00408.wav,Kannada
train_kannadafullfemale_00409.wav,Kannada
train_kannadafullfemale_00410.wav,Kannada
train_kannadafullfemale_00411.wav,Kannada
train_kannadafullfemale_00412.wav,Kannada
train_kannadafullfemale_00413.wav,Kannada
train_kannadafullfemale_00414.wav,Kannada
train_kannadafullfemale_00415.wav,Kannada
train_kannadafullfemale_00416.wav,Kannada
train_kannadafullfemale_00417.wav,Kannada
train_kannadafullfemale_00418.wav,Kannada
train_kannadafullfemale_00419.wav,Kannada
train_kannadafullfemale_00420.wav,Kannada
train_kannadafullfemale_00421.wav,Kannada
train_kannadafullfemale_00422.wav,Kannada
train_kannadafullfemale_00423.wav,Kannada
train_kannadafullfemale_00424.wav,Kannada
train_kannadafullfemale_00425.wav,Kannada
train_kannadafullfemale_00426.wav,Kannada
train_kannadafullfemale_00427.wav,Kannada
train_kannadafullfemale_00428.wav,Kannada
train_kannadafullfemale_00429.wav,Kannada
train_kannadafullfemale_00430.wav,Kannada
train_kannadafullfemale_00431.wav,Kannada
train_kannadafullfemale_00432.wav,Kannada
train_kannadafullfemale_00433.wav,Kannada
train_kannadafullfemale_00434.wav,Kannada
train_kannadafullfemale_00435.wav,Kannada
train_kannadafullfemale_00436.wav,Kannada
train_kannadafullfemale_00437.wav,Kannada
train_kannadafullfemale_00438.wav,Kannada
train_kannadafullfemale_00439.wav,Kannada
train_kannadafullfemale_00440.wav,Kannada
train_kannadafullfemale_00441.wav,Kannada
train_kannadafullfemale_00442.wav,Kannada
train_kannadafullfemale_00443.wav,Kannada
train_kannadafullfemale_00444.wav,Kannada
train_kannadafullfemale_00445.wav,Kannada
train_kannadafullfemale_00446.wav,Kannada
train_kannadafullfemale_00447.wav,Kannada
train_kannadafullfemale_00448.wav,Kannada
train_kannadafullfemale_00449.wav,Kannada
train_kannadafullfemale_00450.wav,Kannada
train_kannadafullfemale_00451.wav,Kannada
train_kannadafullfemale_00452.wav,Kannada
train_kannadafullfemale_00453.wav,Kannada
train_kannadafullfemale_00454.wav,Kannada
train_kannadafullfemale_00455.wav,Kannada
train_kannadafullfemale_00456.wav,Kannada
train_kannadafullfemale_00457.wav,Kannada
train_kannadafullfemale_00458.wav,Kannada
train_kannadafullfemale_00459.wav,Kannada
train_kannadafullfemale_00460.wav,Kannada
train_kannadafullfemale_00461.wav,Kannada
train_kannadafullfemale_00462.wav,Kannada
train_kannadafullfemale_00463.wav,Kannada
train_kannadafullfemale_00464.wav,Kannada
train_kannadafullfemale_00465.wav,Kannada
train_kannadafullfemale_00466.wav,Kannada
train_kannadafullfemale_00467.wav,Kannada
train_kannadafullfemale_00468.wav,Kannada
train_kannadafullfemale_00469.wav,Kannada
train_kannadafullfemale_00470.wav,Kannada
train_kannadafullfemale_00471.wav,Kannada
train_kannadafullfemale_00472.wav,Kannada
train_kannadafullfemale_00473.wav,Kannada
train_kannadafullfemale_00474.wav,Kannada
train_kannadafullfemale_00475.wav,Kannada
train_kannadafullfemale_00476.wav,Kannada
train_kannadafullfemale_00477.wav,Kannada
train_kannadafullfemale_00478.wav,Kannada
train_kannadafullfemale_00479.wav,Kannada
train_kannadafullfemale_00480.wav,Kannada
train_kannadafullfemale_00481.wav,Kannada
train_kannadafullfemale_00482.wav,Kannada
train_kannadafullfemale_00483.wav,Kannada
train_kannadafullfemale_00484.wav,Kannada
train_kannadafullfemale_00485.wav,Kannada
train_kannadafullfemale_00486.wav,Kannada
train_kannadafullfemale_00487.wav,Kannada
train_kannadafullfemale_00488.wav,Kannada
train_kannadafullfemale_00489.wav,Kannada
train_kannadafullfemale_00490.wav,Kannada
train_kannadafullfemale_00491.wav,Kannada
train_kannadafullfemale_00492.wav,Kannada
train_kannadafullfemale_00493.wav,Kannada
train_kannadafullfemale_00494.wav,Kannada
train_kannadafullfemale_00495.wav,Kannada
train_kannadafullfemale_00496.wav,Kannada
train_kannadafullfemale_00497.wav,Kannada
train_kannadafullfemale_00498.wav,Kannada
train_kannadafullfemale_00499.wav,Kannada
train_kannadafullfemale_00500.wav,Kannada
train_kannadafullfemale_00501.wav,Kannada
train_kannadafullfemale_00502.wav,Kannada
train_kannadafullfemale_00503.wav,Kannada
train_kannadafullfemale_00504.wav,Kannada
train_kannadafullfemale_00505.wav,Kannada
train_kannadafullfemale_00506.wav,Kannada
train_kannadafullfemale_00507.wav,Kannada
train_kannadafullfemale_00508.wav,Kannada
train_kannadafullfemale_00509.wav,Kannada
train_kannadafullfemale_00510.wav,Kannada
train_kannadafullfemale_00511.wav,Kannada
train_kannadafullfemale_00512.wav,Kannada
train_kannadafullfemale_00513.wav,Kannada
train_kannadafullfemale_00514.wav,Kannada
train_kannadafullfemale_00515.wav,Kannada
train_kannadafullfemale_00516.wav,Kannada
train_kannadafullfemale_00517.wav,Kannada
train_kannadafullfemale_00518.wav,Kannada
train_kannadafullfemale_00519.wav,Kannada
train_kannadafullfemale_00520.wav,Kannada
train_kannadafullfemale_00521.wav,Kannada
train_kannadafullfemale_00522.wav,Kannada
train_kannadafullfemale_00523.wav,Kannada
train_kannadafullfemale_00524.wav,Kannada
train_kannadafullfemale_00525.wav,Kannada
train_kannadafullfemale_00526.wav,Kannada
train_kannadafullfemale_00527.wav,Kannada
train_kannadafullfemale_00528.wav,Kannada
train_kannadafullfemale_00529.wav,Kannada
train_kannadafullfemale_00530.wav,Kannada
train_kannadafullfemale_00531.wav,Kannada
train_kannadafullfemale_00532.wav,Kannada
train_kannadafullfemale_00533.wav,Kannada
train_kannadafullfemale_00534.wav,Kannada
train_kannadafullfemale_00535.wav,Kannada
train_kannadafullfemale_00536.wav,Kannada
train_kannadafullfemale_00537.wav,Kannada
train_kannadafullfemale_00538.wav,Kannada
train_kannadafullfemale_00539.wav,Kannada
train_kannadafullfemale_00540.wav,Kannada
train_kannadafullfemale_00541.wav,Kannada
train_kannadafullfemale_00542.wav,Kannada
train_kannadafullfemale_00543.wav,Kannada
train_kannadafullfemale_00544.wav,Kannada
train_kannadafullfemale_00545.wav,Kannada
train_kannadafullfemale_00546.wav,Kannada
train_kannadafullfemale_00547.wav,Kannada
train_kannadafullfemale_00548.wav,Kannada
train_kannadafullfemale_00549.wav,Kannada
train_kannadafullfemale_00550.wav,Kannada
train_kannadafullfemale_00551.wav,Kannada
train_kannadafullfemale_00552.wav,Kannada
train_kannadafullfemale_00553.wav,Kannada
train_kannadafullfemale_00554.wav,Kannada
train_kannadafullfemale_00555.wav,Kannada
train_kannadafullfemale_00556.wav,Kannada
train_kannadafullfemale_00557.wav,Kannada
train_kannadafullfemale_00558.wav,Kannada
train_kannadafullfemale_00559.wav,Kannada
train_kannadafullfemale_00560.wav,Kannada
train_kannadafullfemale_00561.wav,Kannada
train_kannadafullfemale_00562.wav,Kannada
train_kannadafullfemale_00563.wav,Kannada
train_kannadafullfemale_00564.wav,Kannada
train_kannadafullfemale_00565.wav,Kannada
train_kannadafullfemale_00566.wav,Kannada
train_kannadafullfemale_00567.wav,Kannada
train_kannadafullfemale_00568.wav,Kannada
train_kannadafullfemale_00569.wav,Kannada
train_kannadafullfemale_00570.wav,Kannada
train_kannadafullfemale_00571.wav,Kannada
train_kannadafullfemale_00572.wav,Kannada
train_kannadafullfemale_00573.wav,Kannada
train_kannadafullfemale_00574.wav,Kannada
train_kannadafullfemale_00575.wav,Kannada
train_kannadafullfemale_00576.wav,Kannada
train_kannadafullfemale_00577.wav,Kannada
train_kannadafullfemale_00578.wav,Kannada
train_kannadafullfemale_00579.wav,Kannada
train_kannadafullfemale_00580.wav,Kannada
train_kannadafullfemale_00581.wav,Kannada
train_kannadafullfemale_00582.wav,Kannada
train_kannadafullfemale_00583.wav,Kannada
train_kannadafullfemale_00584.wav,Kannada
train_kannadafullfemale_00585.wav,Kannada
train_kannadafullfemale_00586.wav,Kannada
train_kannadafullfemale_00587.wav,Kannada
train_kannadafullfemale_00588.wav,Kannada
train_kannadafullfemale_00589.wav,Kannada
train_kannadafullfemale_00590.wav,Kannada
train_kannadafullfemale_00591.wav,Kannada
train_kannadafullfemale_00592.wav,Kannada
train_kannadafullfemale_00593.wav,Kannada
train_kannadafullfemale_00594.wav,Kannada
train_kannadafullfemale_00595.wav,Kannada
train_kannadafullfemale_00596.wav,Kannada
train_kannadafullfemale_00597.wav,Kannada
train_kannadafullfemale_00598.wav,Kannada
train_kannadafullfemale_00599.wav,Kannada
train_kannadafullfemale_00600.wav,Kannada
train_kannadafullfemale_00601.wav,Kannada
train_kannadafullfemale_00602.wav,Kannada
train_kannadafullfemale_00603.wav,Kannada
train_kannadafullfemale_00604.wav,Kannada
train_kannadafullfemale_00605.wav,Kannada
train_kannadafullfemale_00606.wav,Kannada
train_kannadafullfemale_00607.wav,Kannada
train_kannadafullfemale_00608.wav,Kannada
train_kannadafullfemale_00609.wav,Kannada
train_kannadafullfemale_00610.wav,Kannada
train_kannadafullfemale_00611.wav,Kannada
train_kannadafullfemale_00612.wav,Kannada
train_kannadafullfemale_00613.wav,Kannada
train_kannadafullfemale_00614.wav,Kannada
train_kannadafullfemale_00615.wav,Kannada
train_kannadafullfemale_00616.wav,Kannada
train_kannadafullfemale_00617.wav,Kannada
train_kannadafullfemale_00618.wav,Kannada
train_kannadafullfemale_00619.wav,Kannada
train_kannadafullfemale_00620.wav,Kannada
train_kannadafullfemale_00621.wav,Kannada
train_kannadafullfemale_00622.wav,Kannada
train_kannadafullfemale_00623.wav,Kannada
train_kannadafullfemale_00624.wav,Kannada
train_kannadafullfemale_00625.wav,Kannada
train_kannadafullfemale_00626.wav,Kannada
train_kannadafullfemale_00627.wav,Kannada
train_kannadafullfemale_00628.wav,Kannada
train_kannadafullfemale_00629.wav,Kannada
train_kannadafullfemale_00630.wav,Kannada
train_kannadafullfemale_00631.wav,Kannada
train_kannadafullfemale_00632.wav,Kannada
train_kannadafullfemale_00633.wav,Kannada
train_kannadafullfemale_00634.wav,Kannada
train_kannadafullfemale_00635.wav,Kannada
train_kannadafullfemale_00636.wav,Kannada
train_kannadafullfemale_00637.wav,Kannada
train_kannadafullfemale_00638.wav,Kannada
train_kannadafullfemale_00639.wav,Kannada
train_kannadafullfemale_00640.wav,Kannada
train_kannadafullfemale_00641.wav,Kannada
train_kannadafullfemale_00642.wav,Kannada
train_kannadafullfemale_00643.wav,Kannada
train_kannadafullfemale_00644.wav,Kannada
train_kannadafullfemale_00645.wav,Kannada
train_kannadafullfemale_00646.wav,Kannada
train_kannadafullfemale_00647.wav,Kannada
train_kannadafullfemale_00648.wav,Kannada
train_kannadafullfemale_00649.wav,Kannada
train_kannadafullfemale_00650.wav,Kannada
train_kannadafullfemale_00651.wav,Kannada
train_kannadafullfemale_00652.wav,Kannada
train_kannadafullfemale_00653.wav,Kannada
train_kannadafullfemale_00654.wav,Kannada
train_kannadafullfemale_00655.wav,Kannada
train_kannadafullfemale_00656.wav,Kannada
train_kannadafullfemale_00657.wav,Kannada
train_kannadafullfemale_00658.wav,Kannada
train_kannadafullfemale_00659.wav,Kannada
train_kannadafullfemale_00660.wav,Kannada
train_kannadafullfemale_00661.wav,Kannada
train_kannadafullfemale_00662.wav,Kannada
train_kannadafullfemale_00663.wav,Kannada
train_kannadafullfemale_00664.wav,Kannada
train_kannadafullfemale_00665.wav,Kannada
train_kannadafullfemale_00666.wav,Kannada
train_kannadafullfemale_00667.wav,Kannada
train_kannadafullfemale_00668.wav,Kannada
train_kannadafullfemale_00669.wav,Kannada
train_kannadafullfemale_00670.wav,Kannada
train_kannadafullfemale_00671.wav,Kannada
train_kannadafullfemale_00672.wav,Kannada
train_kannadafullfemale_00673.wav,Kannada
train_kannadafullfemale_00674.wav,Kannada
train_kannadafullfemale_00675.wav,Kannada
train_kannadafullfemale_00676.wav,Kannada
train_kannadafullfemale_00677.wav,Kannada
train_kannadafullfemale_00678.wav,Kannada
train_kannadafullfemale_00679.wav,Kannada
train_kannadafullfemale_00680.wav,Kannada
train_kannadafullfemale_00681.wav,Kannada
train_kannadafullfemale_00682.wav,Kannada
train_kannadafullfemale_00683.wav,Kannada
train_kannadafullfemale_00684.wav,Kannada
train_kannadafullfemale_00685.wav,Kannada
train_kannadafullfemale_00686.wav,Kannada
train_kannadafullfemale_00687.wav,Kannada
train_kannadafullfemale_00688.wav,Kannada
train_kannadafullfemale_00689.wav,Kannada
train_kannadafullfemale_00690.wav,Kannada
train_kannadafullfemale_00691.wav,Kannada
train_kannadafullfemale_00692.wav,Kannada
train_kannadafullfemale_00693.wav,Kannada
train_kannadafullfemale_00694.wav,Kannada
train_kannadafullfemale_00695.wav,Kannada
train_kannadafullfemale_00696.wav,Kannada
train_kannadafullfemale_00697.wav,Kannada
train_kannadafullfemale_00698.wav,Kannada
train_kannadafullfemale_00699.wav,Kannada
train_kannadafullfemale_00700.wav,Kannada
train_kannadafullfemale_00701.wav,Kannada
train_kannadafullfemale_00702.wav,Kannada
train_kannadafullfemale_00703.wav,Kannada
train_kannadafullfemale_00704.wav,Kannada
train_kannadafullfemale_00705.wav,Kannada
train_kannadafullfemale_00706.wav,Kannada
train_kannadafullfemale_00707.wav,Kannada
train_kannadafullfemale_00708.wav,Kannada
train_kannadafullfemale_00709.wav,Kannada
train_kannadafullfemale_00710.wav,Kannada
train_kannadafullfemale_00711.wav,Kannada
train_kannadafullfemale_00712.wav,Kannada
train_kannadafullfemale_00713.wav,Kannada
train_kannadafullfemale_00714.wav,Kannada
train_kannadafullfemale_00715.wav,Kannada
train_kannadafullfemale_00716.wav,Kannada
train_kannadafullfemale_00717.wav,Kannada
train_kannadafullfemale_00718.wav,Kannada
train_kannadafullfemale_00719.wav,Kannada
train_kannadafullfemale_00720.wav,Kannada
train_kannadafullfemale_00721.wav,Kannada
train_kannadafullfemale_00722.wav,Kannada
train_kannadafullfemale_00723.wav,Kannada
train_kannadafullfemale_00724.wav,Kannada
train_kannadafullfemale_00725.wav,Kannada
train_kannadafullfemale_00726.wav,Kannada
train_kannadafullfemale_00727.wav,Kannada
train_kannadafullfemale_00728.wav,Kannada
train_kannadafullfemale_00729.wav,Kannada
train_kannadafullfemale_00730.wav,Kannada
train_kannadafullfemale_00731.wav,Kannada
train_kannadafullfemale_00732.wav,Kannada
train_kannadafullfemale_00733.wav,Kannada
train_kannadafullfemale_00734.wav,Kannada
train_kannadafullfemale_00735.wav,Kannada
train_kannadafullfemale_00736.wav,Kannada
train_kannadafullfemale_00737.wav,Kannada
train_kannadafullfemale_00738.wav,Kannada
train_kannadafullfemale_00739.wav,Kannada
train_kannadafullfemale_00740.wav,Kannada
train_kannadafullfemale_00741.wav,Kannada
train_kannadafullfemale_00742.wav,Kannada
train_kannadafullfemale_00743.wav,Kannada
train_kannadafullfemale_00744.wav,Kannada
train_kannadafullfemale_00745.wav,Kannada
train_kannadafullfemale_00746.wav,Kannada
train_kannadafullfemale_00747.wav,Kannada
train_kannadafullfemale_00748.wav,Kannada
train_kannadafullfemale_00749.wav,Kannada
train_kannadafullfemale_00750.wav,Kannada
train_kannadafullfemale_00751.wav,Kannada
train_kannadafullfemale_00752.wav,Kannada
train_kannadafullfemale_00753.wav,Kannada
train_kannadafullfemale_00754.wav,Kannada
train_kannadafullfemale_00755.wav,Kannada
train_kannadafullfemale_00756.wav,Kannada
train_kannadafullfemale_00757.wav,Kannada
train_kannadafullfemale_00758.wav,Kannada
train_kannadafullfemale_00759.wav,Kannada
train_kannadafullfemale_00760.wav,Kannada
train_kannadafullfemale_00761.wav,Kannada
train_kannadafullfemale_00762.wav,Kannada
train_kannadafullfemale_00763.wav,Kannada
train_kannadafullfemale_00764.wav,Kannada
train_kannadafullfemale_00765.wav,Kannada
train_kannadafullfemale_00766.wav,Kannada
train_kannadafullfemale_00767.wav,Kannada
train_kannadafullfemale_00768.wav,Kannada
train_kannadafullfemale_00769.wav,Kannada
train_kannadafullfemale_00770.wav,Kannada
train_kannadafullfemale_00771.wav,Kannada
train_kannadafullfemale_00772.wav,Kannada
train_kannadafullfemale_00773.wav,Kannada
train_kannadafullfemale_00774.wav,Kannada
train_kannadafullfemale_00775.wav,Kannada
train_kannadafullfemale_00776.wav,Kannada
train_kannadafullfemale_00777.wav,Kannada
train_kannadafullfemale_00778.wav,Kannada
train_kannadafullfemale_00779.wav,Kannada
train_kannadafullfemale_00780.wav,Kannada
train_kannadafullfemale_00781.wav,Kannada
train_kannadafullfemale_00782.wav,Kannada
train_kannadafullfemale_00783.wav,Kannada
train_kannadafullfemale_00784.wav,Kannada
train_kannadafullfemale_00785.wav,Kannada
train_kannadafullfemale_00786.wav,Kannada
train_kannadafullfemale_00787.wav,Kannada
train_kannadafullfemale_00788.wav,Kannada
train_kannadafullfemale_00789.wav,Kannada
train_kannadafullfemale_00790.wav,Kannada
train_kannadafullfemale_00791.wav,Kannada
train_kannadafullfemale_00792.wav,Kannada
train_kannadafullfemale_00793.wav,Kannada
train_kannadafullfemale_00794.wav,Kannada
train_kannadafullfemale_00795.wav,Kannada
train_kannadafullfemale_00796.wav,Kannada
train_kannadafullfemale_00797.wav,Kannada
train_kannadafullfemale_00798.wav,Kannada
train_kannadafullfemale_00799.wav,Kannada
train_kannadafullfemale_00800.wav,Kannada
train_kannadafullfemale_00801.wav,Kannada
train_kannadafullfemale_00802.wav,Kannada
train_kannadafullfemale_00803.wav,Kannada
train_kannadafullfemale_00804.wav,Kannada
train_kannadafullfemale_00805.wav,Kannada
train_kannadafullfemale_00806.wav,Kannada
train_kannadafullfemale_00807.wav,Kannada
train_kannadafullfemale_00808.wav,Kannada
train_kannadafullfemale_00809.wav,Kannada
train_kannadafullfemale_00810.wav,Kannada
train_kannadafullfemale_00811.wav,Kannada
train_kannadafullfemale_00812.wav,Kannada
train_kannadafullfemale_00813.wav,Kannada
train_kannadafullfemale_00814.wav,Kannada
train_kannadafullfemale_00815.wav,Kannada
train_kannadafullfemale_00816.wav,Kannada
train_kannadafullfemale_00817.wav,Kannada
train_kannadafullfemale_00818.wav,Kannada
train_kannadafullfemale_00819.wav,Kannada
train_kannadafullfemale_00820.wav,Kannada
train_kannadafullfemale_00821.wav,Kannada
train_kannadafullfemale_00822.wav,Kannada
train_kannadafullfemale_00823.wav,Kannada
train_kannadafullfemale_00824.wav,Kannada
train_kannadafullfemale_00825.wav,Kannada
train_kannadafullfemale_00826.wav,Kannada
train_kannadafullfemale_00827.wav,Kannada
train_kannadafullfemale_00828.wav,Kannada
train_kannadafullfemale_00829.wav,Kannada
train_kannadafullfemale_00830.wav,Kannada
train_kannadafullfemale_00831.wav,Kannada
train_kannadafullfemale_00832.wav,Kannada
train_kannadafullfemale_00833.wav,Kannada
train_kannadafullfemale_00834.wav,Kannada
train_kannadafullfemale_00835.wav,Kannada
train_kannadafullfemale_00836.wav,Kannada
train_kannadafullfemale_00837.wav,Kannada
train_kannadafullfemale_00838.wav,Kannada
train_kannadafullfemale_00839.wav,Kannada
train_kannadafullfemale_00840.wav,Kannada
train_kannadafullfemale_00841.wav,Kannada
train_kannadafullfemale_00842.wav,Kannada
train_kannadafullfemale_00843.wav,Kannada
train_kannadafullfemale_00844.wav,Kannada
train_kannadafullfemale_00845.wav,Kannada
train_kannadafullfemale_00846.wav,Kannada
train_kannadafullfemale_00847.wav,Kannada
train_kannadafullfemale_00848.wav,Kannada
train_kannadafullfemale_00849.wav,Kannada
train_kannadafullfemale_00850.wav,Kannada
train_kannadafullfemale_00851.wav,Kannada
train_kannadafullfemale_00852.wav,Kannada
train_kannadafullfemale_00853.wav,Kannada
train_kannadafullfemale_00854.wav,Kannada
train_kannadafullfemale_00855.wav,Kannada
train_kannadafullfemale_00856.wav,Kannada
train_kannadafullfemale_00857.wav,Kannada
train_kannadafullfemale_00858.wav,Kannada
train_kannadafullfemale_00859.wav,Kannada
train_kannadafullfemale_00860.wav,Kannada
train_kannadafullfemale_00861.wav,Kannada
train_kannadafullfemale_00862.wav,Kannada
train_kannadafullfemale_00863.wav,Kannada
train_kannadafullfemale_00864.wav,Kannada
train_kannadafullfemale_00865.wav,Kannada
train_kannadafullfemale_00866.wav,Kannada
train_kannadafullfemale_00867.wav,Kannada
train_kannadafullfemale_00868.wav,Kannada
train_kannadafullfemale_00869.wav,Kannada
train_kannadafullfemale_00870.wav,Kannada
train_kannadafullfemale_00871.wav,Kannada
train_kannadafullfemale_00872.wav,Kannada
train_kannadafullfemale_00873.wav,Kannada
train_kannadafullfemale_00874.wav,Kannada
train_kannadafullfemale_00875.wav,Kannada
train_kannadafullfemale_00876.wav,Kannada
train_kannadafullfemale_00877.wav,Kannada
train_kannadafullfemale_00878.wav,Kannada
train_kannadafullfemale_00879.wav,Kannada
train_kannadafullfemale_00880.wav,Kannada
train_kannadafullfemale_00881.wav,Kannada
train_kannadafullfemale_00882.wav,Kannada
train_kannadafullfemale_00883.wav,Kannada
train_kannadafullfemale_00884.wav,Kannada
train_kannadafullfemale_00885.wav,Kannada
train_kannadafullfemale_00886.wav,Kannada
train_kannadafullfemale_00887.wav,Kannada
train_kannadafullfemale_00888.wav,Kannada
train_kannadafullfemale_00889.wav,Kannada
train_kannadafullfemale_00890.wav,Kannada
train_kannadafullfemale_00891.wav,Kannada
train_kannadafullfemale_00892.wav,Kannada
train_kannadafullfemale_00893.wav,Kannada
train_kannadafullfemale_00894.wav,Kannada
train_kannadafullfemale_00895.wav,Kannada
train_kannadafullfemale_00896.wav,Kannada
train_kannadafullfemale_00897.wav,Kannada
train_kannadafullfemale_00898.wav,Kannada
train_kannadafullfemale_00899.wav,Kannada
train_kannadafullfemale_00900.wav,Kannada
train_kannadafullfemale_00901.wav,Kannada
train_kannadafullfemale_00902.wav,Kannada
train_kannadafullfemale_00903.wav,Kannada
train_kannadafullfemale_00904.wav,Kannada
train_kannadafullfemale_00905.wav,Kannada
train_kannadafullfemale_00906.wav,Kannada
train_kannadafullfemale_00907.wav,Kannada
train_kannadafullfemale_00908.wav,Kannada
train_kannadafullfemale_00909.wav,Kannada
train_kannadafullfemale_00910.wav,Kannada
train_kannadafullfemale_00911.wav,Kannada
train_kannadafullfemale_00912.wav,Kannada
train_kannadafullfemale_00913.wav,Kannada
train_kannadafullfemale_00914.wav,Kannada
train_kannadafullfemale_00915.wav,Kannada
train_kannadafullfemale_00916.wav,Kannada
train_kannadafullfemale_00917.wav,Kannada
train_kannadafullfemale_00918.wav,Kannada
train_kannadafullfemale_00919.wav,Kannada
train_kannadafullfemale_00920.wav,Kannada
train_kannadafullfemale_00921.wav,Kannada
train_kannadafullfemale_00922.wav,Kannada
train_kannadafullfemale_00923.wav,Kannada
train_kannadafullfemale_00924.wav,Kannada
train_kannadafullfemale_00925.wav,Kannada
train_kannadafullfemale_00926.wav,Kannada
train_kannadafullfemale_00927.wav,Kannada
train_kannadafullfemale_00928.wav,Kannada
train_kannadafullfemale_00929.wav,Kannada
train_kannadafullfemale_00930.wav,Kannada
train_kannadafullfemale_00931.wav,Kannada
train_kannadafullfemale_00932.wav,Kannada
train_kannadafullfemale_00933.wav,Kannada
train_kannadafullfemale_00934.wav,Kannada
train_kannadafullfemale_00935.wav,Kannada
train_kannadafullfemale_00936.wav,Kannada
train_kannadafullfemale_00937.wav,Kannada
train_kannadafullfemale_00938.wav,Kannada
train_kannadafullfemale_00939.wav,Kannada
train_kannadafullfemale_00940.wav,Kannada
train_kannadafullfemale_00941.wav,Kannada
train_kannadafullfemale_00942.wav,Kannada
train_kannadafullfemale_00943.wav,Kannada
train_kannadafullfemale_00944.wav,Kannada
train_kannadafullfemale_00945.wav,Kannada
train_kannadafullfemale_00946.wav,Kannada
train_kannadafullfemale_00947.wav,Kannada
train_kannadafullfemale_00948.wav,Kannada
train_kannadafullfemale_00949.wav,Kannada
train_kannadafullfemale_00950.wav,Kannada
train_kannadafullfemale_00951.wav,Kannada
train_kannadafullfemale_00952.wav,Kannada
train_kannadafullfemale_00953.wav,Kannada
train_kannadafullfemale_00954.wav,Kannada
train_kannadafullfemale_00955.wav,Kannada
train_kannadafullfemale_00956.wav,Kannada
train_kannadafullfemale_00957.wav,Kannada
train_kannadafullfemale_00958.wav,Kannada
train_kannadafullfemale_00959.wav,Kannada
train_kannadafullfemale_00960.wav,Kannada
train_kannadafullfemale_00961.wav,Kannada
train_kannadafullfemale_00962.wav,Kannada
train_kannadafullfemale_00963.wav,Kannada
train_kannadafullfemale_00964.wav,Kannada
train_kannadafullfemale_00965.wav,Kannada
train_kannadafullfemale_00966.wav,Kannada
train_kannadafullfemale_00967.wav,Kannada
train_kannadafullfemale_00968.wav,Kannada
train_kannadafullfemale_00969.wav,Kannada
train_kannadafullfemale_00970.wav,Kannada
train_kannadafullfemale_00971.wav,Kannada
train_kannadafullfemale_00972.wav,Kannada
train_kannadafullfemale_00973.wav,Kannada
train_kannadafullfemale_00974.wav,Kannada
train_kannadafullfemale_00975.wav,Kannada
train_kannadafullfemale_00976.wav,Kannada
train_kannadafullfemale_00977.wav,Kannada
train_kannadafullfemale_00978.wav,Kannada
train_kannadafullfemale_00979.wav,Kannada
train_kannadafullfemale_00980.wav,Kannada
train_kannadafullfemale_00981.wav,Kannada
train_kannadafullfemale_00982.wav,Kannada
train_kannadafullfemale_00983.wav,Kannada
train_kannadafullfemale_00984.wav,Kannada
train_kannadafullfemale_00985.wav,Kannada
train_kannadafullfemale_00986.wav,Kannada
train_kannadafullfemale_00987.wav,Kannada
train_kannadafullfemale_00988.wav,Kannada
train_kannadafullfemale_00989.wav,Kannada
train_kannadafullfemale_00990.wav,Kannada
train_kannadafullfemale_00991.wav,Kannada
train_kannadafullfemale_00992.wav,Kannada
train_kannadafullfemale_00993.wav,Kannada
train_kannadafullfemale_00994.wav,Kannada
train_kannadafullfemale_00995.wav,Kannada
train_kannadafullfemale_00996.wav,Kannada
train_kannadafullfemale_00997.wav,Kannada
train_kannadafullfemale_00998.wav,Kannada
train_kannadafullfemale_00999.wav,Kannada
train_kannadafullfemale_01000.wav,Kannada
train_kannadafullmale_00001.wav,Kannada
train_kannadafullmale_00002.wav,Kannada
train_kannadafullmale_00003.wav,Kannada
train_kannadafullmale_00004.wav,Kannada
train_kannadafullmale_00005.wav,Kannada
train_kannadafullmale_00006.wav,Kannada
train_kannadafullmale_00007.wav,Kannada
train_kannadafullmale_00008.wav,Kannada
train_kannadafullmale_00009.wav,Kannada
train_kannadafullmale_00010.wav,Kannada
train_kannadafullmale_00011.wav,Kannada
train_kannadafullmale_00012.wav,Kannada
train_kannadafullmale_00013.wav,Kannada
train_kannadafullmale_00014.wav,Kannada
train_kannadafullmale_00015.wav,Kannada
train_kannadafullmale_00016.wav,Kannada
train_kannadafullmale_00017.wav,Kannada
train_kannadafullmale_00018.wav,Kannada
train_kannadafullmale_00019.wav,Kannada
train_kannadafullmale_00020.wav,Kannada
train_kannadafullmale_00021.wav,Kannada
train_kannadafullmale_00022.wav,Kannada
train_kannadafullmale_00023.wav,Kannada
train_kannadafullmale_00024.wav,Kannada
train_kannadafullmale_00025.wav,Kannada
train_kannadafullmale_00026.wav,Kannada
train_kannadafullmale_00027.wav,Kannada
train_kannadafullmale_00028.wav,Kannada
train_kannadafullmale_00029.wav,Kannada
train_kannadafullmale_00030.wav,Kannada
train_kannadafullmale_00031.wav,Kannada
train_kannadafullmale_00032.wav,Kannada
train_kannadafullmale_00033.wav,Kannada
train_kannadafullmale_00034.wav,Kannada
train_kannadafullmale_00035.wav,Kannada
train_kannadafullmale_00036.wav,Kannada
train_kannadafullmale_00037.wav,Kannada
train_kannadafullmale_00038.wav,Kannada
train_kannadafullmale_00039.wav,Kannada
train_kannadafullmale_00040.wav,Kannada
train_kannadafullmale_00041.wav,Kannada
train_kannadafullmale_00042.wav,Kannada
train_kannadafullmale_00043.wav,Kannada
train_kannadafullmale_00044.wav,Kannada
train_kannadafullmale_00045.wav,Kannada
train_kannadafullmale_00046.wav,Kannada
train_kannadafullmale_00047.wav,Kannada
train_kannadafullmale_00048.wav,Kannada
train_kannadafullmale_00049.wav,Kannada
train_kannadafullmale_00050.wav,Kannada
train_kannadafullmale_00051.wav,Kannada
train_kannadafullmale_00052.wav,Kannada
train_kannadafullmale_00053.wav,Kannada
train_kannadafullmale_00054.wav,Kannada
train_kannadafullmale_00055.wav,Kannada
train_kannadafullmale_00056.wav,Kannada
train_kannadafullmale_00057.wav,Kannada
train_kannadafullmale_00058.wav,Kannada
train_kannadafullmale_00059.wav,Kannada
train_kannadafullmale_00060.wav,Kannada
train_kannadafullmale_00061.wav,Kannada
train_kannadafullmale_00062.wav,Kannada
train_kannadafullmale_00063.wav,Kannada
train_kannadafullmale_00064.wav,Kannada
train_kannadafullmale_00065.wav,Kannada
train_kannadafullmale_00066.wav,Kannada
train_kannadafullmale_00067.wav,Kannada
train_kannadafullmale_00068.wav,Kannada
train_kannadafullmale_00069.wav,Kannada
train_kannadafullmale_00070.wav,Kannada
train_kannadafullmale_00071.wav,Kannada
train_kannadafullmale_00072.wav,Kannada
train_kannadafullmale_00073.wav,Kannada
train_kannadafullmale_00074.wav,Kannada
train_kannadafullmale_00075.wav,Kannada
train_kannadafullmale_00076.wav,Kannada
train_kannadafullmale_00077.wav,Kannada
train_kannadafullmale_00078.wav,Kannada
train_kannadafullmale_00079.wav,Kannada
train_kannadafullmale_00080.wav,Kannada
train_kannadafullmale_00081.wav,Kannada
train_kannadafullmale_00082.wav,Kannada
train_kannadafullmale_00083.wav,Kannada
train_kannadafullmale_00084.wav,Kannada
train_kannadafullmale_00085.wav,Kannada
train_kannadafullmale_00086.wav,Kannada
train_kannadafullmale_00087.wav,Kannada
train_kannadafullmale_00088.wav,Kannada
train_kannadafullmale_00089.wav,Kannada
train_kannadafullmale_00090.wav,Kannada
train_kannadafullmale_00091.wav,Kannada
train_kannadafullmale_00092.wav,Kannada
train_kannadafullmale_00093.wav,Kannada
train_kannadafullmale_00094.wav,Kannada
train_kannadafullmale_00095.wav,Kannada
train_kannadafullmale_00096.wav,Kannada
train_kannadafullmale_00097.wav,Kannada
train_kannadafullmale_00098.wav,Kannada
train_kannadafullmale_00099.wav,Kannada
train_kannadafullmale_00100.wav,Kannada
train_kannadafullmale_00101.wav,Kannada
train_kannadafullmale_00102.wav,Kannada
train_kannadafullmale_00103.wav,Kannada
train_kannadafullmale_00104.wav,Kannada
train_kannadafullmale_00105.wav,Kannada
train_kannadafullmale_00106.wav,Kannada
train_kannadafullmale_00107.wav,Kannada
train_kannadafullmale_00108.wav,Kannada
train_kannadafullmale_00109.wav,Kannada
train_kannadafullmale_00110.wav,Kannada
train_kannadafullmale_00111.wav,Kannada
train_kannadafullmale_00112.wav,Kannada
train_kannadafullmale_00113.wav,Kannada
train_kannadafullmale_00114.wav,Kannada
train_kannadafullmale_00115.wav,Kannada
train_kannadafullmale_00116.wav,Kannada
train_kannadafullmale_00117.wav,Kannada
train_kannadafullmale_00118.wav,Kannada
train_kannadafullmale_00119.wav,Kannada
train_kannadafullmale_00120.wav,Kannada
train_kannadafullmale_00121.wav,Kannada
train_kannadafullmale_00122.wav,Kannada
train_kannadafullmale_00123.wav,Kannada
train_kannadafullmale_00124.wav,Kannada
train_kannadafullmale_00125.wav,Kannada
train_kannadafullmale_00126.wav,Kannada
train_kannadafullmale_00127.wav,Kannada
train_kannadafullmale_00128.wav,Kannada
train_kannadafullmale_00129.wav,Kannada
train_kannadafullmale_00130.wav,Kannada
train_kannadafullmale_00131.wav,Kannada
train_kannadafullmale_00132.wav,Kannada
train_kannadafullmale_00133.wav,Kannada
train_kannadafullmale_00134.wav,Kannada
train_kannadafullmale_00135.wav,Kannada
train_kannadafullmale_00136.wav,Kannada
train_kannadafullmale_00137.wav,Kannada
train_kannadafullmale_00138.wav,Kannada
train_kannadafullmale_00139.wav,Kannada
train_kannadafullmale_00140.wav,Kannada
train_kannadafullmale_00141.wav,Kannada
train_kannadafullmale_00142.wav,Kannada
train_kannadafullmale_00143.wav,Kannada
train_kannadafullmale_00144.wav,Kannada
train_kannadafullmale_00145.wav,Kannada
train_kannadafullmale_00146.wav,Kannada
train_kannadafullmale_00147.wav,Kannada
train_kannadafullmale_00148.wav,Kannada
train_kannadafullmale_00149.wav,Kannada
train_kannadafullmale_00150.wav,Kannada
train_kannadafullmale_00151.wav,Kannada
train_kannadafullmale_00152.wav,Kannada
train_kannadafullmale_00153.wav,Kannada
train_kannadafullmale_00154.wav,Kannada
train_kannadafullmale_00155.wav,Kannada
train_kannadafullmale_00156.wav,Kannada
train_kannadafullmale_00157.wav,Kannada
train_kannadafullmale_00158.wav,Kannada
train_kannadafullmale_00159.wav,Kannada
train_kannadafullmale_00160.wav,Kannada
train_kannadafullmale_00161.wav,Kannada
train_kannadafullmale_00162.wav,Kannada
train_kannadafullmale_00163.wav,Kannada
train_kannadafullmale_00164.wav,Kannada
train_kannadafullmale_00165.wav,Kannada
train_kannadafullmale_00166.wav,Kannada
train_kannadafullmale_00167.wav,Kannada
train_kannadafullmale_00168.wav,Kannada
train_kannadafullmale_00169.wav,Kannada
train_kannadafullmale_00170.wav,Kannada
train_kannadafullmale_00171.wav,Kannada
train_kannadafullmale_00172.wav,Kannada
train_kannadafullmale_00173.wav,Kannada
train_kannadafullmale_00174.wav,Kannada
train_kannadafullmale_00175.wav,Kannada
train_kannadafullmale_00176.wav,Kannada
train_kannadafullmale_00177.wav,Kannada
train_kannadafullmale_00178.wav,Kannada
train_kannadafullmale_00179.wav,Kannada
train_kannadafullmale_00180.wav,Kannada
train_kannadafullmale_00181.wav,Kannada
train_kannadafullmale_00182.wav,Kannada
train_kannadafullmale_00183.wav,Kannada
train_kannadafullmale_00184.wav,Kannada
train_kannadafullmale_00185.wav,Kannada
train_kannadafullmale_00186.wav,Kannada
train_kannadafullmale_00187.wav,Kannada
train_kannadafullmale_00188.wav,Kannada
train_kannadafullmale_00189.wav,Kannada
train_kannadafullmale_00190.wav,Kannada
train_kannadafullmale_00191.wav,Kannada
train_kannadafullmale_00192.wav,Kannada
train_kannadafullmale_00193.wav,Kannada
train_kannadafullmale_00194.wav,Kannada
train_kannadafullmale_00195.wav,Kannada
train_kannadafullmale_00196.wav,Kannada
train_kannadafullmale_00197.wav,Kannada
train_kannadafullmale_00198.wav,Kannada
train_kannadafullmale_00199.wav,Kannada
train_kannadafullmale_00200.wav,Kannada
train_kannadafullmale_00201.wav,Kannada
train_kannadafullmale_00202.wav,Kannada
train_kannadafullmale_00203.wav,Kannada
train_kannadafullmale_00204.wav,Kannada
train_kannadafullmale_00205.wav,Kannada
train_kannadafullmale_00206.wav,Kannada
train_kannadafullmale_00207.wav,Kannada
train_kannadafullmale_00208.wav,Kannada
train_kannadafullmale_00209.wav,Kannada
train_kannadafullmale_00210.wav,Kannada
train_kannadafullmale_00211.wav,Kannada
train_kannadafullmale_00212.wav,Kannada
train_kannadafullmale_00213.wav,Kannada
train_kannadafullmale_00214.wav,Kannada
train_kannadafullmale_00215.wav,Kannada
train_kannadafullmale_00216.wav,Kannada
train_kannadafullmale_00217.wav,Kannada
train_kannadafullmale_00218.wav,Kannada
train_kannadafullmale_00219.wav,Kannada
train_kannadafullmale_00220.wav,Kannada
train_kannadafullmale_00221.wav,Kannada
train_kannadafullmale_00222.wav,Kannada
train_kannadafullmale_00223.wav,Kannada
train_kannadafullmale_00224.wav,Kannada
train_kannadafullmale_00225.wav,Kannada
train_kannadafullmale_00226.wav,Kannada
train_kannadafullmale_00227.wav,Kannada
train_kannadafullmale_00228.wav,Kannada
train_kannadafullmale_00229.wav,Kannada
train_kannadafullmale_00230.wav,Kannada
train_kannadafullmale_00231.wav,Kannada
train_kannadafullmale_00232.wav,Kannada
train_kannadafullmale_00233.wav,Kannada
train_kannadafullmale_00234.wav,Kannada
train_kannadafullmale_00235.wav,Kannada
train_kannadafullmale_00236.wav,Kannada
train_kannadafullmale_00237.wav,Kannada
train_kannadafullmale_00238.wav,Kannada
train_kannadafullmale_00239.wav,Kannada
train_kannadafullmale_00240.wav,Kannada
train_kannadafullmale_00241.wav,Kannada
train_kannadafullmale_00242.wav,Kannada
train_kannadafullmale_00243.wav,Kannada
train_kannadafullmale_00244.wav,Kannada
train_kannadafullmale_00245.wav,Kannada
train_kannadafullmale_00246.wav,Kannada
train_kannadafullmale_00247.wav,Kannada
train_kannadafullmale_00248.wav,Kannada
train_kannadafullmale_00249.wav,Kannada
train_kannadafullmale_00250.wav,Kannada
train_kannadafullmale_00251.wav,Kannada
train_kannadafullmale_00252.wav,Kannada
train_kannadafullmale_00253.wav,Kannada
train_kannadafullmale_00254.wav,Kannada
train_kannadafullmale_00255.wav,Kannada
train_kannadafullmale_00256.wav,Kannada
train_kannadafullmale_00257.wav,Kannada
train_kannadafullmale_00258.wav,Kannada
train_kannadafullmale_00259.wav,Kannada
train_kannadafullmale_00260.wav,Kannada
train_kannadafullmale_00261.wav,Kannada
train_kannadafullmale_00262.wav,Kannada
train_kannadafullmale_00263.wav,Kannada
train_kannadafullmale_00264.wav,Kannada
train_kannadafullmale_00265.wav,Kannada
train_kannadafullmale_00266.wav,Kannada
train_kannadafullmale_00267.wav,Kannada
train_kannadafullmale_00268.wav,Kannada
train_kannadafullmale_00269.wav,Kannada
train_kannadafullmale_00270.wav,Kannada
train_kannadafullmale_00271.wav,Kannada
train_kannadafullmale_00272.wav,Kannada
train_kannadafullmale_00273.wav,Kannada
train_kannadafullmale_00274.wav,Kannada
train_kannadafullmale_00275.wav,Kannada
train_kannadafullmale_00276.wav,Kannada
train_kannadafullmale_00277.wav,Kannada
train_kannadafullmale_00278.wav,Kannada
train_kannadafullmale_00279.wav,Kannada
train_kannadafullmale_00280.wav,Kannada
train_kannadafullmale_00281.wav,Kannada
train_kannadafullmale_00282.wav,Kannada
train_kannadafullmale_00283.wav,Kannada
train_kannadafullmale_00284.wav,Kannada
train_kannadafullmale_00285.wav,Kannada
train_kannadafullmale_00286.wav,Kannada
train_kannadafullmale_00287.wav,Kannada
train_kannadafullmale_00288.wav,Kannada
train_kannadafullmale_00289.wav,Kannada
train_kannadafullmale_00290.wav,Kannada
train_kannadafullmale_00291.wav,Kannada
train_kannadafullmale_00292.wav,Kannada
train_kannadafullmale_00293.wav,Kannada
train_kannadafullmale_00294.wav,Kannada
train_kannadafullmale_00295.wav,Kannada
train_kannadafullmale_00296.wav,Kannada
train_kannadafullmale_00297.wav,Kannada
train_kannadafullmale_00298.wav,Kannada
train_kannadafullmale_00299.wav,Kannada
train_kannadafullmale_00300.wav,Kannada
train_kannadafullmale_00301.wav,Kannada
train_kannadafullmale_00302.wav,Kannada
train_kannadafullmale_00303.wav,Kannada
train_kannadafullmale_00304.wav,Kannada
train_kannadafullmale_00305.wav,Kannada
train_kannadafullmale_00306.wav,Kannada
train_kannadafullmale_00307.wav,Kannada
train_kannadafullmale_00308.wav,Kannada
train_kannadafullmale_00309.wav,Kannada
train_kannadafullmale_00310.wav,Kannada
train_kannadafullmale_00311.wav,Kannada
train_kannadafullmale_00312.wav,Kannada
train_kannadafullmale_00313.wav,Kannada
train_kannadafullmale_00314.wav,Kannada
train_kannadafullmale_00315.wav,Kannada
train_kannadafullmale_00316.wav,Kannada
train_kannadafullmale_00317.wav,Kannada
train_kannadafullmale_00318.wav,Kannada
train_kannadafullmale_00319.wav,Kannada
train_kannadafullmale_00320.wav,Kannada
train_kannadafullmale_00321.wav,Kannada
train_kannadafullmale_00322.wav,Kannada
train_kannadafullmale_00323.wav,Kannada
train_kannadafullmale_00324.wav,Kannada
train_kannadafullmale_00325.wav,Kannada
train_kannadafullmale_00326.wav,Kannada
train_kannadafullmale_00327.wav,Kannada
train_kannadafullmale_00328.wav,Kannada
train_kannadafullmale_00329.wav,Kannada
train_kannadafullmale_00330.wav,Kannada
train_kannadafullmale_00331.wav,Kannada
train_kannadafullmale_00332.wav,Kannada
train_kannadafullmale_00333.wav,Kannada
train_kannadafullmale_00334.wav,Kannada
train_kannadafullmale_00335.wav,Kannada
train_kannadafullmale_00336.wav,Kannada
train_kannadafullmale_00337.wav,Kannada
train_kannadafullmale_00338.wav,Kannada
train_kannadafullmale_00339.wav,Kannada
train_kannadafullmale_00340.wav,Kannada
train_kannadafullmale_00341.wav,Kannada
train_kannadafullmale_00342.wav,Kannada
train_kannadafullmale_00343.wav,Kannada
train_kannadafullmale_00344.wav,Kannada
train_kannadafullmale_00345.wav,Kannada
train_kannadafullmale_00346.wav,Kannada
train_kannadafullmale_00347.wav,Kannada
train_kannadafullmale_00348.wav,Kannada
train_kannadafullmale_00349.wav,Kannada
train_kannadafullmale_00350.wav,Kannada
train_kannadafullmale_00351.wav,Kannada
train_kannadafullmale_00352.wav,Kannada
train_kannadafullmale_00353.wav,Kannada
train_kannadafullmale_00354.wav,Kannada
train_kannadafullmale_00355.wav,Kannada
train_kannadafullmale_00356.wav,Kannada
train_kannadafullmale_00357.wav,Kannada
train_kannadafullmale_00358.wav,Kannada
train_kannadafullmale_00359.wav,Kannada
train_kannadafullmale_00360.wav,Kannada
train_kannadafullmale_00361.wav,Kannada
train_kannadafullmale_00362.wav,Kannada
train_kannadafullmale_00363.wav,Kannada
train_kannadafullmale_00364.wav,Kannada
train_kannadafullmale_00365.wav,Kannada
train_kannadafullmale_00366.wav,Kannada
train_kannadafullmale_00367.wav,Kannada
train_kannadafullmale_00368.wav,Kannada
train_kannadafullmale_00369.wav,Kannada
train_kannadafullmale_00370.wav,Kannada
train_kannadafullmale_00371.wav,Kannada
train_kannadafullmale_00372.wav,Kannada
train_kannadafullmale_00373.wav,Kannada
train_kannadafullmale_00374.wav,Kannada
train_kannadafullmale_00375.wav,Kannada
train_kannadafullmale_00376.wav,Kannada
train_kannadafullmale_00377.wav,Kannada
train_kannadafullmale_00378.wav,Kannada
train_kannadafullmale_00379.wav,Kannada
train_kannadafullmale_00380.wav,Kannada
train_kannadafullmale_00381.wav,Kannada
train_kannadafullmale_00382.wav,Kannada
train_kannadafullmale_00383.wav,Kannada
train_kannadafullmale_00384.wav,Kannada
train_kannadafullmale_00385.wav,Kannada
train_kannadafullmale_00386.wav,Kannada
train_kannadafullmale_00387.wav,Kannada
train_kannadafullmale_00388.wav,Kannada
train_kannadafullmale_00389.wav,Kannada
train_kannadafullmale_00390.wav,Kannada
train_kannadafullmale_00391.wav,Kannada
train_kannadafullmale_00392.wav,Kannada
train_kannadafullmale_00393.wav,Kannada
train_kannadafullmale_00394.wav,Kannada
train_kannadafullmale_00395.wav,Kannada
train_kannadafullmale_00396.wav,Kannada
train_kannadafullmale_00397.wav,Kannada
train_kannadafullmale_00398.wav,Kannada
train_kannadafullmale_00399.wav,Kannada
train_kannadafullmale_00400.wav,Kannada
train_kannadafullmale_00401.wav,Kannada
train_kannadafullmale_00402.wav,Kannada
train_kannadafullmale_00403.wav,Kannada
train_kannadafullmale_00404.wav,Kannada
train_kannadafullmale_00405.wav,Kannada
train_kannadafullmale_00406.wav,Kannada
train_kannadafullmale_00407.wav,Kannada
train_kannadafullmale_00408.wav,Kannada
train_kannadafullmale_00409.wav,Kannada
train_kannadafullmale_00410.wav,Kannada
train_kannadafullmale_00411.wav,Kannada
train_kannadafullmale_00412.wav,Kannada
train_kannadafullmale_00413.wav,Kannada
train_kannadafullmale_00414.wav,Kannada
train_kannadafullmale_00415.wav,Kannada
train_kannadafullmale_00416.wav,Kannada
train_kannadafullmale_00417.wav,Kannada
train_kannadafullmale_00418.wav,Kannada
train_kannadafullmale_00419.wav,Kannada
train_kannadafullmale_00420.wav,Kannada
train_kannadafullmale_00421.wav,Kannada
train_kannadafullmale_00422.wav,Kannada
train_kannadafullmale_00423.wav,Kannada
train_kannadafullmale_00424.wav,Kannada
train_kannadafullmale_00425.wav,Kannada
train_kannadafullmale_00426.wav,Kannada
train_kannadafullmale_00427.wav,Kannada
train_kannadafullmale_00428.wav,Kannada
train_kannadafullmale_00429.wav,Kannada
train_kannadafullmale_00430.wav,Kannada
train_kannadafullmale_00431.wav,Kannada
train_kannadafullmale_00432.wav,Kannada
train_kannadafullmale_00433.wav,Kannada
train_kannadafullmale_00434.wav,Kannada
train_kannadafullmale_00435.wav,Kannada
train_kannadafullmale_00436.wav,Kannada
train_kannadafullmale_00437.wav,Kannada
train_kannadafullmale_00438.wav,Kannada
train_kannadafullmale_00439.wav,Kannada
train_kannadafullmale_00440.wav,Kannada
train_kannadafullmale_00441.wav,Kannada
train_kannadafullmale_00442.wav,Kannada
train_kannadafullmale_00443.wav,Kannada
train_kannadafullmale_00444.wav,Kannada
train_kannadafullmale_00445.wav,Kannada
train_kannadafullmale_00446.wav,Kannada
train_kannadafullmale_00447.wav,Kannada
train_kannadafullmale_00448.wav,Kannada
train_kannadafullmale_00449.wav,Kannada
train_kannadafullmale_00450.wav,Kannada
train_kannadafullmale_00451.wav,Kannada
train_kannadafullmale_00452.wav,Kannada
train_kannadafullmale_00453.wav,Kannada
train_kannadafullmale_00454.wav,Kannada
train_kannadafullmale_00455.wav,Kannada
train_kannadafullmale_00456.wav,Kannada
train_kannadafullmale_00457.wav,Kannada
train_kannadafullmale_00458.wav,Kannada
train_kannadafullmale_00459.wav,Kannada
train_kannadafullmale_00460.wav,Kannada
train_kannadafullmale_00461.wav,Kannada
train_kannadafullmale_00462.wav,Kannada
train_kannadafullmale_00463.wav,Kannada
train_kannadafullmale_00464.wav,Kannada
train_kannadafullmale_00465.wav,Kannada
train_kannadafullmale_00466.wav,Kannada
train_kannadafullmale_00467.wav,Kannada
train_kannadafullmale_00468.wav,Kannada
train_kannadafullmale_00469.wav,Kannada
train_kannadafullmale_00470.wav,Kannada
train_kannadafullmale_00471.wav,Kannada
train_kannadafullmale_00472.wav,Kannada
train_kannadafullmale_00473.wav,Kannada
train_kannadafullmale_00474.wav,Kannada
train_kannadafullmale_00475.wav,Kannada
train_kannadafullmale_00476.wav,Kannada
train_kannadafullmale_00477.wav,Kannada
train_kannadafullmale_00478.wav,Kannada
train_kannadafullmale_00479.wav,Kannada
train_kannadafullmale_00480.wav,Kannada
train_kannadafullmale_00481.wav,Kannada
train_kannadafullmale_00482.wav,Kannada
train_kannadafullmale_00483.wav,Kannada
train_kannadafullmale_00484.wav,Kannada
train_kannadafullmale_00485.wav,Kannada
train_kannadafullmale_00486.wav,Kannada
train_kannadafullmale_00487.wav,Kannada
train_kannadafullmale_00488.wav,Kannada
train_kannadafullmale_00489.wav,Kannada
train_kannadafullmale_00490.wav,Kannada
train_kannadafullmale_00491.wav,Kannada
train_kannadafullmale_00492.wav,Kannada
train_kannadafullmale_00493.wav,Kannada
train_kannadafullmale_00494.wav,Kannada
train_kannadafullmale_00495.wav,Kannada
train_kannadafullmale_00496.wav,Kannada
train_kannadafullmale_00497.wav,Kannada
train_kannadafullmale_00498.wav,Kannada
train_kannadafullmale_00499.wav,Kannada
train_kannadafullmale_00500.wav,Kannada
train_kannadafullmale_00501.wav,Kannada
train_kannadafullmale_00502.wav,Kannada
train_kannadafullmale_00503.wav,Kannada
train_kannadafullmale_00504.wav,Kannada
train_kannadafullmale_00505.wav,Kannada
train_kannadafullmale_00506.wav,Kannada
train_kannadafullmale_00507.wav,Kannada
train_kannadafullmale_00508.wav,Kannada
train_kannadafullmale_00509.wav,Kannada
train_kannadafullmale_00510.wav,Kannada
train_kannadafullmale_00511.wav,Kannada
train_kannadafullmale_00512.wav,Kannada
train_kannadafullmale_00513.wav,Kannada
train_kannadafullmale_00514.wav,Kannada
train_kannadafullmale_00515.wav,Kannada
train_kannadafullmale_00516.wav,Kannada
train_kannadafullmale_00517.wav,Kannada
train_kannadafullmale_00518.wav,Kannada
train_kannadafullmale_00519.wav,Kannada
train_kannadafullmale_00520.wav,Kannada
train_kannadafullmale_00521.wav,Kannada
train_kannadafullmale_00522.wav,Kannada
train_kannadafullmale_00523.wav,Kannada
train_kannadafullmale_00524.wav,Kannada
train_kannadafullmale_00525.wav,Kannada
train_kannadafullmale_00526.wav,Kannada
train_kannadafullmale_00527.wav,Kannada
train_kannadafullmale_00528.wav,Kannada
train_kannadafullmale_00529.wav,Kannada
train_kannadafullmale_00530.wav,Kannada
train_kannadafullmale_00531.wav,Kannada
train_kannadafullmale_00532.wav,Kannada
train_kannadafullmale_00533.wav,Kannada
train_kannadafullmale_00534.wav,Kannada
train_kannadafullmale_00535.wav,Kannada
train_kannadafullmale_00536.wav,Kannada
train_kannadafullmale_00537.wav,Kannada
train_kannadafullmale_00538.wav,Kannada
train_kannadafullmale_00539.wav,Kannada
train_kannadafullmale_00540.wav,Kannada
train_kannadafullmale_00541.wav,Kannada
train_kannadafullmale_00542.wav,Kannada
train_kannadafullmale_00543.wav,Kannada
train_kannadafullmale_00544.wav,Kannada
train_kannadafullmale_00545.wav,Kannada
train_kannadafullmale_00546.wav,Kannada
train_kannadafullmale_00547.wav,Kannada
train_kannadafullmale_00548.wav,Kannada
train_kannadafullmale_00549.wav,Kannada
train_kannadafullmale_00550.wav,Kannada
train_kannadafullmale_00551.wav,Kannada
train_kannadafullmale_00552.wav,Kannada
train_kannadafullmale_00553.wav,Kannada
train_kannadafullmale_00554.wav,Kannada
train_kannadafullmale_00555.wav,Kannada
train_kannadafullmale_00556.wav,Kannada
train_kannadafullmale_00557.wav,Kannada
train_kannadafullmale_00558.wav,Kannada
train_kannadafullmale_00559.wav,Kannada
train_kannadafullmale_00560.wav,Kannada
train_kannadafullmale_00561.wav,Kannada
train_kannadafullmale_00562.wav,Kannada
train_kannadafullmale_00563.wav,Kannada
train_kannadafullmale_00564.wav,Kannada
train_kannadafullmale_00565.wav,Kannada
train_kannadafullmale_00566.wav,Kannada
train_kannadafullmale_00567.wav,Kannada
train_kannadafullmale_00568.wav,Kannada
train_kannadafullmale_00569.wav,Kannada
train_kannadafullmale_00570.wav,Kannada
train_kannadafullmale_00571.wav,Kannada
train_kannadafullmale_00572.wav,Kannada
train_kannadafullmale_00573.wav,Kannada
train_kannadafullmale_00574.wav,Kannada
train_kannadafullmale_00575.wav,Kannada
train_kannadafullmale_00576.wav,Kannada
train_kannadafullmale_00577.wav,Kannada
train_kannadafullmale_00578.wav,Kannada
train_kannadafullmale_00579.wav,Kannada
train_kannadafullmale_00580.wav,Kannada
train_kannadafullmale_00581.wav,Kannada
train_kannadafullmale_00582.wav,Kannada
train_kannadafullmale_00583.wav,Kannada
train_kannadafullmale_00584.wav,Kannada
train_kannadafullmale_00585.wav,Kannada
train_kannadafullmale_00586.wav,Kannada
train_kannadafullmale_00587.wav,Kannada
train_kannadafullmale_00588.wav,Kannada
train_kannadafullmale_00589.wav,Kannada
train_kannadafullmale_00590.wav,Kannada
train_kannadafullmale_00591.wav,Kannada
train_kannadafullmale_00592.wav,Kannada
train_kannadafullmale_00593.wav,Kannada
train_kannadafullmale_00594.wav,Kannada
train_kannadafullmale_00595.wav,Kannada
train_kannadafullmale_00596.wav,Kannada
train_kannadafullmale_00597.wav,Kannada
train_kannadafullmale_00598.wav,Kannada
train_kannadafullmale_00599.wav,Kannada
train_kannadafullmale_00600.wav,Kannada
train_kannadafullmale_00601.wav,Kannada
train_kannadafullmale_00602.wav,Kannada
train_kannadafullmale_00603.wav,Kannada
train_kannadafullmale_00604.wav,Kannada
train_kannadafullmale_00605.wav,Kannada
train_kannadafullmale_00606.wav,Kannada
train_kannadafullmale_00607.wav,Kannada
train_kannadafullmale_00608.wav,Kannada
train_kannadafullmale_00609.wav,Kannada
train_kannadafullmale_00610.wav,Kannada
train_kannadafullmale_00611.wav,Kannada
train_kannadafullmale_00612.wav,Kannada
train_kannadafullmale_00613.wav,Kannada
train_kannadafullmale_00614.wav,Kannada
train_kannadafullmale_00615.wav,Kannada
train_kannadafullmale_00616.wav,Kannada
train_kannadafullmale_00617.wav,Kannada
train_kannadafullmale_00618.wav,Kannada
train_kannadafullmale_00619.wav,Kannada
train_kannadafullmale_00620.wav,Kannada
train_kannadafullmale_00621.wav,Kannada
train_kannadafullmale_00622.wav,Kannada
train_kannadafullmale_00623.wav,Kannada
train_kannadafullmale_00624.wav,Kannada
train_kannadafullmale_00625.wav,Kannada
train_kannadafullmale_00626.wav,Kannada
train_kannadafullmale_00627.wav,Kannada
train_kannadafullmale_00628.wav,Kannada
train_kannadafullmale_00629.wav,Kannada
train_kannadafullmale_00630.wav,Kannada
train_kannadafullmale_00631.wav,Kannada
train_kannadafullmale_00632.wav,Kannada
train_kannadafullmale_00633.wav,Kannada
train_kannadafullmale_00634.wav,Kannada
train_kannadafullmale_00635.wav,Kannada
train_kannadafullmale_00636.wav,Kannada
train_kannadafullmale_00637.wav,Kannada
train_kannadafullmale_00638.wav,Kannada
train_kannadafullmale_00639.wav,Kannada
train_kannadafullmale_00640.wav,Kannada
train_kannadafullmale_00641.wav,Kannada
train_kannadafullmale_00642.wav,Kannada
train_kannadafullmale_00643.wav,Kannada
train_kannadafullmale_00644.wav,Kannada
train_kannadafullmale_00645.wav,Kannada
train_kannadafullmale_00646.wav,Kannada
train_kannadafullmale_00647.wav,Kannada
train_kannadafullmale_00648.wav,Kannada
train_kannadafullmale_00649.wav,Kannada
train_kannadafullmale_00650.wav,Kannada
train_kannadafullmale_00651.wav,Kannada
train_kannadafullmale_00652.wav,Kannada
train_kannadafullmale_00653.wav,Kannada
train_kannadafullmale_00654.wav,Kannada
train_kannadafullmale_00655.wav,Kannada
train_kannadafullmale_00656.wav,Kannada
train_kannadafullmale_00657.wav,Kannada
train_kannadafullmale_00658.wav,Kannada
train_kannadafullmale_00659.wav,Kannada
train_kannadafullmale_00660.wav,Kannada
train_kannadafullmale_00661.wav,Kannada
train_kannadafullmale_00662.wav,Kannada
train_kannadafullmale_00663.wav,Kannada
train_kannadafullmale_00664.wav,Kannada
train_kannadafullmale_00665.wav,Kannada
train_kannadafullmale_00666.wav,Kannada
train_kannadafullmale_00667.wav,Kannada
train_kannadafullmale_00668.wav,Kannada
train_kannadafullmale_00669.wav,Kannada
train_kannadafullmale_00670.wav,Kannada
train_kannadafullmale_00671.wav,Kannada
train_kannadafullmale_00672.wav,Kannada
train_kannadafullmale_00673.wav,Kannada
train_kannadafullmale_00674.wav,Kannada
train_kannadafullmale_00675.wav,Kannada
train_kannadafullmale_00676.wav,Kannada
train_kannadafullmale_00677.wav,Kannada
train_kannadafullmale_00678.wav,Kannada
train_kannadafullmale_00679.wav,Kannada
train_kannadafullmale_00680.wav,Kannada
train_kannadafullmale_00681.wav,Kannada
train_kannadafullmale_00682.wav,Kannada
train_kannadafullmale_00683.wav,Kannada
train_kannadafullmale_00684.wav,Kannada
train_kannadafullmale_00685.wav,Kannada
train_kannadafullmale_00686.wav,Kannada
train_kannadafullmale_00687.wav,Kannada
train_kannadafullmale_00688.wav,Kannada
train_kannadafullmale_00689.wav,Kannada
train_kannadafullmale_00690.wav,Kannada
train_kannadafullmale_00691.wav,Kannada
train_kannadafullmale_00692.wav,Kannada
train_kannadafullmale_00693.wav,Kannada
train_kannadafullmale_00694.wav,Kannada
train_kannadafullmale_00695.wav,Kannada
train_kannadafullmale_00696.wav,Kannada
train_kannadafullmale_00697.wav,Kannada
train_kannadafullmale_00698.wav,Kannada
train_kannadafullmale_00699.wav,Kannada
train_kannadafullmale_00700.wav,Kannada
train_kannadafullmale_00701.wav,Kannada
train_kannadafullmale_00702.wav,Kannada
train_kannadafullmale_00703.wav,Kannada
train_kannadafullmale_00704.wav,Kannada
train_kannadafullmale_00705.wav,Kannada
train_kannadafullmale_00706.wav,Kannada
train_kannadafullmale_00707.wav,Kannada
train_kannadafullmale_00708.wav,Kannada
train_kannadafullmale_00709.wav,Kannada
train_kannadafullmale_00710.wav,Kannada
train_kannadafullmale_00711.wav,Kannada
train_kannadafullmale_00712.wav,Kannada
train_kannadafullmale_00713.wav,Kannada
train_kannadafullmale_00714.wav,Kannada
train_kannadafullmale_00715.wav,Kannada
train_kannadafullmale_00716.wav,Kannada
train_kannadafullmale_00717.wav,Kannada
train_kannadafullmale_00718.wav,Kannada
train_kannadafullmale_00719.wav,Kannada
train_kannadafullmale_00720.wav,Kannada
train_kannadafullmale_00721.wav,Kannada
train_kannadafullmale_00722.wav,Kannada
train_kannadafullmale_00723.wav,Kannada
train_kannadafullmale_00724.wav,Kannada
train_kannadafullmale_00725.wav,Kannada
train_kannadafullmale_00726.wav,Kannada
train_kannadafullmale_00727.wav,Kannada
train_kannadafullmale_00728.wav,Kannada
train_kannadafullmale_00729.wav,Kannada
train_kannadafullmale_00730.wav,Kannada
train_kannadafullmale_00731.wav,Kannada
train_kannadafullmale_00732.wav,Kannada
train_kannadafullmale_00733.wav,Kannada
train_kannadafullmale_00734.wav,Kannada
train_kannadafullmale_00735.wav,Kannada
train_kannadafullmale_00736.wav,Kannada
train_kannadafullmale_00737.wav,Kannada
train_kannadafullmale_00738.wav,Kannada
train_kannadafullmale_00739.wav,Kannada
train_kannadafullmale_00740.wav,Kannada
train_kannadafullmale_00741.wav,Kannada
train_kannadafullmale_00742.wav,Kannada
train_kannadafullmale_00743.wav,Kannada
train_kannadafullmale_00744.wav,Kannada
train_kannadafullmale_00745.wav,Kannada
train_kannadafullmale_00746.wav,Kannada
train_kannadafullmale_00747.wav,Kannada
train_kannadafullmale_00748.wav,Kannada
train_kannadafullmale_00749.wav,Kannada
train_kannadafullmale_00750.wav,Kannada
train_kannadafullmale_00751.wav,Kannada
train_kannadafullmale_00752.wav,Kannada
train_kannadafullmale_00753.wav,Kannada
train_kannadafullmale_00754.wav,Kannada
train_kannadafullmale_00755.wav,Kannada
train_kannadafullmale_00756.wav,Kannada
train_kannadafullmale_00757.wav,Kannada
train_kannadafullmale_00758.wav,Kannada
train_kannadafullmale_00759.wav,Kannada
train_kannadafullmale_00760.wav,Kannada
train_kannadafullmale_00761.wav,Kannada
train_kannadafullmale_00762.wav,Kannada
train_kannadafullmale_00763.wav,Kannada
train_kannadafullmale_00764.wav,Kannada
train_kannadafullmale_00765.wav,Kannada
train_kannadafullmale_00766.wav,Kannada
train_kannadafullmale_00767.wav,Kannada
train_kannadafullmale_00768.wav,Kannada
train_kannadafullmale_00769.wav,Kannada
train_kannadafullmale_00770.wav,Kannada
train_kannadafullmale_00771.wav,Kannada
train_kannadafullmale_00772.wav,Kannada
train_kannadafullmale_00773.wav,Kannada
train_kannadafullmale_00774.wav,Kannada
train_kannadafullmale_00775.wav,Kannada
train_kannadafullmale_00776.wav,Kannada
train_kannadafullmale_00777.wav,Kannada
train_kannadafullmale_00778.wav,Kannada
train_kannadafullmale_00779.wav,Kannada
train_kannadafullmale_00780.wav,Kannada
train_kannadafullmale_00781.wav,Kannada
train_kannadafullmale_00782.wav,Kannada
train_kannadafullmale_00783.wav,Kannada
train_kannadafullmale_00784.wav,Kannada
train_kannadafullmale_00785.wav,Kannada
train_kannadafullmale_00786.wav,Kannada
train_kannadafullmale_00787.wav,Kannada
train_kannadafullmale_00788.wav,Kannada
train_kannadafullmale_00789.wav,Kannada
train_kannadafullmale_00790.wav,Kannada
train_kannadafullmale_00791.wav,Kannada
train_kannadafullmale_00792.wav,Kannada
train_kannadafullmale_00793.wav,Kannada
train_kannadafullmale_00794.wav,Kannada
train_kannadafullmale_00795.wav,Kannada
train_kannadafullmale_00796.wav,Kannada
train_kannadafullmale_00797.wav,Kannada
train_kannadafullmale_00798.wav,Kannada
train_kannadafullmale_00799.wav,Kannada
train_kannadafullmale_00800.wav,Kannada
train_kannadafullmale_00801.wav,Kannada
train_kannadafullmale_00802.wav,Kannada
train_kannadafullmale_00803.wav,Kannada
train_kannadafullmale_00804.wav,Kannada
train_kannadafullmale_00805.wav,Kannada
train_kannadafullmale_00806.wav,Kannada
train_kannadafullmale_00807.wav,Kannada
train_kannadafullmale_00808.wav,Kannada
train_kannadafullmale_00809.wav,Kannada
train_kannadafullmale_00810.wav,Kannada
train_kannadafullmale_00811.wav,Kannada
train_kannadafullmale_00812.wav,Kannada
train_kannadafullmale_00813.wav,Kannada
train_kannadafullmale_00814.wav,Kannada
train_kannadafullmale_00815.wav,Kannada
train_kannadafullmale_00816.wav,Kannada
train_kannadafullmale_00817.wav,Kannada
train_kannadafullmale_00818.wav,Kannada
train_kannadafullmale_00819.wav,Kannada
train_kannadafullmale_00820.wav,Kannada
train_kannadafullmale_00821.wav,Kannada
train_kannadafullmale_00822.wav,Kannada
train_kannadafullmale_00823.wav,Kannada
train_kannadafullmale_00824.wav,Kannada
train_kannadafullmale_00825.wav,Kannada
train_kannadafullmale_00826.wav,Kannada
train_kannadafullmale_00827.wav,Kannada
train_kannadafullmale_00828.wav,Kannada
train_kannadafullmale_00829.wav,Kannada
train_kannadafullmale_00830.wav,Kannada
train_kannadafullmale_00831.wav,Kannada
train_kannadafullmale_00832.wav,Kannada
train_kannadafullmale_00833.wav,Kannada
train_kannadafullmale_00834.wav,Kannada
train_kannadafullmale_00835.wav,Kannada
train_kannadafullmale_00836.wav,Kannada
train_kannadafullmale_00837.wav,Kannada
train_kannadafullmale_00838.wav,Kannada
train_kannadafullmale_00839.wav,Kannada
train_kannadafullmale_00840.wav,Kannada
train_kannadafullmale_00841.wav,Kannada
train_kannadafullmale_00842.wav,Kannada
train_kannadafullmale_00843.wav,Kannada
train_kannadafullmale_00844.wav,Kannada
train_kannadafullmale_00845.wav,Kannada
train_kannadafullmale_00846.wav,Kannada
train_kannadafullmale_00847.wav,Kannada
train_kannadafullmale_00848.wav,Kannada
train_kannadafullmale_00849.wav,Kannada
train_kannadafullmale_00850.wav,Kannada
train_kannadafullmale_00851.wav,Kannada
train_kannadafullmale_00852.wav,Kannada
train_kannadafullmale_00853.wav,Kannada
train_kannadafullmale_00854.wav,Kannada
train_kannadafullmale_00855.wav,Kannada
train_kannadafullmale_00856.wav,Kannada
train_kannadafullmale_00857.wav,Kannada
train_kannadafullmale_00858.wav,Kannada
train_kannadafullmale_00859.wav,Kannada
train_kannadafullmale_00860.wav,Kannada
train_kannadafullmale_00861.wav,Kannada
train_kannadafullmale_00862.wav,Kannada
train_kannadafullmale_00863.wav,Kannada
train_kannadafullmale_00864.wav,Kannada
train_kannadafullmale_00865.wav,Kannada
train_kannadafullmale_00866.wav,Kannada
train_kannadafullmale_00867.wav,Kannada
train_kannadafullmale_00868.wav,Kannada
train_kannadafullmale_00869.wav,Kannada
train_kannadafullmale_00870.wav,Kannada
train_kannadafullmale_00871.wav,Kannada
train_kannadafullmale_00872.wav,Kannada
train_kannadafullmale_00873.wav,Kannada
train_kannadafullmale_00874.wav,Kannada
train_kannadafullmale_00875.wav,Kannada
train_kannadafullmale_00876.wav,Kannada
train_kannadafullmale_00877.wav,Kannada
train_kannadafullmale_00878.wav,Kannada
train_kannadafullmale_00879.wav,Kannada
train_kannadafullmale_00880.wav,Kannada
train_kannadafullmale_00881.wav,Kannada
train_kannadafullmale_00882.wav,Kannada
train_kannadafullmale_00883.wav,Kannada
train_kannadafullmale_00884.wav,Kannada
train_kannadafullmale_00885.wav,Kannada
train_kannadafullmale_00886.wav,Kannada
train_kannadafullmale_00887.wav,Kannada
train_kannadafullmale_00888.wav,Kannada
train_kannadafullmale_00889.wav,Kannada
train_kannadafullmale_00890.wav,Kannada
train_kannadafullmale_00891.wav,Kannada
train_kannadafullmale_00892.wav,Kannada
train_kannadafullmale_00893.wav,Kannada
train_kannadafullmale_00894.wav,Kannada
train_kannadafullmale_00895.wav,Kannada
train_kannadafullmale_00896.wav,Kannada
train_kannadafullmale_00897.wav,Kannada
train_kannadafullmale_00898.wav,Kannada
train_kannadafullmale_00899.wav,Kannada
train_kannadafullmale_00900.wav,Kannada
train_kannadafullmale_00901.wav,Kannada
train_kannadafullmale_00902.wav,Kannada
train_kannadafullmale_00903.wav,Kannada
train_kannadafullmale_00904.wav,Kannada
train_kannadafullmale_00905.wav,Kannada
train_kannadafullmale_00906.wav,Kannada
train_kannadafullmale_00907.wav,Kannada
train_kannadafullmale_00908.wav,Kannada
train_kannadafullmale_00909.wav,Kannada
train_kannadafullmale_00910.wav,Kannada
train_kannadafullmale_00911.wav,Kannada
train_kannadafullmale_00912.wav,Kannada
train_kannadafullmale_00913.wav,Kannada
train_kannadafullmale_00914.wav,Kannada
train_kannadafullmale_00915.wav,Kannada
train_kannadafullmale_00916.wav,Kannada
train_kannadafullmale_00917.wav,Kannada
train_kannadafullmale_00918.wav,Kannada
train_kannadafullmale_00919.wav,Kannada
train_kannadafullmale_00920.wav,Kannada
train_kannadafullmale_00921.wav,Kannada
train_kannadafullmale_00922.wav,Kannada
train_kannadafullmale_00923.wav,Kannada
train_kannadafullmale_00924.wav,Kannada
train_kannadafullmale_00925.wav,Kannada
train_kannadafullmale_00926.wav,Kannada
train_kannadafullmale_00927.wav,Kannada
train_kannadafullmale_00928.wav,Kannada
train_kannadafullmale_00929.wav,Kannada
train_kannadafullmale_00930.wav,Kannada
train_kannadafullmale_00931.wav,Kannada
train_kannadafullmale_00932.wav,Kannada
train_kannadafullmale_00933.wav,Kannada
train_kannadafullmale_00934.wav,Kannada
train_kannadafullmale_00935.wav,Kannada
train_kannadafullmale_00936.wav,Kannada
train_kannadafullmale_00937.wav,Kannada
train_kannadafullmale_00938.wav,Kannada
train_kannadafullmale_00939.wav,Kannada
train_kannadafullmale_00940.wav,Kannada
train_kannadafullmale_00941.wav,Kannada
train_kannadafullmale_00942.wav,Kannada
train_kannadafullmale_00943.wav,Kannada
train_kannadafullmale_00944.wav,Kannada
train_kannadafullmale_00945.wav,Kannada
train_kannadafullmale_00946.wav,Kannada
train_kannadafullmale_00947.wav,Kannada
train_kannadafullmale_00948.wav,Kannada
train_kannadafullmale_00949.wav,Kannada
train_kannadafullmale_00950.wav,Kannada
train_kannadafullmale_00951.wav,Kannada
train_kannadafullmale_00952.wav,Kannada
train_kannadafullmale_00953.wav,Kannada
train_kannadafullmale_00954.wav,Kannada
train_kannadafullmale_00955.wav,Kannada
train_kannadafullmale_00956.wav,Kannada
train_kannadafullmale_00957.wav,Kannada
train_kannadafullmale_00958.wav,Kannada
train_kannadafullmale_00959.wav,Kannada
train_kannadafullmale_00960.wav,Kannada
train_kannadafullmale_00961.wav,Kannada
train_kannadafullmale_00962.wav,Kannada
train_kannadafullmale_00963.wav,Kannada
train_kannadafullmale_00964.wav,Kannada
train_kannadafullmale_00965.wav,Kannada
train_kannadafullmale_00966.wav,Kannada
train_kannadafullmale_00967.wav,Kannada
train_kannadafullmale_00968.wav,Kannada
train_kannadafullmale_00969.wav,Kannada
train_kannadafullmale_00970.wav,Kannada
train_kannadafullmale_00971.wav,Kannada
train_kannadafullmale_00972.wav,Kannada
train_kannadafullmale_00973.wav,Kannada
train_kannadafullmale_00974.wav,Kannada
train_kannadafullmale_00975.wav,Kannada
train_kannadafullmale_00976.wav,Kannada
train_kannadafullmale_00977.wav,Kannada
train_kannadafullmale_00978.wav,Kannada
train_kannadafullmale_00979.wav,Kannada
train_kannadafullmale_00980.wav,Kannada
train_kannadafullmale_00981.wav,Kannada
train_kannadafullmale_00982.wav,Kannada
train_kannadafullmale_00983.wav,Kannada
train_kannadafullmale_00984.wav,Kannada
train_kannadafullmale_00985.wav,Kannada
train_kannadafullmale_00986.wav,Kannada
train_kannadafullmale_00987.wav,Kannada
train_kannadafullmale_00988.wav,Kannada
train_kannadafullmale_00989.wav,Kannada
train_kannadafullmale_00990.wav,Kannada
train_kannadafullmale_00991.wav,Kannada
train_kannadafullmale_00992.wav,Kannada
train_kannadafullmale_00993.wav,Kannada
train_kannadafullmale_00994.wav,Kannada
train_kannadafullmale_00995.wav,Kannada
train_kannadafullmale_00996.wav,Kannada
train_kannadafullmale_00997.wav,Kannada
train_kannadafullmale_00998.wav,Kannada
train_kannadafullmale_00999.wav,Kannada
train_kannadafullmale_01000.wav,Kannada
train_malayalamfemale_00001.wav,Malayalam
train_malayalamfemale_00002.wav,Malayalam
train_malayalamfemale_00003.wav,Malayalam
train_malayalamfemale_00004.wav,Malayalam
train_malayalamfemale_00005.wav,Malayalam
train_malayalamfemale_00006.wav,Malayalam
train_malayalamfemale_00007.wav,Malayalam
train_malayalamfemale_00008.wav,Malayalam
train_malayalamfemale_00009.wav,Malayalam
train_malayalamfemale_00010.wav,Malayalam
train_malayalamfemale_00011.wav,Malayalam
train_malayalamfemale_00012.wav,Malayalam
train_malayalamfemale_00013.wav,Malayalam
train_malayalamfemale_00014.wav,Malayalam
train_malayalamfemale_00015.wav,Malayalam
train_malayalamfemale_00016.wav,Malayalam
train_malayalamfemale_00017.wav,Malayalam
train_malayalamfemale_00018.wav,Malayalam
train_malayalamfemale_00019.wav,Malayalam
train_malayalamfemale_00020.wav,Malayalam
train_malayalamfemale_00021.wav,Malayalam
train_malayalamfemale_00022.wav,Malayalam
train_malayalamfemale_00023.wav,Malayalam
train_malayalamfemale_00024.wav,Malayalam
train_malayalamfemale_00025.wav,Malayalam
train_malayalamfemale_00026.wav,Malayalam
train_malayalamfemale_00027.wav,Malayalam
train_malayalamfemale_00028.wav,Malayalam
train_malayalamfemale_00029.wav,Malayalam
train_malayalamfemale_00030.wav,Malayalam
train_malayalamfemale_00031.wav,Malayalam
train_malayalamfemale_00032.wav,Malayalam
train_malayalamfemale_00033.wav,Malayalam
train_malayalamfemale_00034.wav,Malayalam
train_malayalamfemale_00035.wav,Malayalam
train_malayalamfemale_00036.wav,Malayalam
train_malayalamfemale_00037.wav,Malayalam
train_malayalamfemale_00038.wav,Malayalam
train_malayalamfemale_00039.wav,Malayalam
train_malayalamfemale_00040.wav,Malayalam
train_malayalamfemale_00041.wav,Malayalam
train_malayalamfemale_00042.wav,Malayalam
train_malayalamfemale_00043.wav,Malayalam
train_malayalamfemale_00044.wav,Malayalam
train_malayalamfemale_00045.wav,Malayalam
train_malayalamfemale_00046.wav,Malayalam
train_malayalamfemale_00047.wav,Malayalam
train_malayalamfemale_00048.wav,Malayalam
train_malayalamfemale_00049.wav,Malayalam
train_malayalamfemale_00050.wav,Malayalam
train_malayalamfemale_00051.wav,Malayalam
train_malayalamfemale_00052.wav,Malayalam
train_malayalamfemale_00053.wav,Malayalam
train_malayalamfemale_00054.wav,Malayalam
train_malayalamfemale_00055.wav,Malayalam
train_malayalamfemale_00056.wav,Malayalam
train_malayalamfemale_00057.wav,Malayalam
train_malayalamfemale_00058.wav,Malayalam
train_malayalamfemale_00059.wav,Malayalam
train_malayalamfemale_00060.wav,Malayalam
train_malayalamfemale_00061.wav,Malayalam
train_malayalamfemale_00062.wav,Malayalam
train_malayalamfemale_00063.wav,Malayalam
train_malayalamfemale_00064.wav,Malayalam
train_malayalamfemale_00065.wav,Malayalam
train_malayalamfemale_00066.wav,Malayalam
train_malayalamfemale_00067.wav,Malayalam
train_malayalamfemale_00068.wav,Malayalam
train_malayalamfemale_00069.wav,Malayalam
train_malayalamfemale_00070.wav,Malayalam
train_malayalamfemale_00071.wav,Malayalam
train_malayalamfemale_00072.wav,Malayalam
train_malayalamfemale_00073.wav,Malayalam
train_malayalamfemale_00074.wav,Malayalam
train_malayalamfemale_00075.wav,Malayalam
train_malayalamfemale_00076.wav,Malayalam
train_malayalamfemale_00077.wav,Malayalam
train_malayalamfemale_00078.wav,Malayalam
train_malayalamfemale_00079.wav,Malayalam
train_malayalamfemale_00080.wav,Malayalam
train_malayalamfemale_00081.wav,Malayalam
train_malayalamfemale_00082.wav,Malayalam
train_malayalamfemale_00083.wav,Malayalam
train_malayalamfemale_00084.wav,Malayalam
train_malayalamfemale_00085.wav,Malayalam
train_malayalamfemale_00086.wav,Malayalam
train_malayalamfemale_00087.wav,Malayalam
train_malayalamfemale_00088.wav,Malayalam
train_malayalamfemale_00089.wav,Malayalam
train_malayalamfemale_00090.wav,Malayalam
train_malayalamfemale_00091.wav,Malayalam
train_malayalamfemale_00092.wav,Malayalam
train_malayalamfemale_00093.wav,Malayalam
train_malayalamfemale_00094.wav,Malayalam
train_malayalamfemale_00095.wav,Malayalam
train_malayalamfemale_00096.wav,Malayalam
train_malayalamfemale_00097.wav,Malayalam
train_malayalamfemale_00098.wav,Malayalam
train_malayalamfemale_00099.wav,Malayalam
train_malayalamfemale_00100.wav,Malayalam
train_malayalamfemale_00101.wav,Malayalam
train_malayalamfemale_00102.wav,Malayalam
train_malayalamfemale_00103.wav,Malayalam
train_malayalamfemale_00104.wav,Malayalam
train_malayalamfemale_00105.wav,Malayalam
train_malayalamfemale_00106.wav,Malayalam
train_malayalamfemale_00107.wav,Malayalam
train_malayalamfemale_00108.wav,Malayalam
train_malayalamfemale_00109.wav,Malayalam
train_malayalamfemale_00110.wav,Malayalam
train_malayalamfemale_00111.wav,Malayalam
train_malayalamfemale_00112.wav,Malayalam
train_malayalamfemale_00113.wav,Malayalam
train_malayalamfemale_00114.wav,Malayalam
train_malayalamfemale_00115.wav,Malayalam
train_malayalamfemale_00116.wav,Malayalam
train_malayalamfemale_00117.wav,Malayalam
train_malayalamfemale_00118.wav,Malayalam
train_malayalamfemale_00119.wav,Malayalam
train_malayalamfemale_00120.wav,Malayalam
train_malayalamfemale_00121.wav,Malayalam
train_malayalamfemale_00122.wav,Malayalam
train_malayalamfemale_00123.wav,Malayalam
train_malayalamfemale_00124.wav,Malayalam
train_malayalamfemale_00125.wav,Malayalam
train_malayalamfemale_00126.wav,Malayalam
train_malayalamfemale_00127.wav,Malayalam
train_malayalamfemale_00128.wav,Malayalam
train_malayalamfemale_00129.wav,Malayalam
train_malayalamfemale_00130.wav,Malayalam
train_malayalamfemale_00131.wav,Malayalam
train_malayalamfemale_00132.wav,Malayalam
train_malayalamfemale_00133.wav,Malayalam
train_malayalamfemale_00134.wav,Malayalam
train_malayalamfemale_00135.wav,Malayalam
train_malayalamfemale_00136.wav,Malayalam
train_malayalamfemale_00137.wav,Malayalam
train_malayalamfemale_00138.wav,Malayalam
train_malayalamfemale_00139.wav,Malayalam
train_malayalamfemale_00140.wav,Malayalam
train_malayalamfemale_00141.wav,Malayalam
train_malayalamfemale_00142.wav,Malayalam
train_malayalamfemale_00143.wav,Malayalam
train_malayalamfemale_00144.wav,Malayalam
train_malayalamfemale_00145.wav,Malayalam
train_malayalamfemale_00146.wav,Malayalam
train_malayalamfemale_00147.wav,Malayalam
train_malayalamfemale_00148.wav,Malayalam
train_malayalamfemale_00149.wav,Malayalam
train_malayalamfemale_00150.wav,Malayalam
train_malayalamfemale_00151.wav,Malayalam
train_malayalamfemale_00152.wav,Malayalam
train_malayalamfemale_00153.wav,Malayalam
train_malayalamfemale_00154.wav,Malayalam
train_malayalamfemale_00155.wav,Malayalam
train_malayalamfemale_00156.wav,Malayalam
train_malayalamfemale_00157.wav,Malayalam
train_malayalamfemale_00158.wav,Malayalam
train_malayalamfemale_00159.wav,Malayalam
train_malayalamfemale_00160.wav,Malayalam
train_malayalamfemale_00161.wav,Malayalam
train_malayalamfemale_00162.wav,Malayalam
train_malayalamfemale_00163.wav,Malayalam
train_malayalamfemale_00164.wav,Malayalam
train_malayalamfemale_00165.wav,Malayalam
train_malayalamfemale_00166.wav,Malayalam
train_malayalamfemale_00167.wav,Malayalam
train_malayalamfemale_00168.wav,Malayalam
train_malayalamfemale_00169.wav,Malayalam
train_malayalamfemale_00170.wav,Malayalam
train_malayalamfemale_00171.wav,Malayalam
train_malayalamfemale_00172.wav,Malayalam
train_malayalamfemale_00173.wav,Malayalam
train_malayalamfemale_00174.wav,Malayalam
train_malayalamfemale_00175.wav,Malayalam
train_malayalamfemale_00176.wav,Malayalam
train_malayalamfemale_00177.wav,Malayalam
train_malayalamfemale_00178.wav,Malayalam
train_malayalamfemale_00179.wav,Malayalam
train_malayalamfemale_00180.wav,Malayalam
train_malayalamfemale_00181.wav,Malayalam
train_malayalamfemale_00182.wav,Malayalam
train_malayalamfemale_00183.wav,Malayalam
train_malayalamfemale_00184.wav,Malayalam
train_malayalamfemale_00185.wav,Malayalam
train_malayalamfemale_00186.wav,Malayalam
train_malayalamfemale_00187.wav,Malayalam
train_malayalamfemale_00188.wav,Malayalam
train_malayalamfemale_00189.wav,Malayalam
train_malayalamfemale_00190.wav,Malayalam
train_malayalamfemale_00191.wav,Malayalam
train_malayalamfemale_00192.wav,Malayalam
train_malayalamfemale_00193.wav,Malayalam
train_malayalamfemale_00194.wav,Malayalam
train_malayalamfemale_00195.wav,Malayalam
train_malayalamfemale_00196.wav,Malayalam
train_malayalamfemale_00197.wav,Malayalam
train_malayalamfemale_00198.wav,Malayalam
train_malayalamfemale_00199.wav,Malayalam
train_malayalamfemale_00200.wav,Malayalam
train_malayalamfemale_00201.wav,Malayalam
train_malayalamfemale_00202.wav,Malayalam
train_malayalamfemale_00203.wav,Malayalam
train_malayalamfemale_00204.wav,Malayalam
train_malayalamfemale_00205.wav,Malayalam
train_malayalamfemale_00206.wav,Malayalam
train_malayalamfemale_00207.wav,Malayalam
train_malayalamfemale_00208.wav,Malayalam
train_malayalamfemale_00209.wav,Malayalam
train_malayalamfemale_00210.wav,Malayalam
train_malayalamfemale_00211.wav,Malayalam
train_malayalamfemale_00212.wav,Malayalam
train_malayalamfemale_00213.wav,Malayalam
train_malayalamfemale_00214.wav,Malayalam
train_malayalamfemale_00215.wav,Malayalam
train_malayalamfemale_00216.wav,Malayalam
train_malayalamfemale_00217.wav,Malayalam
train_malayalamfemale_00218.wav,Malayalam
train_malayalamfemale_00219.wav,Malayalam
train_malayalamfemale_00220.wav,Malayalam
train_malayalamfemale_00221.wav,Malayalam
train_malayalamfemale_00222.wav,Malayalam
train_malayalamfemale_00223.wav,Malayalam
train_malayalamfemale_00224.wav,Malayalam
train_malayalamfemale_00225.wav,Malayalam
train_malayalamfemale_00226.wav,Malayalam
train_malayalamfemale_00227.wav,Malayalam
train_malayalamfemale_00228.wav,Malayalam
train_malayalamfemale_00229.wav,Malayalam
train_malayalamfemale_00230.wav,Malayalam
train_malayalamfemale_00231.wav,Malayalam
train_malayalamfemale_00232.wav,Malayalam
train_malayalamfemale_00233.wav,Malayalam
train_malayalamfemale_00234.wav,Malayalam
train_malayalamfemale_00235.wav,Malayalam
train_malayalamfemale_00236.wav,Malayalam
train_malayalamfemale_00237.wav,Malayalam
train_malayalamfemale_00238.wav,Malayalam
train_malayalamfemale_00239.wav,Malayalam
train_malayalamfemale_00240.wav,Malayalam
train_malayalamfemale_00241.wav,Malayalam
train_malayalamfemale_00242.wav,Malayalam
train_malayalamfemale_00243.wav,Malayalam
train_malayalamfemale_00244.wav,Malayalam
train_malayalamfemale_00245.wav,Malayalam
train_malayalamfemale_00246.wav,Malayalam
train_malayalamfemale_00247.wav,Malayalam
train_malayalamfemale_00248.wav,Malayalam
train_malayalamfemale_00249.wav,Malayalam
train_malayalamfemale_00250.wav,Malayalam
train_malayalamfemale_00251.wav,Malayalam
train_malayalamfemale_00252.wav,Malayalam
train_malayalamfemale_00253.wav,Malayalam
train_malayalamfemale_00254.wav,Malayalam
train_malayalamfemale_00255.wav,Malayalam
train_malayalamfemale_00256.wav,Malayalam
train_malayalamfemale_00257.wav,Malayalam
train_malayalamfemale_00258.wav,Malayalam
train_malayalamfemale_00259.wav,Malayalam
train_malayalamfemale_00260.wav,Malayalam
train_malayalamfemale_00261.wav,Malayalam
train_malayalamfemale_00262.wav,Malayalam
train_malayalamfemale_00263.wav,Malayalam
train_malayalamfemale_00264.wav,Malayalam
train_malayalamfemale_00265.wav,Malayalam
train_malayalamfemale_00266.wav,Malayalam
train_malayalamfemale_00267.wav,Malayalam
train_malayalamfemale_00268.wav,Malayalam
train_malayalamfemale_00269.wav,Malayalam
train_malayalamfemale_00270.wav,Malayalam
train_malayalamfemale_00271.wav,Malayalam
train_malayalamfemale_00272.wav,Malayalam
train_malayalamfemale_00273.wav,Malayalam
train_malayalamfemale_00274.wav,Malayalam
train_malayalamfemale_00275.wav,Malayalam
train_malayalamfemale_00276.wav,Malayalam
train_malayalamfemale_00277.wav,Malayalam
train_malayalamfemale_00278.wav,Malayalam
train_malayalamfemale_00279.wav,Malayalam
train_malayalamfemale_00280.wav,Malayalam
train_malayalamfemale_00281.wav,Malayalam
train_malayalamfemale_00282.wav,Malayalam
train_malayalamfemale_00283.wav,Malayalam
train_malayalamfemale_00284.wav,Malayalam
train_malayalamfemale_00285.wav,Malayalam
train_malayalamfemale_00286.wav,Malayalam
train_malayalamfemale_00287.wav,Malayalam
train_malayalamfemale_00288.wav,Malayalam
train_malayalamfemale_00289.wav,Malayalam
train_malayalamfemale_00290.wav,Malayalam
train_malayalamfemale_00291.wav,Malayalam
train_malayalamfemale_00292.wav,Malayalam
train_malayalamfemale_00293.wav,Malayalam
train_malayalamfemale_00294.wav,Malayalam
train_malayalamfemale_00295.wav,Malayalam
train_malayalamfemale_00296.wav,Malayalam
train_malayalamfemale_00297.wav,Malayalam
train_malayalamfemale_00298.wav,Malayalam
train_malayalamfemale_00299.wav,Malayalam
train_malayalamfemale_00300.wav,Malayalam
train_malayalamfemale_00301.wav,Malayalam
train_malayalamfemale_00302.wav,Malayalam
train_malayalamfemale_00303.wav,Malayalam
train_malayalamfemale_00304.wav,Malayalam
train_malayalamfemale_00305.wav,Malayalam
train_malayalamfemale_00306.wav,Malayalam
train_malayalamfemale_00307.wav,Malayalam
train_malayalamfemale_00308.wav,Malayalam
train_malayalamfemale_00309.wav,Malayalam
train_malayalamfemale_00310.wav,Malayalam
train_malayalamfemale_00311.wav,Malayalam
train_malayalamfemale_00312.wav,Malayalam
train_malayalamfemale_00313.wav,Malayalam
train_malayalamfemale_00314.wav,Malayalam
train_malayalamfemale_00315.wav,Malayalam
train_malayalamfemale_00316.wav,Malayalam
train_malayalamfemale_00317.wav,Malayalam
train_malayalamfemale_00318.wav,Malayalam
train_malayalamfemale_00319.wav,Malayalam
train_malayalamfemale_00320.wav,Malayalam
train_malayalamfemale_00321.wav,Malayalam
train_malayalamfemale_00322.wav,Malayalam
train_malayalamfemale_00323.wav,Malayalam
train_malayalamfemale_00324.wav,Malayalam
train_malayalamfemale_00325.wav,Malayalam
train_malayalamfemale_00326.wav,Malayalam
train_malayalamfemale_00327.wav,Malayalam
train_malayalamfemale_00328.wav,Malayalam
train_malayalamfemale_00329.wav,Malayalam
train_malayalamfemale_00330.wav,Malayalam
train_malayalamfemale_00331.wav,Malayalam
train_malayalamfemale_00332.wav,Malayalam
train_malayalamfemale_00333.wav,Malayalam
train_malayalamfemale_00334.wav,Malayalam
train_malayalamfemale_00335.wav,Malayalam
train_malayalamfemale_00336.wav,Malayalam
train_malayalamfemale_00337.wav,Malayalam
train_malayalamfemale_00338.wav,Malayalam
train_malayalamfemale_00339.wav,Malayalam
train_malayalamfemale_00340.wav,Malayalam
train_malayalamfemale_00341.wav,Malayalam
train_malayalamfemale_00342.wav,Malayalam
train_malayalamfemale_00343.wav,Malayalam
train_malayalamfemale_00344.wav,Malayalam
train_malayalamfemale_00345.wav,Malayalam
train_malayalamfemale_00346.wav,Malayalam
train_malayalamfemale_00347.wav,Malayalam
train_malayalamfemale_00348.wav,Malayalam
train_malayalamfemale_00349.wav,Malayalam
train_malayalamfemale_00350.wav,Malayalam
train_malayalamfemale_00351.wav,Malayalam
train_malayalamfemale_00352.wav,Malayalam
train_malayalamfemale_00353.wav,Malayalam
train_malayalamfemale_00354.wav,Malayalam
train_malayalamfemale_00355.wav,Malayalam
train_malayalamfemale_00356.wav,Malayalam
train_malayalamfemale_00357.wav,Malayalam
train_malayalamfemale_00358.wav,Malayalam
train_malayalamfemale_00359.wav,Malayalam
train_malayalamfemale_00360.wav,Malayalam
train_malayalamfemale_00361.wav,Malayalam
train_malayalamfemale_00362.wav,Malayalam
train_malayalamfemale_00363.wav,Malayalam
train_malayalamfemale_00364.wav,Malayalam
train_malayalamfemale_00365.wav,Malayalam
train_malayalamfemale_00366.wav,Malayalam
train_malayalamfemale_00367.wav,Malayalam
train_malayalamfemale_00368.wav,Malayalam
train_malayalamfemale_00369.wav,Malayalam
train_malayalamfemale_00370.wav,Malayalam
train_malayalamfemale_00371.wav,Malayalam
train_malayalamfemale_00372.wav,Malayalam
train_malayalamfemale_00373.wav,Malayalam
train_malayalamfemale_00374.wav,Malayalam
train_malayalamfemale_00375.wav,Malayalam
train_malayalamfemale_00376.wav,Malayalam
train_malayalamfemale_00377.wav,Malayalam
train_malayalamfemale_00378.wav,Malayalam
train_malayalamfemale_00379.wav,Malayalam
train_malayalamfemale_00380.wav,Malayalam
train_malayalamfemale_00381.wav,Malayalam
train_malayalamfemale_00382.wav,Malayalam
train_malayalamfemale_00383.wav,Malayalam
train_malayalamfemale_00384.wav,Malayalam
train_malayalamfemale_00385.wav,Malayalam
train_malayalamfemale_00386.wav,Malayalam
train_malayalamfemale_00387.wav,Malayalam
train_malayalamfemale_00388.wav,Malayalam
train_malayalamfemale_00389.wav,Malayalam
train_malayalamfemale_00390.wav,Malayalam
train_malayalamfemale_00391.wav,Malayalam
train_malayalamfemale_00392.wav,Malayalam
train_malayalamfemale_00393.wav,Malayalam
train_malayalamfemale_00394.wav,Malayalam
train_malayalamfemale_00395.wav,Malayalam
train_malayalamfemale_00396.wav,Malayalam
train_malayalamfemale_00397.wav,Malayalam
train_malayalamfemale_00398.wav,Malayalam
train_malayalamfemale_00399.wav,Malayalam
train_malayalamfemale_00400.wav,Malayalam
train_malayalamfemale_00401.wav,Malayalam
train_malayalamfemale_00402.wav,Malayalam
train_malayalamfemale_00403.wav,Malayalam
train_malayalamfemale_00404.wav,Malayalam
train_malayalamfemale_00405.wav,Malayalam
train_malayalamfemale_00406.wav,Malayalam
train_malayalamfemale_00407.wav,Malayalam
train_malayalamfemale_00408.wav,Malayalam
train_malayalamfemale_00409.wav,Malayalam
train_malayalamfemale_00410.wav,Malayalam
train_malayalamfemale_00411.wav,Malayalam
train_malayalamfemale_00412.wav,Malayalam
train_malayalamfemale_00413.wav,Malayalam
train_malayalamfemale_00414.wav,Malayalam
train_malayalamfemale_00415.wav,Malayalam
train_malayalamfemale_00416.wav,Malayalam
train_malayalamfemale_00417.wav,Malayalam
train_malayalamfemale_00418.wav,Malayalam
train_malayalamfemale_00419.wav,Malayalam
train_malayalamfemale_00420.wav,Malayalam
train_malayalamfemale_00421.wav,Malayalam
train_malayalamfemale_00422.wav,Malayalam
train_malayalamfemale_00423.wav,Malayalam
train_malayalamfemale_00424.wav,Malayalam
train_malayalamfemale_00425.wav,Malayalam
train_malayalamfemale_00426.wav,Malayalam
train_malayalamfemale_00427.wav,Malayalam
train_malayalamfemale_00428.wav,Malayalam
train_malayalamfemale_00429.wav,Malayalam
train_malayalamfemale_00430.wav,Malayalam
train_malayalamfemale_00431.wav,Malayalam
train_malayalamfemale_00432.wav,Malayalam
train_malayalamfemale_00433.wav,Malayalam
train_malayalamfemale_00434.wav,Malayalam
train_malayalamfemale_00435.wav,Malayalam
train_malayalamfemale_00436.wav,Malayalam
train_malayalamfemale_00437.wav,Malayalam
train_malayalamfemale_00438.wav,Malayalam
train_malayalamfemale_00439.wav,Malayalam
train_malayalamfemale_00440.wav,Malayalam
train_malayalamfemale_00441.wav,Malayalam
train_malayalamfemale_00442.wav,Malayalam
train_malayalamfemale_00443.wav,Malayalam
train_malayalamfemale_00444.wav,Malayalam
train_malayalamfemale_00445.wav,Malayalam
train_malayalamfemale_00446.wav,Malayalam
train_malayalamfemale_00447.wav,Malayalam
train_malayalamfemale_00448.wav,Malayalam
train_malayalamfemale_00449.wav,Malayalam
train_malayalamfemale_00450.wav,Malayalam
train_malayalamfemale_00451.wav,Malayalam
train_malayalamfemale_00452.wav,Malayalam
train_malayalamfemale_00453.wav,Malayalam
train_malayalamfemale_00454.wav,Malayalam
train_malayalamfemale_00455.wav,Malayalam
train_malayalamfemale_00456.wav,Malayalam
train_malayalamfemale_00457.wav,Malayalam
train_malayalamfemale_00458.wav,Malayalam
train_malayalamfemale_00459.wav,Malayalam
train_malayalamfemale_00460.wav,Malayalam
train_malayalamfemale_00461.wav,Malayalam
train_malayalamfemale_00462.wav,Malayalam
train_malayalamfemale_00463.wav,Malayalam
train_malayalamfemale_00464.wav,Malayalam
train_malayalamfemale_00465.wav,Malayalam
train_malayalamfemale_00466.wav,Malayalam
train_malayalamfemale_00467.wav,Malayalam
train_malayalamfemale_00468.wav,Malayalam
train_malayalamfemale_00469.wav,Malayalam
train_malayalamfemale_00470.wav,Malayalam
train_malayalamfemale_00471.wav,Malayalam
train_malayalamfemale_00472.wav,Malayalam
train_malayalamfemale_00473.wav,Malayalam
train_malayalamfemale_00474.wav,Malayalam
train_malayalamfemale_00475.wav,Malayalam
train_malayalamfemale_00476.wav,Malayalam
train_malayalamfemale_00477.wav,Malayalam
train_malayalamfemale_00478.wav,Malayalam
train_malayalamfemale_00479.wav,Malayalam
train_malayalamfemale_00480.wav,Malayalam
train_malayalamfemale_00481.wav,Malayalam
train_malayalamfemale_00482.wav,Malayalam
train_malayalamfemale_00483.wav,Malayalam
train_malayalamfemale_00484.wav,Malayalam
train_malayalamfemale_00485.wav,Malayalam
train_malayalamfemale_00486.wav,Malayalam
train_malayalamfemale_00487.wav,Malayalam
train_malayalamfemale_00488.wav,Malayalam
train_malayalamfemale_00489.wav,Malayalam
train_malayalamfemale_00490.wav,Malayalam
train_malayalamfemale_00491.wav,Malayalam
train_malayalamfemale_00492.wav,Malayalam
train_malayalamfemale_00493.wav,Malayalam
train_malayalamfemale_00494.wav,Malayalam
train_malayalamfemale_00495.wav,Malayalam
train_malayalamfemale_00496.wav,Malayalam
train_malayalamfemale_00497.wav,Malayalam
train_malayalamfemale_00498.wav,Malayalam
train_malayalamfemale_00499.wav,Malayalam
train_malayalamfemale_00500.wav,Malayalam
train_malayalamfemale_00501.wav,Malayalam
train_malayalamfemale_00502.wav,Malayalam
train_malayalamfemale_00503.wav,Malayalam
train_malayalamfemale_00504.wav,Malayalam
train_malayalamfemale_00505.wav,Malayalam
train_malayalamfemale_00506.wav,Malayalam
train_malayalamfemale_00507.wav,Malayalam
train_malayalamfemale_00508.wav,Malayalam
train_malayalamfemale_00509.wav,Malayalam
train_malayalamfemale_00510.wav,Malayalam
train_malayalamfemale_00511.wav,Malayalam
train_malayalamfemale_00512.wav,Malayalam
train_malayalamfemale_00513.wav,Malayalam
train_malayalamfemale_00514.wav,Malayalam
train_malayalamfemale_00515.wav,Malayalam
train_malayalamfemale_00516.wav,Malayalam
train_malayalamfemale_00517.wav,Malayalam
train_malayalamfemale_00518.wav,Malayalam
train_malayalamfemale_00519.wav,Malayalam
train_malayalamfemale_00520.wav,Malayalam
train_malayalamfemale_00521.wav,Malayalam
train_malayalamfemale_00522.wav,Malayalam
train_malayalamfemale_00523.wav,Malayalam
train_malayalamfemale_00524.wav,Malayalam
train_malayalamfemale_00525.wav,Malayalam
train_malayalamfemale_00526.wav,Malayalam
train_malayalamfemale_00527.wav,Malayalam
train_malayalamfemale_00528.wav,Malayalam
train_malayalamfemale_00529.wav,Malayalam
train_malayalamfemale_00530.wav,Malayalam
train_malayalamfemale_00531.wav,Malayalam
train_malayalamfemale_00532.wav,Malayalam
train_malayalamfemale_00533.wav,Malayalam
train_malayalamfemale_00534.wav,Malayalam
train_malayalamfemale_00535.wav,Malayalam
train_malayalamfemale_00536.wav,Malayalam
train_malayalamfemale_00537.wav,Malayalam
train_malayalamfemale_00538.wav,Malayalam
train_malayalamfemale_00539.wav,Malayalam
train_malayalamfemale_00540.wav,Malayalam
train_malayalamfemale_00541.wav,Malayalam
train_malayalamfemale_00542.wav,Malayalam
train_malayalamfemale_00543.wav,Malayalam
train_malayalamfemale_00544.wav,Malayalam
train_malayalamfemale_00545.wav,Malayalam
train_malayalamfemale_00546.wav,Malayalam
train_malayalamfemale_00547.wav,Malayalam
train_malayalamfemale_00548.wav,Malayalam
train_malayalamfemale_00549.wav,Malayalam
train_malayalamfemale_00550.wav,Malayalam
train_malayalamfemale_00551.wav,Malayalam
train_malayalamfemale_00552.wav,Malayalam
train_malayalamfemale_00553.wav,Malayalam
train_malayalamfemale_00554.wav,Malayalam
train_malayalamfemale_00555.wav,Malayalam
train_malayalamfemale_00556.wav,Malayalam
train_malayalamfemale_00557.wav,Malayalam
train_malayalamfemale_00558.wav,Malayalam
train_malayalamfemale_00559.wav,Malayalam
train_malayalamfemale_00560.wav,Malayalam
train_malayalamfemale_00561.wav,Malayalam
train_malayalamfemale_00562.wav,Malayalam
train_malayalamfemale_00563.wav,Malayalam
train_malayalamfemale_00564.wav,Malayalam
train_malayalamfemale_00565.wav,Malayalam
train_malayalamfemale_00566.wav,Malayalam
train_malayalamfemale_00567.wav,Malayalam
train_malayalamfemale_00568.wav,Malayalam
train_malayalamfemale_00569.wav,Malayalam
train_malayalamfemale_00570.wav,Malayalam
train_malayalamfemale_00571.wav,Malayalam
train_malayalamfemale_00572.wav,Malayalam
train_malayalamfemale_00573.wav,Malayalam
train_malayalamfemale_00574.wav,Malayalam
train_malayalamfemale_00575.wav,Malayalam
train_malayalamfemale_00576.wav,Malayalam
train_malayalamfemale_00577.wav,Malayalam
train_malayalamfemale_00578.wav,Malayalam
train_malayalamfemale_00579.wav,Malayalam
train_malayalamfemale_00580.wav,Malayalam
train_malayalamfemale_00581.wav,Malayalam
train_malayalamfemale_00582.wav,Malayalam
train_malayalamfemale_00583.wav,Malayalam
train_malayalamfemale_00584.wav,Malayalam
train_malayalamfemale_00585.wav,Malayalam
train_malayalamfemale_00586.wav,Malayalam
train_malayalamfemale_00587.wav,Malayalam
train_malayalamfemale_00588.wav,Malayalam
train_malayalamfemale_00589.wav,Malayalam
train_malayalamfemale_00590.wav,Malayalam
train_malayalamfemale_00591.wav,Malayalam
train_malayalamfemale_00592.wav,Malayalam
train_malayalamfemale_00593.wav,Malayalam
train_malayalamfemale_00594.wav,Malayalam
train_malayalamfemale_00595.wav,Malayalam
train_malayalamfemale_00596.wav,Malayalam
train_malayalamfemale_00597.wav,Malayalam
train_malayalamfemale_00598.wav,Malayalam
train_malayalamfemale_00599.wav,Malayalam
train_malayalamfemale_00600.wav,Malayalam
train_malayalamfemale_00601.wav,Malayalam
train_malayalamfemale_00602.wav,Malayalam
train_malayalamfemale_00603.wav,Malayalam
train_malayalamfemale_00604.wav,Malayalam
train_malayalamfemale_00605.wav,Malayalam
train_malayalamfemale_00606.wav,Malayalam
train_malayalamfemale_00607.wav,Malayalam
train_malayalamfemale_00608.wav,Malayalam
train_malayalamfemale_00609.wav,Malayalam
train_malayalamfemale_00610.wav,Malayalam
train_malayalamfemale_00611.wav,Malayalam
train_malayalamfemale_00612.wav,Malayalam
train_malayalamfemale_00613.wav,Malayalam
train_malayalamfemale_00614.wav,Malayalam
train_malayalamfemale_00615.wav,Malayalam
train_malayalamfemale_00616.wav,Malayalam
train_malayalamfemale_00617.wav,Malayalam
train_malayalamfemale_00618.wav,Malayalam
train_malayalamfemale_00619.wav,Malayalam
train_malayalamfemale_00620.wav,Malayalam
train_malayalamfemale_00621.wav,Malayalam
train_malayalamfemale_00622.wav,Malayalam
train_malayalamfemale_00623.wav,Malayalam
train_malayalamfemale_00624.wav,Malayalam
train_malayalamfemale_00625.wav,Malayalam
train_malayalamfemale_00626.wav,Malayalam
train_malayalamfemale_00627.wav,Malayalam
train_malayalamfemale_00628.wav,Malayalam
train_malayalamfemale_00629.wav,Malayalam
train_malayalamfemale_00630.wav,Malayalam
train_malayalamfemale_00631.wav,Malayalam
train_malayalamfemale_00632.wav,Malayalam
train_malayalamfemale_00633.wav,Malayalam
train_malayalamfemale_00634.wav,Malayalam
train_malayalamfemale_00635.wav,Malayalam
train_malayalamfemale_00636.wav,Malayalam
train_malayalamfemale_00637.wav,Malayalam
train_malayalamfemale_00638.wav,Malayalam
train_malayalamfemale_00639.wav,Malayalam
train_malayalamfemale_00640.wav,Malayalam
train_malayalamfemale_00641.wav,Malayalam
train_malayalamfemale_00642.wav,Malayalam
train_malayalamfemale_00643.wav,Malayalam
train_malayalamfemale_00644.wav,Malayalam
train_malayalamfemale_00645.wav,Malayalam
train_malayalamfemale_00646.wav,Malayalam
train_malayalamfemale_00647.wav,Malayalam
train_malayalamfemale_00648.wav,Malayalam
train_malayalamfemale_00649.wav,Malayalam
train_malayalamfemale_00650.wav,Malayalam
train_malayalamfemale_00651.wav,Malayalam
train_malayalamfemale_00652.wav,Malayalam
train_malayalamfemale_00653.wav,Malayalam
train_malayalamfemale_00654.wav,Malayalam
train_malayalamfemale_00655.wav,Malayalam
train_malayalamfemale_00656.wav,Malayalam
train_malayalamfemale_00657.wav,Malayalam
train_malayalamfemale_00658.wav,Malayalam
train_malayalamfemale_00659.wav,Malayalam
train_malayalamfemale_00660.wav,Malayalam
train_malayalamfemale_00661.wav,Malayalam
train_malayalamfemale_00662.wav,Malayalam
train_malayalamfemale_00663.wav,Malayalam
train_malayalamfemale_00664.wav,Malayalam
train_malayalamfemale_00665.wav,Malayalam
train_malayalamfemale_00666.wav,Malayalam
train_malayalamfemale_00667.wav,Malayalam
train_malayalamfemale_00668.wav,Malayalam
train_malayalamfemale_00669.wav,Malayalam
train_malayalamfemale_00670.wav,Malayalam
train_malayalamfemale_00671.wav,Malayalam
train_malayalamfemale_00672.wav,Malayalam
train_malayalamfemale_00673.wav,Malayalam
train_malayalamfemale_00674.wav,Malayalam
train_malayalamfemale_00675.wav,Malayalam
train_malayalamfemale_00676.wav,Malayalam
train_malayalamfemale_00677.wav,Malayalam
train_malayalamfemale_00678.wav,Malayalam
train_malayalamfemale_00679.wav,Malayalam
train_malayalamfemale_00680.wav,Malayalam
train_malayalamfemale_00681.wav,Malayalam
train_malayalamfemale_00682.wav,Malayalam
train_malayalamfemale_00683.wav,Malayalam
train_malayalamfemale_00684.wav,Malayalam
train_malayalamfemale_00685.wav,Malayalam
train_malayalamfemale_00686.wav,Malayalam
train_malayalamfemale_00687.wav,Malayalam
train_malayalamfemale_00688.wav,Malayalam
train_malayalamfemale_00689.wav,Malayalam
train_malayalamfemale_00690.wav,Malayalam
train_malayalamfemale_00691.wav,Malayalam
train_malayalamfemale_00692.wav,Malayalam
train_malayalamfemale_00693.wav,Malayalam
train_malayalamfemale_00694.wav,Malayalam
train_malayalamfemale_00695.wav,Malayalam
train_malayalamfemale_00696.wav,Malayalam
train_malayalamfemale_00697.wav,Malayalam
train_malayalamfemale_00698.wav,Malayalam
train_malayalamfemale_00699.wav,Malayalam
train_malayalamfemale_00700.wav,Malayalam
train_malayalamfemale_00701.wav,Malayalam
train_malayalamfemale_00702.wav,Malayalam
train_malayalamfemale_00703.wav,Malayalam
train_malayalamfemale_00704.wav,Malayalam
train_malayalamfemale_00705.wav,Malayalam
train_malayalamfemale_00706.wav,Malayalam
train_malayalamfemale_00707.wav,Malayalam
train_malayalamfemale_00708.wav,Malayalam
train_malayalamfemale_00709.wav,Malayalam
train_malayalamfemale_00710.wav,Malayalam
train_malayalamfemale_00711.wav,Malayalam
train_malayalamfemale_00712.wav,Malayalam
train_malayalamfemale_00713.wav,Malayalam
train_malayalamfemale_00714.wav,Malayalam
train_malayalamfemale_00715.wav,Malayalam
train_malayalamfemale_00716.wav,Malayalam
train_malayalamfemale_00717.wav,Malayalam
train_malayalamfemale_00718.wav,Malayalam
train_malayalamfemale_00719.wav,Malayalam
train_malayalamfemale_00720.wav,Malayalam
train_malayalamfemale_00721.wav,Malayalam
train_malayalamfemale_00722.wav,Malayalam
train_malayalamfemale_00723.wav,Malayalam
train_malayalamfemale_00724.wav,Malayalam
train_malayalamfemale_00725.wav,Malayalam
train_malayalamfemale_00726.wav,Malayalam
train_malayalamfemale_00727.wav,Malayalam
train_malayalamfemale_00728.wav,Malayalam
train_malayalamfemale_00729.wav,Malayalam
train_malayalamfemale_00730.wav,Malayalam
train_malayalamfemale_00731.wav,Malayalam
train_malayalamfemale_00732.wav,Malayalam
train_malayalamfemale_00733.wav,Malayalam
train_malayalamfemale_00734.wav,Malayalam
train_malayalamfemale_00735.wav,Malayalam
train_malayalamfemale_00736.wav,Malayalam
train_malayalamfemale_00737.wav,Malayalam
train_malayalamfemale_00738.wav,Malayalam
train_malayalamfemale_00739.wav,Malayalam
train_malayalamfemale_00740.wav,Malayalam
train_malayalamfemale_00741.wav,Malayalam
train_malayalamfemale_00742.wav,Malayalam
train_malayalamfemale_00743.wav,Malayalam
train_malayalamfemale_00744.wav,Malayalam
train_malayalamfemale_00745.wav,Malayalam
train_malayalamfemale_00746.wav,Malayalam
train_malayalamfemale_00747.wav,Malayalam
train_malayalamfemale_00748.wav,Malayalam
train_malayalamfemale_00749.wav,Malayalam
train_malayalamfemale_00750.wav,Malayalam
train_malayalamfemale_00751.wav,Malayalam
train_malayalamfemale_00752.wav,Malayalam
train_malayalamfemale_00753.wav,Malayalam
train_malayalamfemale_00754.wav,Malayalam
train_malayalamfemale_00755.wav,Malayalam
train_malayalamfemale_00756.wav,Malayalam
train_malayalamfemale_00757.wav,Malayalam
train_malayalamfemale_00758.wav,Malayalam
train_malayalamfemale_00759.wav,Malayalam
train_malayalamfemale_00760.wav,Malayalam
train_malayalamfemale_00761.wav,Malayalam
train_malayalamfemale_00762.wav,Malayalam
train_malayalamfemale_00763.wav,Malayalam
train_malayalamfemale_00764.wav,Malayalam
train_malayalamfemale_00765.wav,Malayalam
train_malayalamfemale_00766.wav,Malayalam
train_malayalamfemale_00767.wav,Malayalam
train_malayalamfemale_00768.wav,Malayalam
train_malayalamfemale_00769.wav,Malayalam
train_malayalamfemale_00770.wav,Malayalam
train_malayalamfemale_00771.wav,Malayalam
train_malayalamfemale_00772.wav,Malayalam
train_malayalamfemale_00773.wav,Malayalam
train_malayalamfemale_00774.wav,Malayalam
train_malayalamfemale_00775.wav,Malayalam
train_malayalamfemale_00776.wav,Malayalam
train_malayalamfemale_00777.wav,Malayalam
train_malayalamfemale_00778.wav,Malayalam
train_malayalamfemale_00779.wav,Malayalam
train_malayalamfemale_00780.wav,Malayalam
train_malayalamfemale_00781.wav,Malayalam
train_malayalamfemale_00782.wav,Malayalam
train_malayalamfemale_00783.wav,Malayalam
train_malayalamfemale_00784.wav,Malayalam
train_malayalamfemale_00785.wav,Malayalam
train_malayalamfemale_00786.wav,Malayalam
train_malayalamfemale_00787.wav,Malayalam
train_malayalamfemale_00788.wav,Malayalam
train_malayalamfemale_00789.wav,Malayalam
train_malayalamfemale_00790.wav,Malayalam
train_malayalamfemale_00791.wav,Malayalam
train_malayalamfemale_00792.wav,Malayalam
train_malayalamfemale_00793.wav,Malayalam
train_malayalamfemale_00794.wav,Malayalam
train_malayalamfemale_00795.wav,Malayalam
train_malayalamfemale_00796.wav,Malayalam
train_malayalamfemale_00797.wav,Malayalam
train_malayalamfemale_00798.wav,Malayalam
train_malayalamfemale_00799.wav,Malayalam
train_malayalamfemale_00800.wav,Malayalam
train_malayalamfemale_00801.wav,Malayalam
train_malayalamfemale_00802.wav,Malayalam
train_malayalamfemale_00803.wav,Malayalam
train_malayalamfemale_00804.wav,Malayalam
train_malayalamfemale_00805.wav,Malayalam
train_malayalamfemale_00806.wav,Malayalam
train_malayalamfemale_00807.wav,Malayalam
train_malayalamfemale_00808.wav,Malayalam
train_malayalamfemale_00809.wav,Malayalam
train_malayalamfemale_00810.wav,Malayalam
train_malayalamfemale_00811.wav,Malayalam
train_malayalamfemale_00812.wav,Malayalam
train_malayalamfemale_00813.wav,Malayalam
train_malayalamfemale_00814.wav,Malayalam
train_malayalamfemale_00815.wav,Malayalam
train_malayalamfemale_00816.wav,Malayalam
train_malayalamfemale_00817.wav,Malayalam
train_malayalamfemale_00818.wav,Malayalam
train_malayalamfemale_00819.wav,Malayalam
train_malayalamfemale_00820.wav,Malayalam
train_malayalamfemale_00821.wav,Malayalam
train_malayalamfemale_00822.wav,Malayalam
train_malayalamfemale_00823.wav,Malayalam
train_malayalamfemale_00824.wav,Malayalam
train_malayalamfemale_00825.wav,Malayalam
train_malayalamfemale_00826.wav,Malayalam
train_malayalamfemale_00827.wav,Malayalam
train_malayalamfemale_00828.wav,Malayalam
train_malayalamfemale_00829.wav,Malayalam
train_malayalamfemale_00830.wav,Malayalam
train_malayalamfemale_00831.wav,Malayalam
train_malayalamfemale_00832.wav,Malayalam
train_malayalamfemale_00833.wav,Malayalam
train_malayalamfemale_00834.wav,Malayalam
train_malayalamfemale_00835.wav,Malayalam
train_malayalamfemale_00836.wav,Malayalam
train_malayalamfemale_00837.wav,Malayalam
train_malayalamfemale_00838.wav,Malayalam
train_malayalamfemale_00839.wav,Malayalam
train_malayalamfemale_00840.wav,Malayalam
train_malayalamfemale_00841.wav,Malayalam
train_malayalamfemale_00842.wav,Malayalam
train_malayalamfemale_00843.wav,Malayalam
train_malayalamfemale_00844.wav,Malayalam
train_malayalamfemale_00845.wav,Malayalam
train_malayalamfemale_00846.wav,Malayalam
train_malayalamfemale_00847.wav,Malayalam
train_malayalamfemale_00848.wav,Malayalam
train_malayalamfemale_00849.wav,Malayalam
train_malayalamfemale_00850.wav,Malayalam
train_malayalamfemale_00851.wav,Malayalam
train_malayalamfemale_00852.wav,Malayalam
train_malayalamfemale_00853.wav,Malayalam
train_malayalamfemale_00854.wav,Malayalam
train_malayalamfemale_00855.wav,Malayalam
train_malayalamfemale_00856.wav,Malayalam
train_malayalamfemale_00857.wav,Malayalam
train_malayalamfemale_00858.wav,Malayalam
train_malayalamfemale_00859.wav,Malayalam
train_malayalamfemale_00860.wav,Malayalam
train_malayalamfemale_00861.wav,Malayalam
train_malayalamfemale_00862.wav,Malayalam
train_malayalamfemale_00863.wav,Malayalam
train_malayalamfemale_00864.wav,Malayalam
train_malayalamfemale_00865.wav,Malayalam
train_malayalamfemale_00866.wav,Malayalam
train_malayalamfemale_00867.wav,Malayalam
train_malayalamfemale_00868.wav,Malayalam
train_malayalamfemale_00869.wav,Malayalam
train_malayalamfemale_00870.wav,Malayalam
train_malayalamfemale_00871.wav,Malayalam
train_malayalamfemale_00872.wav,Malayalam
train_malayalamfemale_00873.wav,Malayalam
train_malayalamfemale_00874.wav,Malayalam
train_malayalamfemale_00875.wav,Malayalam
train_malayalamfemale_00876.wav,Malayalam
train_malayalamfemale_00877.wav,Malayalam
train_malayalamfemale_00878.wav,Malayalam
train_malayalamfemale_00879.wav,Malayalam
train_malayalamfemale_00880.wav,Malayalam
train_malayalamfemale_00881.wav,Malayalam
train_malayalamfemale_00882.wav,Malayalam
train_malayalamfemale_00883.wav,Malayalam
train_malayalamfemale_00884.wav,Malayalam
train_malayalamfemale_00885.wav,Malayalam
train_malayalamfemale_00886.wav,Malayalam
train_malayalamfemale_00887.wav,Malayalam
train_malayalamfemale_00888.wav,Malayalam
train_malayalamfemale_00889.wav,Malayalam
train_malayalamfemale_00890.wav,Malayalam
train_malayalamfemale_00891.wav,Malayalam
train_malayalamfemale_00892.wav,Malayalam
train_malayalamfemale_00893.wav,Malayalam
train_malayalamfemale_00894.wav,Malayalam
train_malayalamfemale_00895.wav,Malayalam
train_malayalamfemale_00896.wav,Malayalam
train_malayalamfemale_00897.wav,Malayalam
train_malayalamfemale_00898.wav,Malayalam
train_malayalamfemale_00899.wav,Malayalam
train_malayalamfemale_00900.wav,Malayalam
train_malayalamfemale_00901.wav,Malayalam
train_malayalamfemale_00902.wav,Malayalam
train_malayalamfemale_00903.wav,Malayalam
train_malayalamfemale_00904.wav,Malayalam
train_malayalamfemale_00905.wav,Malayalam
train_malayalamfemale_00906.wav,Malayalam
train_malayalamfemale_00907.wav,Malayalam
train_malayalamfemale_00908.wav,Malayalam
train_malayalamfemale_00909.wav,Malayalam
train_malayalamfemale_00910.wav,Malayalam
train_malayalamfemale_00911.wav,Malayalam
train_malayalamfemale_00912.wav,Malayalam
train_malayalamfemale_00913.wav,Malayalam
train_malayalamfemale_00914.wav,Malayalam
train_malayalamfemale_00915.wav,Malayalam
train_malayalamfemale_00916.wav,Malayalam
train_malayalamfemale_00917.wav,Malayalam
train_malayalamfemale_00918.wav,Malayalam
train_malayalamfemale_00919.wav,Malayalam
train_malayalamfemale_00920.wav,Malayalam
train_malayalamfemale_00921.wav,Malayalam
train_malayalamfemale_00922.wav,Malayalam
train_malayalamfemale_00923.wav,Malayalam
train_malayalamfemale_00924.wav,Malayalam
train_malayalamfemale_00925.wav,Malayalam
train_malayalamfemale_00926.wav,Malayalam
train_malayalamfemale_00927.wav,Malayalam
train_malayalamfemale_00928.wav,Malayalam
train_malayalamfemale_00929.wav,Malayalam
train_malayalamfemale_00930.wav,Malayalam
train_malayalamfemale_00931.wav,Malayalam
train_malayalamfemale_00932.wav,Malayalam
train_malayalamfemale_00933.wav,Malayalam
train_malayalamfemale_00934.wav,Malayalam
train_malayalamfemale_00935.wav,Malayalam
train_malayalamfemale_00936.wav,Malayalam
train_malayalamfemale_00937.wav,Malayalam
train_malayalamfemale_00938.wav,Malayalam
train_malayalamfemale_00939.wav,Malayalam
train_malayalamfemale_00940.wav,Malayalam
train_malayalamfemale_00941.wav,Malayalam
train_malayalamfemale_00942.wav,Malayalam
train_malayalamfemale_00943.wav,Malayalam
train_malayalamfemale_00944.wav,Malayalam
train_malayalamfemale_00945.wav,Malayalam
train_malayalamfemale_00946.wav,Malayalam
train_malayalamfemale_00947.wav,Malayalam
train_malayalamfemale_00948.wav,Malayalam
train_malayalamfemale_00949.wav,Malayalam
train_malayalamfemale_00950.wav,Malayalam
train_malayalamfemale_00951.wav,Malayalam
train_malayalamfemale_00952.wav,Malayalam
train_malayalamfemale_00953.wav,Malayalam
train_malayalamfemale_00954.wav,Malayalam
train_malayalamfemale_00955.wav,Malayalam
train_malayalamfemale_00956.wav,Malayalam
train_malayalamfemale_00957.wav,Malayalam
train_malayalamfemale_00958.wav,Malayalam
train_malayalamfemale_00959.wav,Malayalam
train_malayalamfemale_00960.wav,Malayalam
train_malayalamfemale_00961.wav,Malayalam
train_malayalamfemale_00962.wav,Malayalam
train_malayalamfemale_00963.wav,Malayalam
train_malayalamfemale_00964.wav,Malayalam
train_malayalamfemale_00965.wav,Malayalam
train_malayalamfemale_00966.wav,Malayalam
train_malayalamfemale_00967.wav,Malayalam
train_malayalamfemale_00968.wav,Malayalam
train_malayalamfemale_00969.wav,Malayalam
train_malayalamfemale_00970.wav,Malayalam
train_malayalamfemale_00971.wav,Malayalam
train_malayalamfemale_00972.wav,Malayalam
train_malayalamfemale_00973.wav,Malayalam
train_malayalamfemale_00974.wav,Malayalam
train_malayalamfemale_00975.wav,Malayalam
train_malayalamfemale_00976.wav,Malayalam
train_malayalamfemale_00977.wav,Malayalam
train_malayalamfemale_00978.wav,Malayalam
train_malayalamfemale_00979.wav,Malayalam
train_malayalamfemale_00980.wav,Malayalam
train_malayalamfemale_00981.wav,Malayalam
train_malayalamfemale_00982.wav,Malayalam
train_malayalamfemale_00983.wav,Malayalam
train_malayalamfemale_00984.wav,Malayalam
train_malayalamfemale_00985.wav,Malayalam
train_malayalamfemale_00986.wav,Malayalam
train_malayalamfemale_00987.wav,Malayalam
train_malayalamfemale_00988.wav,Malayalam
train_malayalamfemale_00989.wav,Malayalam
train_malayalamfemale_00990.wav,Malayalam
train_malayalamfemale_00991.wav,Malayalam
train_malayalamfemale_00992.wav,Malayalam
train_malayalamfemale_00993.wav,Malayalam
train_malayalamfemale_00994.wav,Malayalam
train_malayalamfemale_00995.wav,Malayalam
train_malayalamfemale_00996.wav,Malayalam
train_malayalamfemale_00997.wav,Malayalam
train_malayalamfemale_00998.wav,Malayalam
train_malayalamfemale_00999.wav,Malayalam
train_malayalamfemale_01000.wav,Malayalam
train_malayalammale_00001.wav,Malayalam
train_malayalammale_00002.wav,Malayalam
train_malayalammale_00003.wav,Malayalam
train_malayalammale_00004.wav,Malayalam
train_malayalammale_00005.wav,Malayalam
train_malayalammale_00006.wav,Malayalam
train_malayalammale_00007.wav,Malayalam
train_malayalammale_00008.wav,Malayalam
train_malayalammale_00009.wav,Malayalam
train_malayalammale_00010.wav,Malayalam
train_malayalammale_00011.wav,Malayalam
train_malayalammale_00012.wav,Malayalam
train_malayalammale_00013.wav,Malayalam
train_malayalammale_00014.wav,Malayalam
train_malayalammale_00015.wav,Malayalam
train_malayalammale_00016.wav,Malayalam
train_malayalammale_00017.wav,Malayalam
train_malayalammale_00018.wav,Malayalam
train_malayalammale_00019.wav,Malayalam
train_malayalammale_00020.wav,Malayalam
train_malayalammale_00021.wav,Malayalam
train_malayalammale_00022.wav,Malayalam
train_malayalammale_00023.wav,Malayalam
train_malayalammale_00024.wav,Malayalam
train_malayalammale_00025.wav,Malayalam
train_malayalammale_00026.wav,Malayalam
train_malayalammale_00027.wav,Malayalam
train_malayalammale_00028.wav,Malayalam
train_malayalammale_00029.wav,Malayalam
train_malayalammale_00030.wav,Malayalam
train_malayalammale_00031.wav,Malayalam
train_malayalammale_00032.wav,Malayalam
train_malayalammale_00033.wav,Malayalam
train_malayalammale_00034.wav,Malayalam
train_malayalammale_00035.wav,Malayalam
train_malayalammale_00036.wav,Malayalam
train_malayalammale_00037.wav,Malayalam
train_malayalammale_00038.wav,Malayalam
train_malayalammale_00039.wav,Malayalam
train_malayalammale_00040.wav,Malayalam
train_malayalammale_00041.wav,Malayalam
train_malayalammale_00042.wav,Malayalam
train_malayalammale_00043.wav,Malayalam
train_malayalammale_00044.wav,Malayalam
train_malayalammale_00045.wav,Malayalam
train_malayalammale_00046.wav,Malayalam
train_malayalammale_00047.wav,Malayalam
train_malayalammale_00048.wav,Malayalam
train_malayalammale_00049.wav,Malayalam
train_malayalammale_00050.wav,Malayalam
train_malayalammale_00051.wav,Malayalam
train_malayalammale_00052.wav,Malayalam
train_malayalammale_00053.wav,Malayalam
train_malayalammale_00054.wav,Malayalam
train_malayalammale_00055.wav,Malayalam
train_malayalammale_00056.wav,Malayalam
train_malayalammale_00057.wav,Malayalam
train_malayalammale_00058.wav,Malayalam
train_malayalammale_00059.wav,Malayalam
train_malayalammale_00060.wav,Malayalam
train_malayalammale_00061.wav,Malayalam
train_malayalammale_00062.wav,Malayalam
train_malayalammale_00063.wav,Malayalam
train_malayalammale_00064.wav,Malayalam
train_malayalammale_00065.wav,Malayalam
train_malayalammale_00066.wav,Malayalam
train_malayalammale_00067.wav,Malayalam
train_malayalammale_00068.wav,Malayalam
train_malayalammale_00069.wav,Malayalam
train_malayalammale_00070.wav,Malayalam
train_malayalammale_00071.wav,Malayalam
train_malayalammale_00072.wav,Malayalam
train_malayalammale_00073.wav,Malayalam
train_malayalammale_00074.wav,Malayalam
train_malayalammale_00075.wav,Malayalam
train_malayalammale_00076.wav,Malayalam
train_malayalammale_00077.wav,Malayalam
train_malayalammale_00078.wav,Malayalam
train_malayalammale_00079.wav,Malayalam
train_malayalammale_00080.wav,Malayalam
train_malayalammale_00081.wav,Malayalam
train_malayalammale_00082.wav,Malayalam
train_malayalammale_00083.wav,Malayalam
train_malayalammale_00084.wav,Malayalam
train_malayalammale_00085.wav,Malayalam
train_malayalammale_00086.wav,Malayalam
train_malayalammale_00087.wav,Malayalam
train_malayalammale_00088.wav,Malayalam
train_malayalammale_00089.wav,Malayalam
train_malayalammale_00090.wav,Malayalam
train_malayalammale_00091.wav,Malayalam
train_malayalammale_00092.wav,Malayalam
train_malayalammale_00093.wav,Malayalam
train_malayalammale_00094.wav,Malayalam
train_malayalammale_00095.wav,Malayalam
train_malayalammale_00096.wav,Malayalam
train_malayalammale_00097.wav,Malayalam
train_malayalammale_00098.wav,Malayalam
train_malayalammale_00099.wav,Malayalam
train_malayalammale_00100.wav,Malayalam
train_malayalammale_00101.wav,Malayalam
train_malayalammale_00102.wav,Malayalam
train_malayalammale_00103.wav,Malayalam
train_malayalammale_00104.wav,Malayalam
train_malayalammale_00105.wav,Malayalam
train_malayalammale_00106.wav,Malayalam
train_malayalammale_00107.wav,Malayalam
train_malayalammale_00108.wav,Malayalam
train_malayalammale_00109.wav,Malayalam
train_malayalammale_00110.wav,Malayalam
train_malayalammale_00111.wav,Malayalam
train_malayalammale_00112.wav,Malayalam
train_malayalammale_00113.wav,Malayalam
train_malayalammale_00114.wav,Malayalam
train_malayalammale_00115.wav,Malayalam
train_malayalammale_00116.wav,Malayalam
train_malayalammale_00117.wav,Malayalam
train_malayalammale_00118.wav,Malayalam
train_malayalammale_00119.wav,Malayalam
train_malayalammale_00120.wav,Malayalam
train_malayalammale_00121.wav,Malayalam
train_malayalammale_00122.wav,Malayalam
train_malayalammale_00123.wav,Malayalam
train_malayalammale_00124.wav,Malayalam
train_malayalammale_00125.wav,Malayalam
train_malayalammale_00126.wav,Malayalam
train_malayalammale_00127.wav,Malayalam
train_malayalammale_00128.wav,Malayalam
train_malayalammale_00129.wav,Malayalam
train_malayalammale_00130.wav,Malayalam
train_malayalammale_00131.wav,Malayalam
train_malayalammale_00132.wav,Malayalam
train_malayalammale_00133.wav,Malayalam
train_malayalammale_00134.wav,Malayalam
train_malayalammale_00135.wav,Malayalam
train_malayalammale_00136.wav,Malayalam
train_malayalammale_00137.wav,Malayalam
train_malayalammale_00138.wav,Malayalam
train_malayalammale_00139.wav,Malayalam
train_malayalammale_00140.wav,Malayalam
train_malayalammale_00141.wav,Malayalam
train_malayalammale_00142.wav,Malayalam
train_malayalammale_00143.wav,Malayalam
train_malayalammale_00144.wav,Malayalam
train_malayalammale_00145.wav,Malayalam
train_malayalammale_00146.wav,Malayalam
train_malayalammale_00147.wav,Malayalam
train_malayalammale_00148.wav,Malayalam
train_malayalammale_00149.wav,Malayalam
train_malayalammale_00150.wav,Malayalam
train_malayalammale_00151.wav,Malayalam
train_malayalammale_00152.wav,Malayalam
train_malayalammale_00153.wav,Malayalam
train_malayalammale_00154.wav,Malayalam
train_malayalammale_00155.wav,Malayalam
train_malayalammale_00156.wav,Malayalam
train_malayalammale_00157.wav,Malayalam
train_malayalammale_00158.wav,Malayalam
train_malayalammale_00159.wav,Malayalam
train_malayalammale_00160.wav,Malayalam
train_malayalammale_00161.wav,Malayalam
train_malayalammale_00162.wav,Malayalam
train_malayalammale_00163.wav,Malayalam
train_malayalammale_00164.wav,Malayalam
train_malayalammale_00165.wav,Malayalam
train_malayalammale_00166.wav,Malayalam
train_malayalammale_00167.wav,Malayalam
train_malayalammale_00168.wav,Malayalam
train_malayalammale_00169.wav,Malayalam
train_malayalammale_00170.wav,Malayalam
train_malayalammale_00171.wav,Malayalam
train_malayalammale_00172.wav,Malayalam
train_malayalammale_00173.wav,Malayalam
train_malayalammale_00174.wav,Malayalam
train_malayalammale_00175.wav,Malayalam
train_malayalammale_00176.wav,Malayalam
train_malayalammale_00177.wav,Malayalam
train_malayalammale_00178.wav,Malayalam
train_malayalammale_00179.wav,Malayalam
train_malayalammale_00180.wav,Malayalam
train_malayalammale_00181.wav,Malayalam
train_malayalammale_00182.wav,Malayalam
train_malayalammale_00183.wav,Malayalam
train_malayalammale_00184.wav,Malayalam
train_malayalammale_00185.wav,Malayalam
train_malayalammale_00186.wav,Malayalam
train_malayalammale_00187.wav,Malayalam
train_malayalammale_00188.wav,Malayalam
train_malayalammale_00189.wav,Malayalam
train_malayalammale_00190.wav,Malayalam
train_malayalammale_00191.wav,Malayalam
train_malayalammale_00192.wav,Malayalam
train_malayalammale_00193.wav,Malayalam
train_malayalammale_00194.wav,Malayalam
train_malayalammale_00195.wav,Malayalam
train_malayalammale_00196.wav,Malayalam
train_malayalammale_00197.wav,Malayalam
train_malayalammale_00198.wav,Malayalam
train_malayalammale_00199.wav,Malayalam
train_malayalammale_00200.wav,Malayalam
train_malayalammale_00201.wav,Malayalam
train_malayalammale_00202.wav,Malayalam
train_malayalammale_00203.wav,Malayalam
train_malayalammale_00204.wav,Malayalam
train_malayalammale_00205.wav,Malayalam
train_malayalammale_00206.wav,Malayalam
train_malayalammale_00207.wav,Malayalam
train_malayalammale_00208.wav,Malayalam
train_malayalammale_00209.wav,Malayalam
train_malayalammale_00210.wav,Malayalam
train_malayalammale_00211.wav,Malayalam
train_malayalammale_00212.wav,Malayalam
train_malayalammale_00213.wav,Malayalam
train_malayalammale_00214.wav,Malayalam
train_malayalammale_00215.wav,Malayalam
train_malayalammale_00216.wav,Malayalam
train_malayalammale_00217.wav,Malayalam
train_malayalammale_00218.wav,Malayalam
train_malayalammale_00219.wav,Malayalam
train_malayalammale_00220.wav,Malayalam
train_malayalammale_00221.wav,Malayalam
train_malayalammale_00222.wav,Malayalam
train_malayalammale_00223.wav,Malayalam
train_malayalammale_00224.wav,Malayalam
train_malayalammale_00225.wav,Malayalam
train_malayalammale_00226.wav,Malayalam
train_malayalammale_00227.wav,Malayalam
train_malayalammale_00228.wav,Malayalam
train_malayalammale_00229.wav,Malayalam
train_malayalammale_00230.wav,Malayalam
train_malayalammale_00231.wav,Malayalam
train_malayalammale_00232.wav,Malayalam
train_malayalammale_00233.wav,Malayalam
train_malayalammale_00234.wav,Malayalam
train_malayalammale_00235.wav,Malayalam
train_malayalammale_00236.wav,Malayalam
train_malayalammale_00237.wav,Malayalam
train_malayalammale_00238.wav,Malayalam
train_malayalammale_00239.wav,Malayalam
train_malayalammale_00240.wav,Malayalam
train_malayalammale_00241.wav,Malayalam
train_malayalammale_00242.wav,Malayalam
train_malayalammale_00243.wav,Malayalam
train_malayalammale_00244.wav,Malayalam
train_malayalammale_00245.wav,Malayalam
train_malayalammale_00246.wav,Malayalam
train_malayalammale_00247.wav,Malayalam
train_malayalammale_00248.wav,Malayalam
train_malayalammale_00249.wav,Malayalam
train_malayalammale_00250.wav,Malayalam
train_malayalammale_00251.wav,Malayalam
train_malayalammale_00252.wav,Malayalam
train_malayalammale_00253.wav,Malayalam
train_malayalammale_00254.wav,Malayalam
train_malayalammale_00255.wav,Malayalam
train_malayalammale_00256.wav,Malayalam
train_malayalammale_00257.wav,Malayalam
train_malayalammale_00258.wav,Malayalam
train_malayalammale_00259.wav,Malayalam
train_malayalammale_00260.wav,Malayalam
train_malayalammale_00261.wav,Malayalam
train_malayalammale_00262.wav,Malayalam
train_malayalammale_00263.wav,Malayalam
train_malayalammale_00264.wav,Malayalam
train_malayalammale_00265.wav,Malayalam
train_malayalammale_00266.wav,Malayalam
train_malayalammale_00267.wav,Malayalam
train_malayalammale_00268.wav,Malayalam
train_malayalammale_00269.wav,Malayalam
train_malayalammale_00270.wav,Malayalam
train_malayalammale_00271.wav,Malayalam
train_malayalammale_00272.wav,Malayalam
train_malayalammale_00273.wav,Malayalam
train_malayalammale_00274.wav,Malayalam
train_malayalammale_00275.wav,Malayalam
train_malayalammale_00276.wav,Malayalam
train_malayalammale_00277.wav,Malayalam
train_malayalammale_00278.wav,Malayalam
train_malayalammale_00279.wav,Malayalam
train_malayalammale_00280.wav,Malayalam
train_malayalammale_00281.wav,Malayalam
train_malayalammale_00282.wav,Malayalam
train_malayalammale_00283.wav,Malayalam
train_malayalammale_00284.wav,Malayalam
train_malayalammale_00285.wav,Malayalam
train_malayalammale_00286.wav,Malayalam
train_malayalammale_00287.wav,Malayalam
train_malayalammale_00288.wav,Malayalam
train_malayalammale_00289.wav,Malayalam
train_malayalammale_00290.wav,Malayalam
train_malayalammale_00291.wav,Malayalam
train_malayalammale_00292.wav,Malayalam
train_malayalammale_00293.wav,Malayalam
train_malayalammale_00294.wav,Malayalam
train_malayalammale_00295.wav,Malayalam
train_malayalammale_00296.wav,Malayalam
train_malayalammale_00297.wav,Malayalam
train_malayalammale_00298.wav,Malayalam
train_malayalammale_00299.wav,Malayalam
train_malayalammale_00300.wav,Malayalam
train_malayalammale_00301.wav,Malayalam
train_malayalammale_00302.wav,Malayalam
train_malayalammale_00303.wav,Malayalam
train_malayalammale_00304.wav,Malayalam
train_malayalammale_00305.wav,Malayalam
train_malayalammale_00306.wav,Malayalam
train_malayalammale_00307.wav,Malayalam
train_malayalammale_00308.wav,Malayalam
train_malayalammale_00309.wav,Malayalam
train_malayalammale_00310.wav,Malayalam
train_malayalammale_00311.wav,Malayalam
train_malayalammale_00312.wav,Malayalam
train_malayalammale_00313.wav,Malayalam
train_malayalammale_00314.wav,Malayalam
train_malayalammale_00315.wav,Malayalam
train_malayalammale_00316.wav,Malayalam
train_malayalammale_00317.wav,Malayalam
train_malayalammale_00318.wav,Malayalam
train_malayalammale_00319.wav,Malayalam
train_malayalammale_00320.wav,Malayalam
train_malayalammale_00321.wav,Malayalam
train_malayalammale_00322.wav,Malayalam
train_malayalammale_00323.wav,Malayalam
train_malayalammale_00324.wav,Malayalam
train_malayalammale_00325.wav,Malayalam
train_malayalammale_00326.wav,Malayalam
train_malayalammale_00327.wav,Malayalam
train_malayalammale_00328.wav,Malayalam
train_malayalammale_00329.wav,Malayalam
train_malayalammale_00330.wav,Malayalam
train_malayalammale_00331.wav,Malayalam
train_malayalammale_00332.wav,Malayalam
train_malayalammale_00333.wav,Malayalam
train_malayalammale_00334.wav,Malayalam
train_malayalammale_00335.wav,Malayalam
train_malayalammale_00336.wav,Malayalam
train_malayalammale_00337.wav,Malayalam
train_malayalammale_00338.wav,Malayalam
train_malayalammale_00339.wav,Malayalam
train_malayalammale_00340.wav,Malayalam
train_malayalammale_00341.wav,Malayalam
train_malayalammale_00342.wav,Malayalam
train_malayalammale_00343.wav,Malayalam
train_malayalammale_00344.wav,Malayalam
train_malayalammale_00345.wav,Malayalam
train_malayalammale_00346.wav,Malayalam
train_malayalammale_00347.wav,Malayalam
train_malayalammale_00348.wav,Malayalam
train_malayalammale_00349.wav,Malayalam
train_malayalammale_00350.wav,Malayalam
train_malayalammale_00351.wav,Malayalam
train_malayalammale_00352.wav,Malayalam
train_malayalammale_00353.wav,Malayalam
train_malayalammale_00354.wav,Malayalam
train_malayalammale_00355.wav,Malayalam
train_malayalammale_00356.wav,Malayalam
train_malayalammale_00357.wav,Malayalam
train_malayalammale_00358.wav,Malayalam
train_malayalammale_00359.wav,Malayalam
train_malayalammale_00360.wav,Malayalam
train_malayalammale_00361.wav,Malayalam
train_malayalammale_00362.wav,Malayalam
train_malayalammale_00363.wav,Malayalam
train_malayalammale_00364.wav,Malayalam
train_malayalammale_00365.wav,Malayalam
train_malayalammale_00366.wav,Malayalam
train_malayalammale_00367.wav,Malayalam
train_malayalammale_00368.wav,Malayalam
train_malayalammale_00369.wav,Malayalam
train_malayalammale_00370.wav,Malayalam
train_malayalammale_00371.wav,Malayalam
train_malayalammale_00372.wav,Malayalam
train_malayalammale_00373.wav,Malayalam
train_malayalammale_00374.wav,Malayalam
train_malayalammale_00375.wav,Malayalam
train_malayalammale_00376.wav,Malayalam
train_malayalammale_00377.wav,Malayalam
train_malayalammale_00378.wav,Malayalam
train_malayalammale_00379.wav,Malayalam
train_malayalammale_00380.wav,Malayalam
train_malayalammale_00381.wav,Malayalam
train_malayalammale_00382.wav,Malayalam
train_malayalammale_00383.wav,Malayalam
train_malayalammale_00384.wav,Malayalam
train_malayalammale_00385.wav,Malayalam
train_malayalammale_00386.wav,Malayalam
train_malayalammale_00387.wav,Malayalam
train_malayalammale_00388.wav,Malayalam
train_malayalammale_00389.wav,Malayalam
train_malayalammale_00390.wav,Malayalam
train_malayalammale_00391.wav,Malayalam
train_malayalammale_00392.wav,Malayalam
train_malayalammale_00393.wav,Malayalam
train_malayalammale_00394.wav,Malayalam
train_malayalammale_00395.wav,Malayalam
train_malayalammale_00396.wav,Malayalam
train_malayalammale_00397.wav,Malayalam
train_malayalammale_00398.wav,Malayalam
train_malayalammale_00399.wav,Malayalam
train_malayalammale_00400.wav,Malayalam
train_malayalammale_00401.wav,Malayalam
train_malayalammale_00402.wav,Malayalam
train_malayalammale_00403.wav,Malayalam
train_malayalammale_00404.wav,Malayalam
train_malayalammale_00405.wav,Malayalam
train_malayalammale_00406.wav,Malayalam
train_malayalammale_00407.wav,Malayalam
train_malayalammale_00408.wav,Malayalam
train_malayalammale_00409.wav,Malayalam
train_malayalammale_00410.wav,Malayalam
train_malayalammale_00411.wav,Malayalam
train_malayalammale_00412.wav,Malayalam
train_malayalammale_00413.wav,Malayalam
train_malayalammale_00414.wav,Malayalam
train_malayalammale_00415.wav,Malayalam
train_malayalammale_00416.wav,Malayalam
train_malayalammale_00417.wav,Malayalam
train_malayalammale_00418.wav,Malayalam
train_malayalammale_00419.wav,Malayalam
train_malayalammale_00420.wav,Malayalam
train_malayalammale_00421.wav,Malayalam
train_malayalammale_00422.wav,Malayalam
train_malayalammale_00423.wav,Malayalam
train_malayalammale_00424.wav,Malayalam
train_malayalammale_00425.wav,Malayalam
train_malayalammale_00426.wav,Malayalam
train_malayalammale_00427.wav,Malayalam
train_malayalammale_00428.wav,Malayalam
train_malayalammale_00429.wav,Malayalam
train_malayalammale_00430.wav,Malayalam
train_malayalammale_00431.wav,Malayalam
train_malayalammale_00432.wav,Malayalam
train_malayalammale_00433.wav,Malayalam
train_malayalammale_00434.wav,Malayalam
train_malayalammale_00435.wav,Malayalam
train_malayalammale_00436.wav,Malayalam
train_malayalammale_00437.wav,Malayalam
train_malayalammale_00438.wav,Malayalam
train_malayalammale_00439.wav,Malayalam
train_malayalammale_00440.wav,Malayalam
train_malayalammale_00441.wav,Malayalam
train_malayalammale_00442.wav,Malayalam
train_malayalammale_00443.wav,Malayalam
train_malayalammale_00444.wav,Malayalam
train_malayalammale_00445.wav,Malayalam
train_malayalammale_00446.wav,Malayalam
train_malayalammale_00447.wav,Malayalam
train_malayalammale_00448.wav,Malayalam
train_malayalammale_00449.wav,Malayalam
train_malayalammale_00450.wav,Malayalam
train_malayalammale_00451.wav,Malayalam
train_malayalammale_00452.wav,Malayalam
train_malayalammale_00453.wav,Malayalam
train_malayalammale_00454.wav,Malayalam
train_malayalammale_00455.wav,Malayalam
train_malayalammale_00456.wav,Malayalam
train_malayalammale_00457.wav,Malayalam
train_malayalammale_00458.wav,Malayalam
train_malayalammale_00459.wav,Malayalam
train_malayalammale_00460.wav,Malayalam
train_malayalammale_00461.wav,Malayalam
train_malayalammale_00462.wav,Malayalam
train_malayalammale_00463.wav,Malayalam
train_malayalammale_00464.wav,Malayalam
train_malayalammale_00465.wav,Malayalam
train_malayalammale_00466.wav,Malayalam
train_malayalammale_00467.wav,Malayalam
train_malayalammale_00468.wav,Malayalam
train_malayalammale_00469.wav,Malayalam
train_malayalammale_00470.wav,Malayalam
train_malayalammale_00471.wav,Malayalam
train_malayalammale_00472.wav,Malayalam
train_malayalammale_00473.wav,Malayalam
train_malayalammale_00474.wav,Malayalam
train_malayalammale_00475.wav,Malayalam
train_malayalammale_00476.wav,Malayalam
train_malayalammale_00477.wav,Malayalam
train_malayalammale_00478.wav,Malayalam
train_malayalammale_00479.wav,Malayalam
train_malayalammale_00480.wav,Malayalam
train_malayalammale_00481.wav,Malayalam
train_malayalammale_00482.wav,Malayalam
train_malayalammale_00483.wav,Malayalam
train_malayalammale_00484.wav,Malayalam
train_malayalammale_00485.wav,Malayalam
train_malayalammale_00486.wav,Malayalam
train_malayalammale_00487.wav,Malayalam
train_malayalammale_00488.wav,Malayalam
train_malayalammale_00489.wav,Malayalam
train_malayalammale_00490.wav,Malayalam
train_malayalammale_00491.wav,Malayalam
train_malayalammale_00492.wav,Malayalam
train_malayalammale_00493.wav,Malayalam
train_malayalammale_00494.wav,Malayalam
train_malayalammale_00495.wav,Malayalam
train_malayalammale_00496.wav,Malayalam
train_malayalammale_00497.wav,Malayalam
train_malayalammale_00498.wav,Malayalam
train_malayalammale_00499.wav,Malayalam
train_malayalammale_00500.wav,Malayalam
train_malayalammale_00501.wav,Malayalam
train_malayalammale_00502.wav,Malayalam
train_malayalammale_00503.wav,Malayalam
train_malayalammale_00504.wav,Malayalam
train_malayalammale_00505.wav,Malayalam
train_malayalammale_00506.wav,Malayalam
train_malayalammale_00507.wav,Malayalam
train_malayalammale_00508.wav,Malayalam
train_malayalammale_00509.wav,Malayalam
train_malayalammale_00510.wav,Malayalam
train_malayalammale_00511.wav,Malayalam
train_malayalammale_00512.wav,Malayalam
train_malayalammale_00513.wav,Malayalam
train_malayalammale_00514.wav,Malayalam
train_malayalammale_00515.wav,Malayalam
train_malayalammale_00516.wav,Malayalam
train_malayalammale_00517.wav,Malayalam
train_malayalammale_00518.wav,Malayalam
train_malayalammale_00519.wav,Malayalam
train_malayalammale_00520.wav,Malayalam
train_malayalammale_00521.wav,Malayalam
train_malayalammale_00522.wav,Malayalam
train_malayalammale_00523.wav,Malayalam
train_malayalammale_00524.wav,Malayalam
train_malayalammale_00525.wav,Malayalam
train_malayalammale_00526.wav,Malayalam
train_malayalammale_00527.wav,Malayalam
train_malayalammale_00528.wav,Malayalam
train_malayalammale_00529.wav,Malayalam
train_malayalammale_00530.wav,Malayalam
train_malayalammale_00531.wav,Malayalam
train_malayalammale_00532.wav,Malayalam
train_malayalammale_00533.wav,Malayalam
train_malayalammale_00534.wav,Malayalam
train_malayalammale_00535.wav,Malayalam
train_malayalammale_00536.wav,Malayalam
train_malayalammale_00537.wav,Malayalam
train_malayalammale_00538.wav,Malayalam
train_malayalammale_00539.wav,Malayalam
train_malayalammale_00540.wav,Malayalam
train_malayalammale_00541.wav,Malayalam
train_malayalammale_00542.wav,Malayalam
train_malayalammale_00543.wav,Malayalam
train_malayalammale_00544.wav,Malayalam
train_malayalammale_00545.wav,Malayalam
train_malayalammale_00546.wav,Malayalam
train_malayalammale_00547.wav,Malayalam
train_malayalammale_00548.wav,Malayalam
train_malayalammale_00549.wav,Malayalam
train_malayalammale_00550.wav,Malayalam
train_malayalammale_00551.wav,Malayalam
train_malayalammale_00552.wav,Malayalam
train_malayalammale_00553.wav,Malayalam
train_malayalammale_00554.wav,Malayalam
train_malayalammale_00555.wav,Malayalam
train_malayalammale_00556.wav,Malayalam
train_malayalammale_00557.wav,Malayalam
train_malayalammale_00558.wav,Malayalam
train_malayalammale_00559.wav,Malayalam
train_malayalammale_00560.wav,Malayalam
train_malayalammale_00561.wav,Malayalam
train_malayalammale_00562.wav,Malayalam
train_malayalammale_00563.wav,Malayalam
train_malayalammale_00564.wav,Malayalam
train_malayalammale_00565.wav,Malayalam
train_malayalammale_00566.wav,Malayalam
train_malayalammale_00567.wav,Malayalam
train_malayalammale_00568.wav,Malayalam
train_malayalammale_00569.wav,Malayalam
train_malayalammale_00570.wav,Malayalam
train_malayalammale_00571.wav,Malayalam
train_malayalammale_00572.wav,Malayalam
train_malayalammale_00573.wav,Malayalam
train_malayalammale_00574.wav,Malayalam
train_malayalammale_00575.wav,Malayalam
train_malayalammale_00576.wav,Malayalam
train_malayalammale_00577.wav,Malayalam
train_malayalammale_00578.wav,Malayalam
train_malayalammale_00579.wav,Malayalam
train_malayalammale_00580.wav,Malayalam
train_malayalammale_00581.wav,Malayalam
train_malayalammale_00582.wav,Malayalam
train_malayalammale_00583.wav,Malayalam
train_malayalammale_00584.wav,Malayalam
train_malayalammale_00585.wav,Malayalam
train_malayalammale_00586.wav,Malayalam
train_malayalammale_00587.wav,Malayalam
train_malayalammale_00588.wav,Malayalam
train_malayalammale_00589.wav,Malayalam
train_malayalammale_00590.wav,Malayalam
train_malayalammale_00591.wav,Malayalam
train_malayalammale_00592.wav,Malayalam
train_malayalammale_00593.wav,Malayalam
train_malayalammale_00594.wav,Malayalam
train_malayalammale_00595.wav,Malayalam
train_malayalammale_00596.wav,Malayalam
train_malayalammale_00597.wav,Malayalam
train_malayalammale_00598.wav,Malayalam
train_malayalammale_00599.wav,Malayalam
train_malayalammale_00600.wav,Malayalam
train_malayalammale_00601.wav,Malayalam
train_malayalammale_00602.wav,Malayalam
train_malayalammale_00603.wav,Malayalam
train_malayalammale_00604.wav,Malayalam
train_malayalammale_00605.wav,Malayalam
train_malayalammale_00606.wav,Malayalam
train_malayalammale_00607.wav,Malayalam
train_malayalammale_00608.wav,Malayalam
train_malayalammale_00609.wav,Malayalam
train_malayalammale_00610.wav,Malayalam
train_malayalammale_00611.wav,Malayalam
train_malayalammale_00612.wav,Malayalam
train_malayalammale_00613.wav,Malayalam
train_malayalammale_00614.wav,Malayalam
train_malayalammale_00615.wav,Malayalam
train_malayalammale_00616.wav,Malayalam
train_malayalammale_00617.wav,Malayalam
train_malayalammale_00618.wav,Malayalam
train_malayalammale_00619.wav,Malayalam
train_malayalammale_00620.wav,Malayalam
train_malayalammale_00621.wav,Malayalam
train_malayalammale_00622.wav,Malayalam
train_malayalammale_00623.wav,Malayalam
train_malayalammale_00624.wav,Malayalam
train_malayalammale_00625.wav,Malayalam
train_malayalammale_00626.wav,Malayalam
train_malayalammale_00627.wav,Malayalam
train_malayalammale_00628.wav,Malayalam
train_malayalammale_00629.wav,Malayalam
train_malayalammale_00630.wav,Malayalam
train_malayalammale_00631.wav,Malayalam
train_malayalammale_00632.wav,Malayalam
train_malayalammale_00633.wav,Malayalam
train_malayalammale_00634.wav,Malayalam
train_malayalammale_00635.wav,Malayalam
train_malayalammale_00636.wav,Malayalam
train_malayalammale_00637.wav,Malayalam
train_malayalammale_00638.wav,Malayalam
train_malayalammale_00639.wav,Malayalam
train_malayalammale_00640.wav,Malayalam
train_malayalammale_00641.wav,Malayalam
train_malayalammale_00642.wav,Malayalam
train_malayalammale_00643.wav,Malayalam
train_malayalammale_00644.wav,Malayalam
train_malayalammale_00645.wav,Malayalam
train_malayalammale_00646.wav,Malayalam
train_malayalammale_00647.wav,Malayalam
train_malayalammale_00648.wav,Malayalam
train_malayalammale_00649.wav,Malayalam
train_malayalammale_00650.wav,Malayalam
train_malayalammale_00651.wav,Malayalam
train_malayalammale_00652.wav,Malayalam
train_malayalammale_00653.wav,Malayalam
train_malayalammale_00654.wav,Malayalam
train_malayalammale_00655.wav,Malayalam
train_malayalammale_00656.wav,Malayalam
train_malayalammale_00657.wav,Malayalam
train_malayalammale_00658.wav,Malayalam
train_malayalammale_00659.wav,Malayalam
train_malayalammale_00660.wav,Malayalam
train_malayalammale_00661.wav,Malayalam
train_malayalammale_00662.wav,Malayalam
train_malayalammale_00663.wav,Malayalam
train_malayalammale_00664.wav,Malayalam
train_malayalammale_00665.wav,Malayalam
train_malayalammale_00666.wav,Malayalam
train_malayalammale_00667.wav,Malayalam
train_malayalammale_00668.wav,Malayalam
train_malayalammale_00669.wav,Malayalam
train_malayalammale_00670.wav,Malayalam
train_malayalammale_00671.wav,Malayalam
train_malayalammale_00672.wav,Malayalam
train_malayalammale_00673.wav,Malayalam
train_malayalammale_00674.wav,Malayalam
train_malayalammale_00675.wav,Malayalam
train_malayalammale_00676.wav,Malayalam
train_malayalammale_00677.wav,Malayalam
train_malayalammale_00678.wav,Malayalam
train_malayalammale_00679.wav,Malayalam
train_malayalammale_00680.wav,Malayalam
train_malayalammale_00681.wav,Malayalam
train_malayalammale_00682.wav,Malayalam
train_malayalammale_00683.wav,Malayalam
train_malayalammale_00684.wav,Malayalam
train_malayalammale_00685.wav,Malayalam
train_malayalammale_00686.wav,Malayalam
train_malayalammale_00687.wav,Malayalam
train_malayalammale_00688.wav,Malayalam
train_malayalammale_00689.wav,Malayalam
train_malayalammale_00690.wav,Malayalam
train_malayalammale_00691.wav,Malayalam
train_malayalammale_00692.wav,Malayalam
train_malayalammale_00693.wav,Malayalam
train_malayalammale_00694.wav,Malayalam
train_malayalammale_00695.wav,Malayalam
train_malayalammale_00696.wav,Malayalam
train_malayalammale_00697.wav,Malayalam
train_malayalammale_00698.wav,Malayalam
train_malayalammale_00699.wav,Malayalam
train_malayalammale_00700.wav,Malayalam
train_malayalammale_00701.wav,Malayalam
train_malayalammale_00702.wav,Malayalam
train_malayalammale_00703.wav,Malayalam
train_malayalammale_00704.wav,Malayalam
train_malayalammale_00705.wav,Malayalam
train_malayalammale_00706.wav,Malayalam
train_malayalammale_00707.wav,Malayalam
train_malayalammale_00708.wav,Malayalam
train_malayalammale_00709.wav,Malayalam
train_malayalammale_00710.wav,Malayalam
train_malayalammale_00711.wav,Malayalam
train_malayalammale_00712.wav,Malayalam
train_malayalammale_00713.wav,Malayalam
train_malayalammale_00714.wav,Malayalam
train_malayalammale_00715.wav,Malayalam
train_malayalammale_00716.wav,Malayalam
train_malayalammale_00717.wav,Malayalam
train_malayalammale_00718.wav,Malayalam
train_malayalammale_00719.wav,Malayalam
train_malayalammale_00720.wav,Malayalam
train_malayalammale_00721.wav,Malayalam
train_malayalammale_00722.wav,Malayalam
train_malayalammale_00723.wav,Malayalam
train_malayalammale_00724.wav,Malayalam
train_malayalammale_00725.wav,Malayalam
train_malayalammale_00726.wav,Malayalam
train_malayalammale_00727.wav,Malayalam
train_malayalammale_00728.wav,Malayalam
train_malayalammale_00729.wav,Malayalam
train_malayalammale_00730.wav,Malayalam
train_malayalammale_00731.wav,Malayalam
train_malayalammale_00732.wav,Malayalam
train_malayalammale_00733.wav,Malayalam
train_malayalammale_00734.wav,Malayalam
train_malayalammale_00735.wav,Malayalam
train_malayalammale_00736.wav,Malayalam
train_malayalammale_00737.wav,Malayalam
train_malayalammale_00738.wav,Malayalam
train_malayalammale_00739.wav,Malayalam
train_malayalammale_00740.wav,Malayalam
train_malayalammale_00741.wav,Malayalam
train_malayalammale_00742.wav,Malayalam
train_malayalammale_00743.wav,Malayalam
train_malayalammale_00744.wav,Malayalam
train_malayalammale_00745.wav,Malayalam
train_malayalammale_00746.wav,Malayalam
train_malayalammale_00747.wav,Malayalam
train_malayalammale_00748.wav,Malayalam
train_malayalammale_00749.wav,Malayalam
train_malayalammale_00750.wav,Malayalam
train_malayalammale_00751.wav,Malayalam
train_malayalammale_00752.wav,Malayalam
train_malayalammale_00753.wav,Malayalam
train_malayalammale_00754.wav,Malayalam
train_malayalammale_00755.wav,Malayalam
train_malayalammale_00756.wav,Malayalam
train_malayalammale_00757.wav,Malayalam
train_malayalammale_00758.wav,Malayalam
train_malayalammale_00759.wav,Malayalam
train_malayalammale_00760.wav,Malayalam
train_malayalammale_00761.wav,Malayalam
train_malayalammale_00762.wav,Malayalam
train_malayalammale_00763.wav,Malayalam
train_malayalammale_00764.wav,Malayalam
train_malayalammale_00765.wav,Malayalam
train_malayalammale_00766.wav,Malayalam
train_malayalammale_00767.wav,Malayalam
train_malayalammale_00768.wav,Malayalam
train_malayalammale_00769.wav,Malayalam
train_malayalammale_00770.wav,Malayalam
train_malayalammale_00771.wav,Malayalam
train_malayalammale_00772.wav,Malayalam
train_malayalammale_00773.wav,Malayalam
train_malayalammale_00774.wav,Malayalam
train_malayalammale_00775.wav,Malayalam
train_malayalammale_00776.wav,Malayalam
train_malayalammale_00777.wav,Malayalam
train_malayalammale_00778.wav,Malayalam
train_malayalammale_00779.wav,Malayalam
train_malayalammale_00780.wav,Malayalam
train_malayalammale_00781.wav,Malayalam
train_malayalammale_00782.wav,Malayalam
train_malayalammale_00783.wav,Malayalam
train_malayalammale_00784.wav,Malayalam
train_malayalammale_00785.wav,Malayalam
train_malayalammale_00786.wav,Malayalam
train_malayalammale_00787.wav,Malayalam
train_malayalammale_00788.wav,Malayalam
train_malayalammale_00789.wav,Malayalam
train_malayalammale_00790.wav,Malayalam
train_malayalammale_00791.wav,Malayalam
train_malayalammale_00792.wav,Malayalam
train_malayalammale_00793.wav,Malayalam
train_malayalammale_00794.wav,Malayalam
train_malayalammale_00795.wav,Malayalam
train_malayalammale_00796.wav,Malayalam
train_malayalammale_00797.wav,Malayalam
train_malayalammale_00798.wav,Malayalam
train_malayalammale_00799.wav,Malayalam
train_malayalammale_00800.wav,Malayalam
train_malayalammale_00801.wav,Malayalam
train_malayalammale_00802.wav,Malayalam
train_malayalammale_00803.wav,Malayalam
train_malayalammale_00804.wav,Malayalam
train_malayalammale_00805.wav,Malayalam
train_malayalammale_00806.wav,Malayalam
train_malayalammale_00807.wav,Malayalam
train_malayalammale_00808.wav,Malayalam
train_malayalammale_00809.wav,Malayalam
train_malayalammale_00810.wav,Malayalam
train_malayalammale_00811.wav,Malayalam
train_malayalammale_00812.wav,Malayalam
train_malayalammale_00813.wav,Malayalam
train_malayalammale_00814.wav,Malayalam
train_malayalammale_00815.wav,Malayalam
train_malayalammale_00816.wav,Malayalam
train_malayalammale_00817.wav,Malayalam
train_malayalammale_00818.wav,Malayalam
train_malayalammale_00819.wav,Malayalam
train_malayalammale_00820.wav,Malayalam
train_malayalammale_00821.wav,Malayalam
train_malayalammale_00822.wav,Malayalam
train_malayalammale_00823.wav,Malayalam
train_malayalammale_00824.wav,Malayalam
train_malayalammale_00825.wav,Malayalam
train_malayalammale_00826.wav,Malayalam
train_malayalammale_00827.wav,Malayalam
train_malayalammale_00828.wav,Malayalam
train_malayalammale_00829.wav,Malayalam
train_malayalammale_00830.wav,Malayalam
train_malayalammale_00831.wav,Malayalam
train_malayalammale_00832.wav,Malayalam
train_malayalammale_00833.wav,Malayalam
train_malayalammale_00834.wav,Malayalam
train_malayalammale_00835.wav,Malayalam
train_malayalammale_00836.wav,Malayalam
train_malayalammale_00837.wav,Malayalam
train_malayalammale_00838.wav,Malayalam
train_malayalammale_00839.wav,Malayalam
train_malayalammale_00840.wav,Malayalam
train_malayalammale_00841.wav,Malayalam
train_malayalammale_00842.wav,Malayalam
train_malayalammale_00843.wav,Malayalam
train_malayalammale_00844.wav,Malayalam
train_malayalammale_00845.wav,Malayalam
train_malayalammale_00846.wav,Malayalam
train_malayalammale_00847.wav,Malayalam
train_malayalammale_00848.wav,Malayalam
train_malayalammale_00849.wav,Malayalam
train_malayalammale_00850.wav,Malayalam
train_malayalammale_00851.wav,Malayalam
train_malayalammale_00852.wav,Malayalam
train_malayalammale_00853.wav,Malayalam
train_malayalammale_00854.wav,Malayalam
train_malayalammale_00855.wav,Malayalam
train_malayalammale_00856.wav,Malayalam
train_malayalammale_00857.wav,Malayalam
train_malayalammale_00858.wav,Malayalam
train_malayalammale_00859.wav,Malayalam
train_malayalammale_00860.wav,Malayalam
train_malayalammale_00861.wav,Malayalam
train_malayalammale_00862.wav,Malayalam
train_malayalammale_00863.wav,Malayalam
train_malayalammale_00864.wav,Malayalam
train_malayalammale_00865.wav,Malayalam
train_malayalammale_00866.wav,Malayalam
train_malayalammale_00867.wav,Malayalam
train_malayalammale_00868.wav,Malayalam
train_malayalammale_00869.wav,Malayalam
train_malayalammale_00870.wav,Malayalam
train_malayalammale_00871.wav,Malayalam
train_malayalammale_00872.wav,Malayalam
train_malayalammale_00873.wav,Malayalam
train_malayalammale_00874.wav,Malayalam
train_malayalammale_00875.wav,Malayalam
train_malayalammale_00876.wav,Malayalam
train_malayalammale_00877.wav,Malayalam
train_malayalammale_00878.wav,Malayalam
train_malayalammale_00879.wav,Malayalam
train_malayalammale_00880.wav,Malayalam
train_malayalammale_00881.wav,Malayalam
train_malayalammale_00882.wav,Malayalam
train_malayalammale_00883.wav,Malayalam
train_malayalammale_00884.wav,Malayalam
train_malayalammale_00885.wav,Malayalam
train_malayalammale_00886.wav,Malayalam
train_malayalammale_00887.wav,Malayalam
train_malayalammale_00888.wav,Malayalam
train_malayalammale_00889.wav,Malayalam
train_malayalammale_00890.wav,Malayalam
train_malayalammale_00891.wav,Malayalam
train_malayalammale_00892.wav,Malayalam
train_malayalammale_00893.wav,Malayalam
train_malayalammale_00894.wav,Malayalam
train_malayalammale_00895.wav,Malayalam
train_malayalammale_00896.wav,Malayalam
train_malayalammale_00897.wav,Malayalam
train_malayalammale_00898.wav,Malayalam
train_malayalammale_00899.wav,Malayalam
train_malayalammale_00900.wav,Malayalam
train_malayalammale_00901.wav,Malayalam
train_malayalammale_00902.wav,Malayalam
train_malayalammale_00903.wav,Malayalam
train_malayalammale_00904.wav,Malayalam
train_malayalammale_00905.wav,Malayalam
train_malayalammale_00906.wav,Malayalam
train_malayalammale_00907.wav,Malayalam
train_malayalammale_00908.wav,Malayalam
train_malayalammale_00909.wav,Malayalam
train_malayalammale_00910.wav,Malayalam
train_malayalammale_00911.wav,Malayalam
train_malayalammale_00912.wav,Malayalam
train_malayalammale_00913.wav,Malayalam
train_malayalammale_00914.wav,Malayalam
train_malayalammale_00915.wav,Malayalam
train_malayalammale_00916.wav,Malayalam
train_malayalammale_00917.wav,Malayalam
train_malayalammale_00918.wav,Malayalam
train_malayalammale_00919.wav,Malayalam
train_malayalammale_00920.wav,Malayalam
train_malayalammale_00921.wav,Malayalam
train_malayalammale_00922.wav,Malayalam
train_malayalammale_00923.wav,Malayalam
train_malayalammale_00924.wav,Malayalam
train_malayalammale_00925.wav,Malayalam
train_malayalammale_00926.wav,Malayalam
train_malayalammale_00927.wav,Malayalam
train_malayalammale_00928.wav,Malayalam
train_malayalammale_00929.wav,Malayalam
train_malayalammale_00930.wav,Malayalam
train_malayalammale_00931.wav,Malayalam
train_malayalammale_00932.wav,Malayalam
train_malayalammale_00933.wav,Malayalam
train_malayalammale_00934.wav,Malayalam
train_malayalammale_00935.wav,Malayalam
train_malayalammale_00936.wav,Malayalam
train_malayalammale_00937.wav,Malayalam
train_malayalammale_00938.wav,Malayalam
train_malayalammale_00939.wav,Malayalam
train_malayalammale_00940.wav,Malayalam
train_malayalammale_00941.wav,Malayalam
train_malayalammale_00942.wav,Malayalam
train_malayalammale_00943.wav,Malayalam
train_malayalammale_00944.wav,Malayalam
train_malayalammale_00945.wav,Malayalam
train_malayalammale_00946.wav,Malayalam
train_malayalammale_00947.wav,Malayalam
train_malayalammale_00948.wav,Malayalam
train_malayalammale_00949.wav,Malayalam
train_malayalammale_00950.wav,Malayalam
train_malayalammale_00951.wav,Malayalam
train_malayalammale_00952.wav,Malayalam
train_malayalammale_00953.wav,Malayalam
train_malayalammale_00954.wav,Malayalam
train_malayalammale_00955.wav,Malayalam
train_malayalammale_00956.wav,Malayalam
train_malayalammale_00957.wav,Malayalam
train_malayalammale_00958.wav,Malayalam
train_malayalammale_00959.wav,Malayalam
train_malayalammale_00960.wav,Malayalam
train_malayalammale_00961.wav,Malayalam
train_malayalammale_00962.wav,Malayalam
train_malayalammale_00963.wav,Malayalam
train_malayalammale_00964.wav,Malayalam
train_malayalammale_00965.wav,Malayalam
train_malayalammale_00966.wav,Malayalam
train_malayalammale_00967.wav,Malayalam
train_malayalammale_00968.wav,Malayalam
train_malayalammale_00969.wav,Malayalam
train_malayalammale_00970.wav,Malayalam
train_malayalammale_00971.wav,Malayalam
train_malayalammale_00972.wav,Malayalam
train_malayalammale_00973.wav,Malayalam
train_malayalammale_00974.wav,Malayalam
train_malayalammale_00975.wav,Malayalam
train_malayalammale_00976.wav,Malayalam
train_malayalammale_00977.wav,Malayalam
train_malayalammale_00978.wav,Malayalam
train_malayalammale_00979.wav,Malayalam
train_malayalammale_00980.wav,Malayalam
train_malayalammale_00981.wav,Malayalam
train_malayalammale_00982.wav,Malayalam
train_malayalammale_00983.wav,Malayalam
train_malayalammale_00984.wav,Malayalam
train_malayalammale_00985.wav,Malayalam
train_malayalammale_00986.wav,Malayalam
train_malayalammale_00987.wav,Malayalam
train_malayalammale_00988.wav,Malayalam
train_malayalammale_00989.wav,Malayalam
train_malayalammale_00990.wav,Malayalam
train_malayalammale_00991.wav,Malayalam
train_malayalammale_00992.wav,Malayalam
train_malayalammale_00993.wav,Malayalam
train_malayalammale_00994.wav,Malayalam
train_malayalammale_00995.wav,Malayalam
train_malayalammale_00996.wav,Malayalam
train_malayalammale_00997.wav,Malayalam
train_malayalammale_00998.wav,Malayalam
train_malayalammale_00999.wav,Malayalam
train_malayalammale_01000.wav,Malayalam
train_manipurifemale_00001.wav,Manipuri
train_manipurifemale_00002.wav,Manipuri
train_manipurifemale_00003.wav,Manipuri
train_manipurifemale_00004.wav,Manipuri
train_manipurifemale_00005.wav,Manipuri
train_manipurifemale_00006.wav,Manipuri
train_manipurifemale_00007.wav,Manipuri
train_manipurifemale_00008.wav,Manipuri
train_manipurifemale_00009.wav,Manipuri
train_manipurifemale_00010.wav,Manipuri
train_manipurifemale_00011.wav,Manipuri
train_manipurifemale_00012.wav,Manipuri
train_manipurifemale_00013.wav,Manipuri
train_manipurifemale_00014.wav,Manipuri
train_manipurifemale_00015.wav,Manipuri
train_manipurifemale_00016.wav,Manipuri
train_manipurifemale_00017.wav,Manipuri
train_manipurifemale_00018.wav,Manipuri
train_manipurifemale_00019.wav,Manipuri
train_manipurifemale_00020.wav,Manipuri
train_manipurifemale_00021.wav,Manipuri
train_manipurifemale_00022.wav,Manipuri
train_manipurifemale_00023.wav,Manipuri
train_manipurifemale_00024.wav,Manipuri
train_manipurifemale_00025.wav,Manipuri
train_manipurifemale_00026.wav,Manipuri
train_manipurifemale_00027.wav,Manipuri
train_manipurifemale_00028.wav,Manipuri
train_manipurifemale_00029.wav,Manipuri
train_manipurifemale_00030.wav,Manipuri
train_manipurifemale_00031.wav,Manipuri
train_manipurifemale_00032.wav,Manipuri
train_manipurifemale_00033.wav,Manipuri
train_manipurifemale_00034.wav,Manipuri
train_manipurifemale_00035.wav,Manipuri
train_manipurifemale_00036.wav,Manipuri
train_manipurifemale_00037.wav,Manipuri
train_manipurifemale_00038.wav,Manipuri
train_manipurifemale_00039.wav,Manipuri
train_manipurifemale_00040.wav,Manipuri
train_manipurifemale_00041.wav,Manipuri
train_manipurifemale_00042.wav,Manipuri
train_manipurifemale_00043.wav,Manipuri
train_manipurifemale_00044.wav,Manipuri
train_manipurifemale_00045.wav,Manipuri
train_manipurifemale_00046.wav,Manipuri
train_manipurifemale_00047.wav,Manipuri
train_manipurifemale_00048.wav,Manipuri
train_manipurifemale_00049.wav,Manipuri
train_manipurifemale_00050.wav,Manipuri
train_manipurifemale_00051.wav,Manipuri
train_manipurifemale_00052.wav,Manipuri
train_manipurifemale_00053.wav,Manipuri
train_manipurifemale_00054.wav,Manipuri
train_manipurifemale_00055.wav,Manipuri
train_manipurifemale_00056.wav,Manipuri
train_manipurifemale_00057.wav,Manipuri
train_manipurifemale_00058.wav,Manipuri
train_manipurifemale_00059.wav,Manipuri
train_manipurifemale_00060.wav,Manipuri
train_manipurifemale_00061.wav,Manipuri
train_manipurifemale_00062.wav,Manipuri
train_manipurifemale_00063.wav,Manipuri
train_manipurifemale_00064.wav,Manipuri
train_manipurifemale_00065.wav,Manipuri
train_manipurifemale_00066.wav,Manipuri
train_manipurifemale_00067.wav,Manipuri
train_manipurifemale_00068.wav,Manipuri
train_manipurifemale_00069.wav,Manipuri
train_manipurifemale_00070.wav,Manipuri
train_manipurifemale_00071.wav,Manipuri
train_manipurifemale_00072.wav,Manipuri
train_manipurifemale_00073.wav,Manipuri
train_manipurifemale_00074.wav,Manipuri
train_manipurifemale_00075.wav,Manipuri
train_manipurifemale_00076.wav,Manipuri
train_manipurifemale_00077.wav,Manipuri
train_manipurifemale_00078.wav,Manipuri
train_manipurifemale_00079.wav,Manipuri
train_manipurifemale_00080.wav,Manipuri
train_manipurifemale_00081.wav,Manipuri
train_manipurifemale_00082.wav,Manipuri
train_manipurifemale_00083.wav,Manipuri
train_manipurifemale_00084.wav,Manipuri
train_manipurifemale_00085.wav,Manipuri
train_manipurifemale_00086.wav,Manipuri
train_manipurifemale_00087.wav,Manipuri
train_manipurifemale_00088.wav,Manipuri
train_manipurifemale_00089.wav,Manipuri
train_manipurifemale_00090.wav,Manipuri
train_manipurifemale_00091.wav,Manipuri
train_manipurifemale_00092.wav,Manipuri
train_manipurifemale_00093.wav,Manipuri
train_manipurifemale_00094.wav,Manipuri
train_manipurifemale_00095.wav,Manipuri
train_manipurifemale_00096.wav,Manipuri
train_manipurifemale_00097.wav,Manipuri
train_manipurifemale_00098.wav,Manipuri
train_manipurifemale_00099.wav,Manipuri
train_manipurifemale_00100.wav,Manipuri
train_manipurifemale_00101.wav,Manipuri
train_manipurifemale_00102.wav,Manipuri
train_manipurifemale_00103.wav,Manipuri
train_manipurifemale_00104.wav,Manipuri
train_manipurifemale_00105.wav,Manipuri
train_manipurifemale_00106.wav,Manipuri
train_manipurifemale_00107.wav,Manipuri
train_manipurifemale_00108.wav,Manipuri
train_manipurifemale_00109.wav,Manipuri
train_manipurifemale_00110.wav,Manipuri
train_manipurifemale_00111.wav,Manipuri
train_manipurifemale_00112.wav,Manipuri
train_manipurifemale_00113.wav,Manipuri
train_manipurifemale_00114.wav,Manipuri
train_manipurifemale_00115.wav,Manipuri
train_manipurifemale_00116.wav,Manipuri
train_manipurifemale_00117.wav,Manipuri
train_manipurifemale_00118.wav,Manipuri
train_manipurifemale_00119.wav,Manipuri
train_manipurifemale_00120.wav,Manipuri
train_manipurifemale_00121.wav,Manipuri
train_manipurifemale_00122.wav,Manipuri
train_manipurifemale_00123.wav,Manipuri
train_manipurifemale_00124.wav,Manipuri
train_manipurifemale_00125.wav,Manipuri
train_manipurifemale_00126.wav,Manipuri
train_manipurifemale_00127.wav,Manipuri
train_manipurifemale_00128.wav,Manipuri
train_manipurifemale_00129.wav,Manipuri
train_manipurifemale_00130.wav,Manipuri
train_manipurifemale_00131.wav,Manipuri
train_manipurifemale_00132.wav,Manipuri
train_manipurifemale_00133.wav,Manipuri
train_manipurifemale_00134.wav,Manipuri
train_manipurifemale_00135.wav,Manipuri
train_manipurifemale_00136.wav,Manipuri
train_manipurifemale_00137.wav,Manipuri
train_manipurifemale_00138.wav,Manipuri
train_manipurifemale_00139.wav,Manipuri
train_manipurifemale_00140.wav,Manipuri
train_manipurifemale_00141.wav,Manipuri
train_manipurifemale_00142.wav,Manipuri
train_manipurifemale_00143.wav,Manipuri
train_manipurifemale_00144.wav,Manipuri
train_manipurifemale_00145.wav,Manipuri
train_manipurifemale_00146.wav,Manipuri
train_manipurifemale_00147.wav,Manipuri
train_manipurifemale_00148.wav,Manipuri
train_manipurifemale_00149.wav,Manipuri
train_manipurifemale_00150.wav,Manipuri
train_manipurifemale_00151.wav,Manipuri
train_manipurifemale_00152.wav,Manipuri
train_manipurifemale_00153.wav,Manipuri
train_manipurifemale_00154.wav,Manipuri
train_manipurifemale_00155.wav,Manipuri
train_manipurifemale_00156.wav,Manipuri
train_manipurifemale_00157.wav,Manipuri
train_manipurifemale_00158.wav,Manipuri
train_manipurifemale_00159.wav,Manipuri
train_manipurifemale_00160.wav,Manipuri
train_manipurifemale_00161.wav,Manipuri
train_manipurifemale_00162.wav,Manipuri
train_manipurifemale_00163.wav,Manipuri
train_manipurifemale_00164.wav,Manipuri
train_manipurifemale_00165.wav,Manipuri
train_manipurifemale_00166.wav,Manipuri
train_manipurifemale_00167.wav,Manipuri
train_manipurifemale_00168.wav,Manipuri
train_manipurifemale_00169.wav,Manipuri
train_manipurifemale_00170.wav,Manipuri
train_manipurifemale_00171.wav,Manipuri
train_manipurifemale_00172.wav,Manipuri
train_manipurifemale_00173.wav,Manipuri
train_manipurifemale_00174.wav,Manipuri
train_manipurifemale_00175.wav,Manipuri
train_manipurifemale_00176.wav,Manipuri
train_manipurifemale_00177.wav,Manipuri
train_manipurifemale_00178.wav,Manipuri
train_manipurifemale_00179.wav,Manipuri
train_manipurifemale_00180.wav,Manipuri
train_manipurifemale_00181.wav,Manipuri
train_manipurifemale_00182.wav,Manipuri
train_manipurifemale_00183.wav,Manipuri
train_manipurifemale_00184.wav,Manipuri
train_manipurifemale_00185.wav,Manipuri
train_manipurifemale_00186.wav,Manipuri
train_manipurifemale_00187.wav,Manipuri
train_manipurifemale_00188.wav,Manipuri
train_manipurifemale_00189.wav,Manipuri
train_manipurifemale_00190.wav,Manipuri
train_manipurifemale_00191.wav,Manipuri
train_manipurifemale_00192.wav,Manipuri
train_manipurifemale_00193.wav,Manipuri
train_manipurifemale_00194.wav,Manipuri
train_manipurifemale_00195.wav,Manipuri
train_manipurifemale_00196.wav,Manipuri
train_manipurifemale_00197.wav,Manipuri
train_manipurifemale_00198.wav,Manipuri
train_manipurifemale_00199.wav,Manipuri
train_manipurifemale_00200.wav,Manipuri
train_manipurifemale_00201.wav,Manipuri
train_manipurifemale_00202.wav,Manipuri
train_manipurifemale_00203.wav,Manipuri
train_manipurifemale_00204.wav,Manipuri
train_manipurifemale_00205.wav,Manipuri
train_manipurifemale_00206.wav,Manipuri
train_manipurifemale_00207.wav,Manipuri
train_manipurifemale_00208.wav,Manipuri
train_manipurifemale_00209.wav,Manipuri
train_manipurifemale_00210.wav,Manipuri
train_manipurifemale_00211.wav,Manipuri
train_manipurifemale_00212.wav,Manipuri
train_manipurifemale_00213.wav,Manipuri
train_manipurifemale_00214.wav,Manipuri
train_manipurifemale_00215.wav,Manipuri
train_manipurifemale_00216.wav,Manipuri
train_manipurifemale_00217.wav,Manipuri
train_manipurifemale_00218.wav,Manipuri
train_manipurifemale_00219.wav,Manipuri
train_manipurifemale_00220.wav,Manipuri
train_manipurifemale_00221.wav,Manipuri
train_manipurifemale_00222.wav,Manipuri
train_manipurifemale_00223.wav,Manipuri
train_manipurifemale_00224.wav,Manipuri
train_manipurifemale_00225.wav,Manipuri
train_manipurifemale_00226.wav,Manipuri
train_manipurifemale_00227.wav,Manipuri
train_manipurifemale_00228.wav,Manipuri
train_manipurifemale_00229.wav,Manipuri
train_manipurifemale_00230.wav,Manipuri
train_manipurifemale_00231.wav,Manipuri
train_manipurifemale_00232.wav,Manipuri
train_manipurifemale_00233.wav,Manipuri
train_manipurifemale_00234.wav,Manipuri
train_manipurifemale_00235.wav,Manipuri
train_manipurifemale_00236.wav,Manipuri
train_manipurifemale_00237.wav,Manipuri
train_manipurifemale_00238.wav,Manipuri
train_manipurifemale_00239.wav,Manipuri
train_manipurifemale_00240.wav,Manipuri
train_manipurifemale_00241.wav,Manipuri
train_manipurifemale_00242.wav,Manipuri
train_manipurifemale_00243.wav,Manipuri
train_manipurifemale_00244.wav,Manipuri
train_manipurifemale_00245.wav,Manipuri
train_manipurifemale_00246.wav,Manipuri
train_manipurifemale_00247.wav,Manipuri
train_manipurifemale_00248.wav,Manipuri
train_manipurifemale_00249.wav,Manipuri
train_manipurifemale_00250.wav,Manipuri
train_manipurifemale_00251.wav,Manipuri
train_manipurifemale_00252.wav,Manipuri
train_manipurifemale_00253.wav,Manipuri
train_manipurifemale_00254.wav,Manipuri
train_manipurifemale_00255.wav,Manipuri
train_manipurifemale_00256.wav,Manipuri
train_manipurifemale_00257.wav,Manipuri
train_manipurifemale_00258.wav,Manipuri
train_manipurifemale_00259.wav,Manipuri
train_manipurifemale_00260.wav,Manipuri
train_manipurifemale_00261.wav,Manipuri
train_manipurifemale_00262.wav,Manipuri
train_manipurifemale_00263.wav,Manipuri
train_manipurifemale_00264.wav,Manipuri
train_manipurifemale_00265.wav,Manipuri
train_manipurifemale_00266.wav,Manipuri
train_manipurifemale_00267.wav,Manipuri
train_manipurifemale_00268.wav,Manipuri
train_manipurifemale_00269.wav,Manipuri
train_manipurifemale_00270.wav,Manipuri
train_manipurifemale_00271.wav,Manipuri
train_manipurifemale_00272.wav,Manipuri
train_manipurifemale_00273.wav,Manipuri
train_manipurifemale_00274.wav,Manipuri
train_manipurifemale_00275.wav,Manipuri
train_manipurifemale_00276.wav,Manipuri
train_manipurifemale_00277.wav,Manipuri
train_manipurifemale_00278.wav,Manipuri
train_manipurifemale_00279.wav,Manipuri
train_manipurifemale_00280.wav,Manipuri
train_manipurifemale_00281.wav,Manipuri
train_manipurifemale_00282.wav,Manipuri
train_manipurifemale_00283.wav,Manipuri
train_manipurifemale_00284.wav,Manipuri
train_manipurifemale_00285.wav,Manipuri
train_manipurifemale_00286.wav,Manipuri
train_manipurifemale_00287.wav,Manipuri
train_manipurifemale_00288.wav,Manipuri
train_manipurifemale_00289.wav,Manipuri
train_manipurifemale_00290.wav,Manipuri
train_manipurifemale_00291.wav,Manipuri
train_manipurifemale_00292.wav,Manipuri
train_manipurifemale_00293.wav,Manipuri
train_manipurifemale_00294.wav,Manipuri
train_manipurifemale_00295.wav,Manipuri
train_manipurifemale_00296.wav,Manipuri
train_manipurifemale_00297.wav,Manipuri
train_manipurifemale_00298.wav,Manipuri
train_manipurifemale_00299.wav,Manipuri
train_manipurifemale_00300.wav,Manipuri
train_manipurifemale_00301.wav,Manipuri
train_manipurifemale_00302.wav,Manipuri
train_manipurifemale_00303.wav,Manipuri
train_manipurifemale_00304.wav,Manipuri
train_manipurifemale_00305.wav,Manipuri
train_manipurifemale_00306.wav,Manipuri
train_manipurifemale_00307.wav,Manipuri
train_manipurifemale_00308.wav,Manipuri
train_manipurifemale_00309.wav,Manipuri
train_manipurifemale_00310.wav,Manipuri
train_manipurifemale_00311.wav,Manipuri
train_manipurifemale_00312.wav,Manipuri
train_manipurifemale_00313.wav,Manipuri
train_manipurifemale_00314.wav,Manipuri
train_manipurifemale_00315.wav,Manipuri
train_manipurifemale_00316.wav,Manipuri
train_manipurifemale_00317.wav,Manipuri
train_manipurifemale_00318.wav,Manipuri
train_manipurifemale_00319.wav,Manipuri
train_manipurifemale_00320.wav,Manipuri
train_manipurifemale_00321.wav,Manipuri
train_manipurifemale_00322.wav,Manipuri
train_manipurifemale_00323.wav,Manipuri
train_manipurifemale_00324.wav,Manipuri
train_manipurifemale_00325.wav,Manipuri
train_manipurifemale_00326.wav,Manipuri
train_manipurifemale_00327.wav,Manipuri
train_manipurifemale_00328.wav,Manipuri
train_manipurifemale_00329.wav,Manipuri
train_manipurifemale_00330.wav,Manipuri
train_manipurifemale_00331.wav,Manipuri
train_manipurifemale_00332.wav,Manipuri
train_manipurifemale_00333.wav,Manipuri
train_manipurifemale_00334.wav,Manipuri
train_manipurifemale_00335.wav,Manipuri
train_manipurifemale_00336.wav,Manipuri
train_manipurifemale_00337.wav,Manipuri
train_manipurifemale_00338.wav,Manipuri
train_manipurifemale_00339.wav,Manipuri
train_manipurifemale_00340.wav,Manipuri
train_manipurifemale_00341.wav,Manipuri
train_manipurifemale_00342.wav,Manipuri
train_manipurifemale_00343.wav,Manipuri
train_manipurifemale_00344.wav,Manipuri
train_manipurifemale_00345.wav,Manipuri
train_manipurifemale_00346.wav,Manipuri
train_manipurifemale_00347.wav,Manipuri
train_manipurifemale_00348.wav,Manipuri
train_manipurifemale_00349.wav,Manipuri
train_manipurifemale_00350.wav,Manipuri
train_manipurifemale_00351.wav,Manipuri
train_manipurifemale_00352.wav,Manipuri
train_manipurifemale_00353.wav,Manipuri
train_manipurifemale_00354.wav,Manipuri
train_manipurifemale_00355.wav,Manipuri
train_manipurifemale_00356.wav,Manipuri
train_manipurifemale_00357.wav,Manipuri
train_manipurifemale_00358.wav,Manipuri
train_manipurifemale_00359.wav,Manipuri
train_manipurifemale_00360.wav,Manipuri
train_manipurifemale_00361.wav,Manipuri
train_manipurifemale_00362.wav,Manipuri
train_manipurifemale_00363.wav,Manipuri
train_manipurifemale_00364.wav,Manipuri
train_manipurifemale_00365.wav,Manipuri
train_manipurifemale_00366.wav,Manipuri
train_manipurifemale_00367.wav,Manipuri
train_manipurifemale_00368.wav,Manipuri
train_manipurifemale_00369.wav,Manipuri
train_manipurifemale_00370.wav,Manipuri
train_manipurifemale_00371.wav,Manipuri
train_manipurifemale_00372.wav,Manipuri
train_manipurifemale_00373.wav,Manipuri
train_manipurifemale_00374.wav,Manipuri
train_manipurifemale_00375.wav,Manipuri
train_manipurifemale_00376.wav,Manipuri
train_manipurifemale_00377.wav,Manipuri
train_manipurifemale_00378.wav,Manipuri
train_manipurifemale_00379.wav,Manipuri
train_manipurifemale_00380.wav,Manipuri
train_manipurifemale_00381.wav,Manipuri
train_manipurifemale_00382.wav,Manipuri
train_manipurifemale_00383.wav,Manipuri
train_manipurifemale_00384.wav,Manipuri
train_manipurifemale_00385.wav,Manipuri
train_manipurifemale_00386.wav,Manipuri
train_manipurifemale_00387.wav,Manipuri
train_manipurifemale_00388.wav,Manipuri
train_manipurifemale_00389.wav,Manipuri
train_manipurifemale_00390.wav,Manipuri
train_manipurifemale_00391.wav,Manipuri
train_manipurifemale_00392.wav,Manipuri
train_manipurifemale_00393.wav,Manipuri
train_manipurifemale_00394.wav,Manipuri
train_manipurifemale_00395.wav,Manipuri
train_manipurifemale_00396.wav,Manipuri
train_manipurifemale_00397.wav,Manipuri
train_manipurifemale_00398.wav,Manipuri
train_manipurifemale_00399.wav,Manipuri
train_manipurifemale_00400.wav,Manipuri
train_manipurifemale_00401.wav,Manipuri
train_manipurifemale_00402.wav,Manipuri
train_manipurifemale_00403.wav,Manipuri
train_manipurifemale_00404.wav,Manipuri
train_manipurifemale_00405.wav,Manipuri
train_manipurifemale_00406.wav,Manipuri
train_manipurifemale_00407.wav,Manipuri
train_manipurifemale_00408.wav,Manipuri
train_manipurifemale_00409.wav,Manipuri
train_manipurifemale_00410.wav,Manipuri
train_manipurifemale_00411.wav,Manipuri
train_manipurifemale_00412.wav,Manipuri
train_manipurifemale_00413.wav,Manipuri
train_manipurifemale_00414.wav,Manipuri
train_manipurifemale_00415.wav,Manipuri
train_manipurifemale_00416.wav,Manipuri
train_manipurifemale_00417.wav,Manipuri
train_manipurifemale_00418.wav,Manipuri
train_manipurifemale_00419.wav,Manipuri
train_manipurifemale_00420.wav,Manipuri
train_manipurifemale_00421.wav,Manipuri
train_manipurifemale_00422.wav,Manipuri
train_manipurifemale_00423.wav,Manipuri
train_manipurifemale_00424.wav,Manipuri
train_manipurifemale_00425.wav,Manipuri
train_manipurifemale_00426.wav,Manipuri
train_manipurifemale_00427.wav,Manipuri
train_manipurifemale_00428.wav,Manipuri
train_manipurifemale_00429.wav,Manipuri
train_manipurifemale_00430.wav,Manipuri
train_manipurifemale_00431.wav,Manipuri
train_manipurifemale_00432.wav,Manipuri
train_manipurifemale_00433.wav,Manipuri
train_manipurifemale_00434.wav,Manipuri
train_manipurifemale_00435.wav,Manipuri
train_manipurifemale_00436.wav,Manipuri
train_manipurifemale_00437.wav,Manipuri
train_manipurifemale_00438.wav,Manipuri
train_manipurifemale_00439.wav,Manipuri
train_manipurifemale_00440.wav,Manipuri
train_manipurifemale_00441.wav,Manipuri
train_manipurifemale_00442.wav,Manipuri
train_manipurifemale_00443.wav,Manipuri
train_manipurifemale_00444.wav,Manipuri
train_manipurifemale_00445.wav,Manipuri
train_manipurifemale_00446.wav,Manipuri
train_manipurifemale_00447.wav,Manipuri
train_manipurifemale_00448.wav,Manipuri
train_manipurifemale_00449.wav,Manipuri
train_manipurifemale_00450.wav,Manipuri
train_manipurifemale_00451.wav,Manipuri
train_manipurifemale_00452.wav,Manipuri
train_manipurifemale_00453.wav,Manipuri
train_manipurifemale_00454.wav,Manipuri
train_manipurifemale_00455.wav,Manipuri
train_manipurifemale_00456.wav,Manipuri
train_manipurifemale_00457.wav,Manipuri
train_manipurifemale_00458.wav,Manipuri
train_manipurifemale_00459.wav,Manipuri
train_manipurifemale_00460.wav,Manipuri
train_manipurifemale_00461.wav,Manipuri
train_manipurifemale_00462.wav,Manipuri
train_manipurifemale_00463.wav,Manipuri
train_manipurifemale_00464.wav,Manipuri
train_manipurifemale_00465.wav,Manipuri
train_manipurifemale_00466.wav,Manipuri
train_manipurifemale_00467.wav,Manipuri
train_manipurifemale_00468.wav,Manipuri
train_manipurifemale_00469.wav,Manipuri
train_manipurifemale_00470.wav,Manipuri
train_manipurifemale_00471.wav,Manipuri
train_manipurifemale_00472.wav,Manipuri
train_manipurifemale_00473.wav,Manipuri
train_manipurifemale_00474.wav,Manipuri
train_manipurifemale_00475.wav,Manipuri
train_manipurifemale_00476.wav,Manipuri
train_manipurifemale_00477.wav,Manipuri
train_manipurifemale_00478.wav,Manipuri
train_manipurifemale_00479.wav,Manipuri
train_manipurifemale_00480.wav,Manipuri
train_manipurifemale_00481.wav,Manipuri
train_manipurifemale_00482.wav,Manipuri
train_manipurifemale_00483.wav,Manipuri
train_manipurifemale_00484.wav,Manipuri
train_manipurifemale_00485.wav,Manipuri
train_manipurifemale_00486.wav,Manipuri
train_manipurifemale_00487.wav,Manipuri
train_manipurifemale_00488.wav,Manipuri
train_manipurifemale_00489.wav,Manipuri
train_manipurifemale_00490.wav,Manipuri
train_manipurifemale_00491.wav,Manipuri
train_manipurifemale_00492.wav,Manipuri
train_manipurifemale_00493.wav,Manipuri
train_manipurifemale_00494.wav,Manipuri
train_manipurifemale_00495.wav,Manipuri
train_manipurifemale_00496.wav,Manipuri
train_manipurifemale_00497.wav,Manipuri
train_manipurifemale_00498.wav,Manipuri
train_manipurifemale_00499.wav,Manipuri
train_manipurifemale_00500.wav,Manipuri
train_manipurifemale_00501.wav,Manipuri
train_manipurifemale_00502.wav,Manipuri
train_manipurifemale_00503.wav,Manipuri
train_manipurifemale_00504.wav,Manipuri
train_manipurifemale_00505.wav,Manipuri
train_manipurifemale_00506.wav,Manipuri
train_manipurifemale_00507.wav,Manipuri
train_manipurifemale_00508.wav,Manipuri
train_manipurifemale_00509.wav,Manipuri
train_manipurifemale_00510.wav,Manipuri
train_manipurifemale_00511.wav,Manipuri
train_manipurifemale_00512.wav,Manipuri
train_manipurifemale_00513.wav,Manipuri
train_manipurifemale_00514.wav,Manipuri
train_manipurifemale_00515.wav,Manipuri
train_manipurifemale_00516.wav,Manipuri
train_manipurifemale_00517.wav,Manipuri
train_manipurifemale_00518.wav,Manipuri
train_manipurifemale_00519.wav,Manipuri
train_manipurifemale_00520.wav,Manipuri
train_manipurifemale_00521.wav,Manipuri
train_manipurifemale_00522.wav,Manipuri
train_manipurifemale_00523.wav,Manipuri
train_manipurifemale_00524.wav,Manipuri
train_manipurifemale_00525.wav,Manipuri
train_manipurifemale_00526.wav,Manipuri
train_manipurifemale_00527.wav,Manipuri
train_manipurifemale_00528.wav,Manipuri
train_manipurifemale_00529.wav,Manipuri
train_manipurifemale_00530.wav,Manipuri
train_manipurifemale_00531.wav,Manipuri
train_manipurifemale_00532.wav,Manipuri
train_manipurifemale_00533.wav,Manipuri
train_manipurifemale_00534.wav,Manipuri
train_manipurifemale_00535.wav,Manipuri
train_manipurifemale_00536.wav,Manipuri
train_manipurifemale_00537.wav,Manipuri
train_manipurifemale_00538.wav,Manipuri
train_manipurifemale_00539.wav,Manipuri
train_manipurifemale_00540.wav,Manipuri
train_manipurifemale_00541.wav,Manipuri
train_manipurifemale_00542.wav,Manipuri
train_manipurifemale_00543.wav,Manipuri
train_manipurifemale_00544.wav,Manipuri
train_manipurifemale_00545.wav,Manipuri
train_manipurifemale_00546.wav,Manipuri
train_manipurifemale_00547.wav,Manipuri
train_manipurifemale_00548.wav,Manipuri
train_manipurifemale_00549.wav,Manipuri
train_manipurifemale_00550.wav,Manipuri
train_manipurifemale_00551.wav,Manipuri
train_manipurifemale_00552.wav,Manipuri
train_manipurifemale_00553.wav,Manipuri
train_manipurifemale_00554.wav,Manipuri
train_manipurifemale_00555.wav,Manipuri
train_manipurifemale_00556.wav,Manipuri
train_manipurifemale_00557.wav,Manipuri
train_manipurifemale_00558.wav,Manipuri
train_manipurifemale_00559.wav,Manipuri
train_manipurifemale_00560.wav,Manipuri
train_manipurifemale_00561.wav,Manipuri
train_manipurifemale_00562.wav,Manipuri
train_manipurifemale_00563.wav,Manipuri
train_manipurifemale_00564.wav,Manipuri
train_manipurifemale_00565.wav,Manipuri
train_manipurifemale_00566.wav,Manipuri
train_manipurifemale_00567.wav,Manipuri
train_manipurifemale_00568.wav,Manipuri
train_manipurifemale_00569.wav,Manipuri
train_manipurifemale_00570.wav,Manipuri
train_manipurifemale_00571.wav,Manipuri
train_manipurifemale_00572.wav,Manipuri
train_manipurifemale_00573.wav,Manipuri
train_manipurifemale_00574.wav,Manipuri
train_manipurifemale_00575.wav,Manipuri
train_manipurifemale_00576.wav,Manipuri
train_manipurifemale_00577.wav,Manipuri
train_manipurifemale_00578.wav,Manipuri
train_manipurifemale_00579.wav,Manipuri
train_manipurifemale_00580.wav,Manipuri
train_manipurifemale_00581.wav,Manipuri
train_manipurifemale_00582.wav,Manipuri
train_manipurifemale_00583.wav,Manipuri
train_manipurifemale_00584.wav,Manipuri
train_manipurifemale_00585.wav,Manipuri
train_manipurifemale_00586.wav,Manipuri
train_manipurifemale_00587.wav,Manipuri
train_manipurifemale_00588.wav,Manipuri
train_manipurifemale_00589.wav,Manipuri
train_manipurifemale_00590.wav,Manipuri
train_manipurifemale_00591.wav,Manipuri
train_manipurifemale_00592.wav,Manipuri
train_manipurifemale_00593.wav,Manipuri
train_manipurifemale_00594.wav,Manipuri
train_manipurifemale_00595.wav,Manipuri
train_manipurifemale_00596.wav,Manipuri
train_manipurifemale_00597.wav,Manipuri
train_manipurifemale_00598.wav,Manipuri
train_manipurifemale_00599.wav,Manipuri
train_manipurifemale_00600.wav,Manipuri
train_manipurifemale_00601.wav,Manipuri
train_manipurifemale_00602.wav,Manipuri
train_manipurifemale_00603.wav,Manipuri
train_manipurifemale_00604.wav,Manipuri
train_manipurifemale_00605.wav,Manipuri
train_manipurifemale_00606.wav,Manipuri
train_manipurifemale_00607.wav,Manipuri
train_manipurifemale_00608.wav,Manipuri
train_manipurifemale_00609.wav,Manipuri
train_manipurifemale_00610.wav,Manipuri
train_manipurifemale_00611.wav,Manipuri
train_manipurifemale_00612.wav,Manipuri
train_manipurifemale_00613.wav,Manipuri
train_manipurifemale_00614.wav,Manipuri
train_manipurifemale_00615.wav,Manipuri
train_manipurifemale_00616.wav,Manipuri
train_manipurifemale_00617.wav,Manipuri
train_manipurifemale_00618.wav,Manipuri
train_manipurifemale_00619.wav,Manipuri
train_manipurifemale_00620.wav,Manipuri
train_manipurifemale_00621.wav,Manipuri
train_manipurifemale_00622.wav,Manipuri
train_manipurifemale_00623.wav,Manipuri
train_manipurifemale_00624.wav,Manipuri
train_manipurifemale_00625.wav,Manipuri
train_manipurifemale_00626.wav,Manipuri
train_manipurifemale_00627.wav,Manipuri
train_manipurifemale_00628.wav,Manipuri
train_manipurifemale_00629.wav,Manipuri
train_manipurifemale_00630.wav,Manipuri
train_manipurifemale_00631.wav,Manipuri
train_manipurifemale_00632.wav,Manipuri
train_manipurifemale_00633.wav,Manipuri
train_manipurifemale_00634.wav,Manipuri
train_manipurifemale_00635.wav,Manipuri
train_manipurifemale_00636.wav,Manipuri
train_manipurifemale_00637.wav,Manipuri
train_manipurifemale_00638.wav,Manipuri
train_manipurifemale_00639.wav,Manipuri
train_manipurifemale_00640.wav,Manipuri
train_manipurifemale_00641.wav,Manipuri
train_manipurifemale_00642.wav,Manipuri
train_manipurifemale_00643.wav,Manipuri
train_manipurifemale_00644.wav,Manipuri
train_manipurifemale_00645.wav,Manipuri
train_manipurifemale_00646.wav,Manipuri
train_manipurifemale_00647.wav,Manipuri
train_manipurifemale_00648.wav,Manipuri
train_manipurifemale_00649.wav,Manipuri
train_manipurifemale_00650.wav,Manipuri
train_manipurifemale_00651.wav,Manipuri
train_manipurifemale_00652.wav,Manipuri
train_manipurifemale_00653.wav,Manipuri
train_manipurifemale_00654.wav,Manipuri
train_manipurifemale_00655.wav,Manipuri
train_manipurifemale_00656.wav,Manipuri
train_manipurifemale_00657.wav,Manipuri
train_manipurifemale_00658.wav,Manipuri
train_manipurifemale_00659.wav,Manipuri
train_manipurifemale_00660.wav,Manipuri
train_manipurifemale_00661.wav,Manipuri
train_manipurifemale_00662.wav,Manipuri
train_manipurifemale_00663.wav,Manipuri
train_manipurifemale_00664.wav,Manipuri
train_manipurifemale_00665.wav,Manipuri
train_manipurifemale_00666.wav,Manipuri
train_manipurifemale_00667.wav,Manipuri
train_manipurifemale_00668.wav,Manipuri
train_manipurifemale_00669.wav,Manipuri
train_manipurifemale_00670.wav,Manipuri
train_manipurifemale_00671.wav,Manipuri
train_manipurifemale_00672.wav,Manipuri
train_manipurifemale_00673.wav,Manipuri
train_manipurifemale_00674.wav,Manipuri
train_manipurifemale_00675.wav,Manipuri
train_manipurifemale_00676.wav,Manipuri
train_manipurifemale_00677.wav,Manipuri
train_manipurifemale_00678.wav,Manipuri
train_manipurifemale_00679.wav,Manipuri
train_manipurifemale_00680.wav,Manipuri
train_manipurifemale_00681.wav,Manipuri
train_manipurifemale_00682.wav,Manipuri
train_manipurifemale_00683.wav,Manipuri
train_manipurifemale_00684.wav,Manipuri
train_manipurifemale_00685.wav,Manipuri
train_manipurifemale_00686.wav,Manipuri
train_manipurifemale_00687.wav,Manipuri
train_manipurifemale_00688.wav,Manipuri
train_manipurifemale_00689.wav,Manipuri
train_manipurifemale_00690.wav,Manipuri
train_manipurifemale_00691.wav,Manipuri
train_manipurifemale_00692.wav,Manipuri
train_manipurifemale_00693.wav,Manipuri
train_manipurifemale_00694.wav,Manipuri
train_manipurifemale_00695.wav,Manipuri
train_manipurifemale_00696.wav,Manipuri
train_manipurifemale_00697.wav,Manipuri
train_manipurifemale_00698.wav,Manipuri
train_manipurifemale_00699.wav,Manipuri
train_manipurifemale_00700.wav,Manipuri
train_manipurifemale_00701.wav,Manipuri
train_manipurifemale_00702.wav,Manipuri
train_manipurifemale_00703.wav,Manipuri
train_manipurifemale_00704.wav,Manipuri
train_manipurifemale_00705.wav,Manipuri
train_manipurifemale_00706.wav,Manipuri
train_manipurifemale_00707.wav,Manipuri
train_manipurifemale_00708.wav,Manipuri
train_manipurifemale_00709.wav,Manipuri
train_manipurifemale_00710.wav,Manipuri
train_manipurifemale_00711.wav,Manipuri
train_manipurifemale_00712.wav,Manipuri
train_manipurifemale_00713.wav,Manipuri
train_manipurifemale_00714.wav,Manipuri
train_manipurifemale_00715.wav,Manipuri
train_manipurifemale_00716.wav,Manipuri
train_manipurifemale_00717.wav,Manipuri
train_manipurifemale_00718.wav,Manipuri
train_manipurifemale_00719.wav,Manipuri
train_manipurifemale_00720.wav,Manipuri
train_manipurifemale_00721.wav,Manipuri
train_manipurifemale_00722.wav,Manipuri
train_manipurifemale_00723.wav,Manipuri
train_manipurifemale_00724.wav,Manipuri
train_manipurifemale_00725.wav,Manipuri
train_manipurifemale_00726.wav,Manipuri
train_manipurifemale_00727.wav,Manipuri
train_manipurifemale_00728.wav,Manipuri
train_manipurifemale_00729.wav,Manipuri
train_manipurifemale_00730.wav,Manipuri
train_manipurifemale_00731.wav,Manipuri
train_manipurifemale_00732.wav,Manipuri
train_manipurifemale_00733.wav,Manipuri
train_manipurifemale_00734.wav,Manipuri
train_manipurifemale_00735.wav,Manipuri
train_manipurifemale_00736.wav,Manipuri
train_manipurifemale_00737.wav,Manipuri
train_manipurifemale_00738.wav,Manipuri
train_manipurifemale_00739.wav,Manipuri
train_manipurifemale_00740.wav,Manipuri
train_manipurifemale_00741.wav,Manipuri
train_manipurifemale_00742.wav,Manipuri
train_manipurifemale_00743.wav,Manipuri
train_manipurifemale_00744.wav,Manipuri
train_manipurifemale_00745.wav,Manipuri
train_manipurifemale_00746.wav,Manipuri
train_manipurifemale_00747.wav,Manipuri
train_manipurifemale_00748.wav,Manipuri
train_manipurifemale_00749.wav,Manipuri
train_manipurifemale_00750.wav,Manipuri
train_manipurifemale_00751.wav,Manipuri
train_manipurifemale_00752.wav,Manipuri
train_manipurifemale_00753.wav,Manipuri
train_manipurifemale_00754.wav,Manipuri
train_manipurifemale_00755.wav,Manipuri
train_manipurifemale_00756.wav,Manipuri
train_manipurifemale_00757.wav,Manipuri
train_manipurifemale_00758.wav,Manipuri
train_manipurifemale_00759.wav,Manipuri
train_manipurifemale_00760.wav,Manipuri
train_manipurifemale_00761.wav,Manipuri
train_manipurifemale_00762.wav,Manipuri
train_manipurifemale_00763.wav,Manipuri
train_manipurifemale_00764.wav,Manipuri
train_manipurifemale_00765.wav,Manipuri
train_manipurifemale_00766.wav,Manipuri
train_manipurifemale_00767.wav,Manipuri
train_manipurifemale_00768.wav,Manipuri
train_manipurifemale_00769.wav,Manipuri
train_manipurifemale_00770.wav,Manipuri
train_manipurifemale_00771.wav,Manipuri
train_manipurifemale_00772.wav,Manipuri
train_manipurifemale_00773.wav,Manipuri
train_manipurifemale_00774.wav,Manipuri
train_manipurifemale_00775.wav,Manipuri
train_manipurifemale_00776.wav,Manipuri
train_manipurifemale_00777.wav,Manipuri
train_manipurifemale_00778.wav,Manipuri
train_manipurifemale_00779.wav,Manipuri
train_manipurifemale_00780.wav,Manipuri
train_manipurifemale_00781.wav,Manipuri
train_manipurifemale_00782.wav,Manipuri
train_manipurifemale_00783.wav,Manipuri
train_manipurifemale_00784.wav,Manipuri
train_manipurifemale_00785.wav,Manipuri
train_manipurifemale_00786.wav,Manipuri
train_manipurifemale_00787.wav,Manipuri
train_manipurifemale_00788.wav,Manipuri
train_manipurifemale_00789.wav,Manipuri
train_manipurifemale_00790.wav,Manipuri
train_manipurifemale_00791.wav,Manipuri
train_manipurifemale_00792.wav,Manipuri
train_manipurifemale_00793.wav,Manipuri
train_manipurifemale_00794.wav,Manipuri
train_manipurifemale_00795.wav,Manipuri
train_manipurifemale_00796.wav,Manipuri
train_manipurifemale_00797.wav,Manipuri
train_manipurifemale_00798.wav,Manipuri
train_manipurifemale_00799.wav,Manipuri
train_manipurifemale_00800.wav,Manipuri
train_manipurifemale_00801.wav,Manipuri
train_manipurifemale_00802.wav,Manipuri
train_manipurifemale_00803.wav,Manipuri
train_manipurifemale_00804.wav,Manipuri
train_manipurifemale_00805.wav,Manipuri
train_manipurifemale_00806.wav,Manipuri
train_manipurifemale_00807.wav,Manipuri
train_manipurifemale_00808.wav,Manipuri
train_manipurifemale_00809.wav,Manipuri
train_manipurifemale_00810.wav,Manipuri
train_manipurifemale_00811.wav,Manipuri
train_manipurifemale_00812.wav,Manipuri
train_manipurifemale_00813.wav,Manipuri
train_manipurifemale_00814.wav,Manipuri
train_manipurifemale_00815.wav,Manipuri
train_manipurifemale_00816.wav,Manipuri
train_manipurifemale_00817.wav,Manipuri
train_manipurifemale_00818.wav,Manipuri
train_manipurifemale_00819.wav,Manipuri
train_manipurifemale_00820.wav,Manipuri
train_manipurifemale_00821.wav,Manipuri
train_manipurifemale_00822.wav,Manipuri
train_manipurifemale_00823.wav,Manipuri
train_manipurifemale_00824.wav,Manipuri
train_manipurifemale_00825.wav,Manipuri
train_manipurifemale_00826.wav,Manipuri
train_manipurifemale_00827.wav,Manipuri
train_manipurifemale_00828.wav,Manipuri
train_manipurifemale_00829.wav,Manipuri
train_manipurifemale_00830.wav,Manipuri
train_manipurifemale_00831.wav,Manipuri
train_manipurifemale_00832.wav,Manipuri
train_manipurifemale_00833.wav,Manipuri
train_manipurifemale_00834.wav,Manipuri
train_manipurifemale_00835.wav,Manipuri
train_manipurifemale_00836.wav,Manipuri
train_manipurifemale_00837.wav,Manipuri
train_manipurifemale_00838.wav,Manipuri
train_manipurifemale_00839.wav,Manipuri
train_manipurifemale_00840.wav,Manipuri
train_manipurifemale_00841.wav,Manipuri
train_manipurifemale_00842.wav,Manipuri
train_manipurifemale_00843.wav,Manipuri
train_manipurifemale_00844.wav,Manipuri
train_manipurifemale_00845.wav,Manipuri
train_manipurifemale_00846.wav,Manipuri
train_manipurifemale_00847.wav,Manipuri
train_manipurifemale_00848.wav,Manipuri
train_manipurifemale_00849.wav,Manipuri
train_manipurifemale_00850.wav,Manipuri
train_manipurifemale_00851.wav,Manipuri
train_manipurifemale_00852.wav,Manipuri
train_manipurifemale_00853.wav,Manipuri
train_manipurifemale_00854.wav,Manipuri
train_manipurifemale_00855.wav,Manipuri
train_manipurifemale_00856.wav,Manipuri
train_manipurifemale_00857.wav,Manipuri
train_manipurifemale_00858.wav,Manipuri
train_manipurifemale_00859.wav,Manipuri
train_manipurifemale_00860.wav,Manipuri
train_manipurifemale_00861.wav,Manipuri
train_manipurifemale_00862.wav,Manipuri
train_manipurifemale_00863.wav,Manipuri
train_manipurifemale_00864.wav,Manipuri
train_manipurifemale_00865.wav,Manipuri
train_manipurifemale_00866.wav,Manipuri
train_manipurifemale_00867.wav,Manipuri
train_manipurifemale_00868.wav,Manipuri
train_manipurifemale_00869.wav,Manipuri
train_manipurifemale_00870.wav,Manipuri
train_manipurifemale_00871.wav,Manipuri
train_manipurifemale_00872.wav,Manipuri
train_manipurifemale_00873.wav,Manipuri
train_manipurifemale_00874.wav,Manipuri
train_manipurifemale_00875.wav,Manipuri
train_manipurifemale_00876.wav,Manipuri
train_manipurifemale_00877.wav,Manipuri
train_manipurifemale_00878.wav,Manipuri
train_manipurifemale_00879.wav,Manipuri
train_manipurifemale_00880.wav,Manipuri
train_manipurifemale_00881.wav,Manipuri
train_manipurifemale_00882.wav,Manipuri
train_manipurifemale_00883.wav,Manipuri
train_manipurifemale_00884.wav,Manipuri
train_manipurifemale_00885.wav,Manipuri
train_manipurifemale_00886.wav,Manipuri
train_manipurifemale_00887.wav,Manipuri
train_manipurifemale_00888.wav,Manipuri
train_manipurifemale_00889.wav,Manipuri
train_manipurifemale_00890.wav,Manipuri
train_manipurifemale_00891.wav,Manipuri
train_manipurifemale_00892.wav,Manipuri
train_manipurifemale_00893.wav,Manipuri
train_manipurifemale_00894.wav,Manipuri
train_manipurifemale_00895.wav,Manipuri
train_manipurifemale_00896.wav,Manipuri
train_manipurifemale_00897.wav,Manipuri
train_manipurifemale_00898.wav,Manipuri
train_manipurifemale_00899.wav,Manipuri
train_manipurifemale_00900.wav,Manipuri
train_manipurifemale_00901.wav,Manipuri
train_manipurifemale_00902.wav,Manipuri
train_manipurifemale_00903.wav,Manipuri
train_manipurifemale_00904.wav,Manipuri
train_manipurifemale_00905.wav,Manipuri
train_manipurifemale_00906.wav,Manipuri
train_manipurifemale_00907.wav,Manipuri
train_manipurifemale_00908.wav,Manipuri
train_manipurifemale_00909.wav,Manipuri
train_manipurifemale_00910.wav,Manipuri
train_manipurifemale_00911.wav,Manipuri
train_manipurifemale_00912.wav,Manipuri
train_manipurifemale_00913.wav,Manipuri
train_manipurifemale_00914.wav,Manipuri
train_manipurifemale_00915.wav,Manipuri
train_manipurifemale_00916.wav,Manipuri
train_manipurifemale_00917.wav,Manipuri
train_manipurifemale_00918.wav,Manipuri
train_manipurifemale_00919.wav,Manipuri
train_manipurifemale_00920.wav,Manipuri
train_manipurifemale_00921.wav,Manipuri
train_manipurifemale_00922.wav,Manipuri
train_manipurifemale_00923.wav,Manipuri
train_manipurifemale_00924.wav,Manipuri
train_manipurifemale_00925.wav,Manipuri
train_manipurifemale_00926.wav,Manipuri
train_manipurifemale_00927.wav,Manipuri
train_manipurifemale_00928.wav,Manipuri
train_manipurifemale_00929.wav,Manipuri
train_manipurifemale_00930.wav,Manipuri
train_manipurifemale_00931.wav,Manipuri
train_manipurifemale_00932.wav,Manipuri
train_manipurifemale_00933.wav,Manipuri
train_manipurifemale_00934.wav,Manipuri
train_manipurifemale_00935.wav,Manipuri
train_manipurifemale_00936.wav,Manipuri
train_manipurifemale_00937.wav,Manipuri
train_manipurifemale_00938.wav,Manipuri
train_manipurifemale_00939.wav,Manipuri
train_manipurifemale_00940.wav,Manipuri
train_manipurifemale_00941.wav,Manipuri
train_manipurifemale_00942.wav,Manipuri
train_manipurifemale_00943.wav,Manipuri
train_manipurifemale_00944.wav,Manipuri
train_manipurifemale_00945.wav,Manipuri
train_manipurifemale_00946.wav,Manipuri
train_manipurifemale_00947.wav,Manipuri
train_manipurifemale_00948.wav,Manipuri
train_manipurifemale_00949.wav,Manipuri
train_manipurifemale_00950.wav,Manipuri
train_manipurifemale_00951.wav,Manipuri
train_manipurifemale_00952.wav,Manipuri
train_manipurifemale_00953.wav,Manipuri
train_manipurifemale_00954.wav,Manipuri
train_manipurifemale_00955.wav,Manipuri
train_manipurifemale_00956.wav,Manipuri
train_manipurifemale_00957.wav,Manipuri
train_manipurifemale_00958.wav,Manipuri
train_manipurifemale_00959.wav,Manipuri
train_manipurifemale_00960.wav,Manipuri
train_manipurifemale_00961.wav,Manipuri
train_manipurifemale_00962.wav,Manipuri
train_manipurifemale_00963.wav,Manipuri
train_manipurifemale_00964.wav,Manipuri
train_manipurifemale_00965.wav,Manipuri
train_manipurifemale_00966.wav,Manipuri
train_manipurifemale_00967.wav,Manipuri
train_manipurifemale_00968.wav,Manipuri
train_manipurifemale_00969.wav,Manipuri
train_manipurifemale_00970.wav,Manipuri
train_manipurifemale_00971.wav,Manipuri
train_manipurifemale_00972.wav,Manipuri
train_manipurifemale_00973.wav,Manipuri
train_manipurifemale_00974.wav,Manipuri
train_manipurifemale_00975.wav,Manipuri
train_manipurifemale_00976.wav,Manipuri
train_manipurifemale_00977.wav,Manipuri
train_manipurifemale_00978.wav,Manipuri
train_manipurifemale_00979.wav,Manipuri
train_manipurifemale_00980.wav,Manipuri
train_manipurifemale_00981.wav,Manipuri
train_manipurifemale_00982.wav,Manipuri
train_manipurifemale_00983.wav,Manipuri
train_manipurifemale_00984.wav,Manipuri
train_manipurifemale_00985.wav,Manipuri
train_manipurifemale_00986.wav,Manipuri
train_manipurifemale_00987.wav,Manipuri
train_manipurifemale_00988.wav,Manipuri
train_manipurifemale_00989.wav,Manipuri
train_manipurifemale_00990.wav,Manipuri
train_manipurifemale_00991.wav,Manipuri
train_manipurifemale_00992.wav,Manipuri
train_manipurifemale_00993.wav,Manipuri
train_manipurifemale_00994.wav,Manipuri
train_manipurifemale_00995.wav,Manipuri
train_manipurifemale_00996.wav,Manipuri
train_manipurifemale_00997.wav,Manipuri
train_manipurifemale_00998.wav,Manipuri
train_manipurifemale_00999.wav,Manipuri
train_manipurifemale_01000.wav,Manipuri
train_manipurimale_00001.wav,Manipuri
train_manipurimale_00002.wav,Manipuri
train_manipurimale_00003.wav,Manipuri
train_manipurimale_00004.wav,Manipuri
train_manipurimale_00005.wav,Manipuri
train_manipurimale_00006.wav,Manipuri
train_manipurimale_00007.wav,Manipuri
train_manipurimale_00008.wav,Manipuri
train_manipurimale_00009.wav,Manipuri
train_manipurimale_00010.wav,Manipuri
train_manipurimale_00011.wav,Manipuri
train_manipurimale_00012.wav,Manipuri
train_manipurimale_00013.wav,Manipuri
train_manipurimale_00014.wav,Manipuri
train_manipurimale_00015.wav,Manipuri
train_manipurimale_00016.wav,Manipuri
train_manipurimale_00017.wav,Manipuri
train_manipurimale_00018.wav,Manipuri
train_manipurimale_00019.wav,Manipuri
train_manipurimale_00020.wav,Manipuri
train_manipurimale_00021.wav,Manipuri
train_manipurimale_00022.wav,Manipuri
train_manipurimale_00023.wav,Manipuri
train_manipurimale_00024.wav,Manipuri
train_manipurimale_00025.wav,Manipuri
train_manipurimale_00026.wav,Manipuri
train_manipurimale_00027.wav,Manipuri
train_manipurimale_00028.wav,Manipuri
train_manipurimale_00029.wav,Manipuri
train_manipurimale_00030.wav,Manipuri
train_manipurimale_00031.wav,Manipuri
train_manipurimale_00032.wav,Manipuri
train_manipurimale_00033.wav,Manipuri
train_manipurimale_00034.wav,Manipuri
train_manipurimale_00035.wav,Manipuri
train_manipurimale_00036.wav,Manipuri
train_manipurimale_00037.wav,Manipuri
train_manipurimale_00038.wav,Manipuri
train_manipurimale_00039.wav,Manipuri
train_manipurimale_00040.wav,Manipuri
train_manipurimale_00041.wav,Manipuri
train_manipurimale_00042.wav,Manipuri
train_manipurimale_00043.wav,Manipuri
train_manipurimale_00044.wav,Manipuri
train_manipurimale_00045.wav,Manipuri
train_manipurimale_00046.wav,Manipuri
train_manipurimale_00047.wav,Manipuri
train_manipurimale_00048.wav,Manipuri
train_manipurimale_00049.wav,Manipuri
train_manipurimale_00050.wav,Manipuri
train_manipurimale_00051.wav,Manipuri
train_manipurimale_00052.wav,Manipuri
train_manipurimale_00053.wav,Manipuri
train_manipurimale_00054.wav,Manipuri
train_manipurimale_00055.wav,Manipuri
train_manipurimale_00056.wav,Manipuri
train_manipurimale_00057.wav,Manipuri
train_manipurimale_00058.wav,Manipuri
train_manipurimale_00059.wav,Manipuri
train_manipurimale_00060.wav,Manipuri
train_manipurimale_00061.wav,Manipuri
train_manipurimale_00062.wav,Manipuri
train_manipurimale_00063.wav,Manipuri
train_manipurimale_00064.wav,Manipuri
train_manipurimale_00065.wav,Manipuri
train_manipurimale_00066.wav,Manipuri
train_manipurimale_00067.wav,Manipuri
train_manipurimale_00068.wav,Manipuri
train_manipurimale_00069.wav,Manipuri
train_manipurimale_00070.wav,Manipuri
train_manipurimale_00071.wav,Manipuri
train_manipurimale_00072.wav,Manipuri
train_manipurimale_00073.wav,Manipuri
train_manipurimale_00074.wav,Manipuri
train_manipurimale_00075.wav,Manipuri
train_manipurimale_00076.wav,Manipuri
train_manipurimale_00077.wav,Manipuri
train_manipurimale_00078.wav,Manipuri
train_manipurimale_00079.wav,Manipuri
train_manipurimale_00080.wav,Manipuri
train_manipurimale_00081.wav,Manipuri
train_manipurimale_00082.wav,Manipuri
train_manipurimale_00083.wav,Manipuri
train_manipurimale_00084.wav,Manipuri
train_manipurimale_00085.wav,Manipuri
train_manipurimale_00086.wav,Manipuri
train_manipurimale_00087.wav,Manipuri
train_manipurimale_00088.wav,Manipuri
train_manipurimale_00089.wav,Manipuri
train_manipurimale_00090.wav,Manipuri
train_manipurimale_00091.wav,Manipuri
train_manipurimale_00092.wav,Manipuri
train_manipurimale_00093.wav,Manipuri
train_manipurimale_00094.wav,Manipuri
train_manipurimale_00095.wav,Manipuri
train_manipurimale_00096.wav,Manipuri
train_manipurimale_00097.wav,Manipuri
train_manipurimale_00098.wav,Manipuri
train_manipurimale_00099.wav,Manipuri
train_manipurimale_00100.wav,Manipuri
train_manipurimale_00101.wav,Manipuri
train_manipurimale_00102.wav,Manipuri
train_manipurimale_00103.wav,Manipuri
train_manipurimale_00104.wav,Manipuri
train_manipurimale_00105.wav,Manipuri
train_manipurimale_00106.wav,Manipuri
train_manipurimale_00107.wav,Manipuri
train_manipurimale_00108.wav,Manipuri
train_manipurimale_00109.wav,Manipuri
train_manipurimale_00110.wav,Manipuri
train_manipurimale_00111.wav,Manipuri
train_manipurimale_00112.wav,Manipuri
train_manipurimale_00113.wav,Manipuri
train_manipurimale_00114.wav,Manipuri
train_manipurimale_00115.wav,Manipuri
train_manipurimale_00116.wav,Manipuri
train_manipurimale_00117.wav,Manipuri
train_manipurimale_00118.wav,Manipuri
train_manipurimale_00119.wav,Manipuri
train_manipurimale_00120.wav,Manipuri
train_manipurimale_00121.wav,Manipuri
train_manipurimale_00122.wav,Manipuri
train_manipurimale_00123.wav,Manipuri
train_manipurimale_00124.wav,Manipuri
train_manipurimale_00125.wav,Manipuri
train_manipurimale_00126.wav,Manipuri
train_manipurimale_00127.wav,Manipuri
train_manipurimale_00128.wav,Manipuri
train_manipurimale_00129.wav,Manipuri
train_manipurimale_00130.wav,Manipuri
train_manipurimale_00131.wav,Manipuri
train_manipurimale_00132.wav,Manipuri
train_manipurimale_00133.wav,Manipuri
train_manipurimale_00134.wav,Manipuri
train_manipurimale_00135.wav,Manipuri
train_manipurimale_00136.wav,Manipuri
train_manipurimale_00137.wav,Manipuri
train_manipurimale_00138.wav,Manipuri
train_manipurimale_00139.wav,Manipuri
train_manipurimale_00140.wav,Manipuri
train_manipurimale_00141.wav,Manipuri
train_manipurimale_00142.wav,Manipuri
train_manipurimale_00143.wav,Manipuri
train_manipurimale_00144.wav,Manipuri
train_manipurimale_00145.wav,Manipuri
train_manipurimale_00146.wav,Manipuri
train_manipurimale_00147.wav,Manipuri
train_manipurimale_00148.wav,Manipuri
train_manipurimale_00149.wav,Manipuri
train_manipurimale_00150.wav,Manipuri
train_manipurimale_00151.wav,Manipuri
train_manipurimale_00152.wav,Manipuri
train_manipurimale_00153.wav,Manipuri
train_manipurimale_00154.wav,Manipuri
train_manipurimale_00155.wav,Manipuri
train_manipurimale_00156.wav,Manipuri
train_manipurimale_00157.wav,Manipuri
train_manipurimale_00158.wav,Manipuri
train_manipurimale_00159.wav,Manipuri
train_manipurimale_00160.wav,Manipuri
train_manipurimale_00161.wav,Manipuri
train_manipurimale_00162.wav,Manipuri
train_manipurimale_00163.wav,Manipuri
train_manipurimale_00164.wav,Manipuri
train_manipurimale_00165.wav,Manipuri
train_manipurimale_00166.wav,Manipuri
train_manipurimale_00167.wav,Manipuri
train_manipurimale_00168.wav,Manipuri
train_manipurimale_00169.wav,Manipuri
train_manipurimale_00170.wav,Manipuri
train_manipurimale_00171.wav,Manipuri
train_manipurimale_00172.wav,Manipuri
train_manipurimale_00173.wav,Manipuri
train_manipurimale_00174.wav,Manipuri
train_manipurimale_00175.wav,Manipuri
train_manipurimale_00176.wav,Manipuri
train_manipurimale_00177.wav,Manipuri
train_manipurimale_00178.wav,Manipuri
train_manipurimale_00179.wav,Manipuri
train_manipurimale_00180.wav,Manipuri
train_manipurimale_00181.wav,Manipuri
train_manipurimale_00182.wav,Manipuri
train_manipurimale_00183.wav,Manipuri
train_manipurimale_00184.wav,Manipuri
train_manipurimale_00185.wav,Manipuri
train_manipurimale_00186.wav,Manipuri
train_manipurimale_00187.wav,Manipuri
train_manipurimale_00188.wav,Manipuri
train_manipurimale_00189.wav,Manipuri
train_manipurimale_00190.wav,Manipuri
train_manipurimale_00191.wav,Manipuri
train_manipurimale_00192.wav,Manipuri
train_manipurimale_00193.wav,Manipuri
train_manipurimale_00194.wav,Manipuri
train_manipurimale_00195.wav,Manipuri
train_manipurimale_00196.wav,Manipuri
train_manipurimale_00197.wav,Manipuri
train_manipurimale_00198.wav,Manipuri
train_manipurimale_00199.wav,Manipuri
train_manipurimale_00200.wav,Manipuri
train_manipurimale_00201.wav,Manipuri
train_manipurimale_00202.wav,Manipuri
train_manipurimale_00203.wav,Manipuri
train_manipurimale_00204.wav,Manipuri
train_manipurimale_00205.wav,Manipuri
train_manipurimale_00206.wav,Manipuri
train_manipurimale_00207.wav,Manipuri
train_manipurimale_00208.wav,Manipuri
train_manipurimale_00209.wav,Manipuri
train_manipurimale_00210.wav,Manipuri
train_manipurimale_00211.wav,Manipuri
train_manipurimale_00212.wav,Manipuri
train_manipurimale_00213.wav,Manipuri
train_manipurimale_00214.wav,Manipuri
train_manipurimale_00215.wav,Manipuri
train_manipurimale_00216.wav,Manipuri
train_manipurimale_00217.wav,Manipuri
train_manipurimale_00218.wav,Manipuri
train_manipurimale_00219.wav,Manipuri
train_manipurimale_00220.wav,Manipuri
train_manipurimale_00221.wav,Manipuri
train_manipurimale_00222.wav,Manipuri
train_manipurimale_00223.wav,Manipuri
train_manipurimale_00224.wav,Manipuri
train_manipurimale_00225.wav,Manipuri
train_manipurimale_00226.wav,Manipuri
train_manipurimale_00227.wav,Manipuri
train_manipurimale_00228.wav,Manipuri
train_manipurimale_00229.wav,Manipuri
train_manipurimale_00230.wav,Manipuri
train_manipurimale_00231.wav,Manipuri
train_manipurimale_00232.wav,Manipuri
train_manipurimale_00233.wav,Manipuri
train_manipurimale_00234.wav,Manipuri
train_manipurimale_00235.wav,Manipuri
train_manipurimale_00236.wav,Manipuri
train_manipurimale_00237.wav,Manipuri
train_manipurimale_00238.wav,Manipuri
train_manipurimale_00239.wav,Manipuri
train_manipurimale_00240.wav,Manipuri
train_manipurimale_00241.wav,Manipuri
train_manipurimale_00242.wav,Manipuri
train_manipurimale_00243.wav,Manipuri
train_manipurimale_00244.wav,Manipuri
train_manipurimale_00245.wav,Manipuri
train_manipurimale_00246.wav,Manipuri
train_manipurimale_00247.wav,Manipuri
train_manipurimale_00248.wav,Manipuri
train_manipurimale_00249.wav,Manipuri
train_manipurimale_00250.wav,Manipuri
train_manipurimale_00251.wav,Manipuri
train_manipurimale_00252.wav,Manipuri
train_manipurimale_00253.wav,Manipuri
train_manipurimale_00254.wav,Manipuri
train_manipurimale_00255.wav,Manipuri
train_manipurimale_00256.wav,Manipuri
train_manipurimale_00257.wav,Manipuri
train_manipurimale_00258.wav,Manipuri
train_manipurimale_00259.wav,Manipuri
train_manipurimale_00260.wav,Manipuri
train_manipurimale_00261.wav,Manipuri
train_manipurimale_00262.wav,Manipuri
train_manipurimale_00263.wav,Manipuri
train_manipurimale_00264.wav,Manipuri
train_manipurimale_00265.wav,Manipuri
train_manipurimale_00266.wav,Manipuri
train_manipurimale_00267.wav,Manipuri
train_manipurimale_00268.wav,Manipuri
train_manipurimale_00269.wav,Manipuri
train_manipurimale_00270.wav,Manipuri
train_manipurimale_00271.wav,Manipuri
train_manipurimale_00272.wav,Manipuri
train_manipurimale_00273.wav,Manipuri
train_manipurimale_00274.wav,Manipuri
train_manipurimale_00275.wav,Manipuri
train_manipurimale_00276.wav,Manipuri
train_manipurimale_00277.wav,Manipuri
train_manipurimale_00278.wav,Manipuri
train_manipurimale_00279.wav,Manipuri
train_manipurimale_00280.wav,Manipuri
train_manipurimale_00281.wav,Manipuri
train_manipurimale_00282.wav,Manipuri
train_manipurimale_00283.wav,Manipuri
train_manipurimale_00284.wav,Manipuri
train_manipurimale_00285.wav,Manipuri
train_manipurimale_00286.wav,Manipuri
train_manipurimale_00287.wav,Manipuri
train_manipurimale_00288.wav,Manipuri
train_manipurimale_00289.wav,Manipuri
train_manipurimale_00290.wav,Manipuri
train_manipurimale_00291.wav,Manipuri
train_manipurimale_00292.wav,Manipuri
train_manipurimale_00293.wav,Manipuri
train_manipurimale_00294.wav,Manipuri
train_manipurimale_00295.wav,Manipuri
train_manipurimale_00296.wav,Manipuri
train_manipurimale_00297.wav,Manipuri
train_manipurimale_00298.wav,Manipuri
train_manipurimale_00299.wav,Manipuri
train_manipurimale_00300.wav,Manipuri
train_manipurimale_00301.wav,Manipuri
train_manipurimale_00302.wav,Manipuri
train_manipurimale_00303.wav,Manipuri
train_manipurimale_00304.wav,Manipuri
train_manipurimale_00305.wav,Manipuri
train_manipurimale_00306.wav,Manipuri
train_manipurimale_00307.wav,Manipuri
train_manipurimale_00308.wav,Manipuri
train_manipurimale_00309.wav,Manipuri
train_manipurimale_00310.wav,Manipuri
train_manipurimale_00311.wav,Manipuri
train_manipurimale_00312.wav,Manipuri
train_manipurimale_00313.wav,Manipuri
train_manipurimale_00314.wav,Manipuri
train_manipurimale_00315.wav,Manipuri
train_manipurimale_00316.wav,Manipuri
train_manipurimale_00317.wav,Manipuri
train_manipurimale_00318.wav,Manipuri
train_manipurimale_00319.wav,Manipuri
train_manipurimale_00320.wav,Manipuri
train_manipurimale_00321.wav,Manipuri
train_manipurimale_00322.wav,Manipuri
train_manipurimale_00323.wav,Manipuri
train_manipurimale_00324.wav,Manipuri
train_manipurimale_00325.wav,Manipuri
train_manipurimale_00326.wav,Manipuri
train_manipurimale_00327.wav,Manipuri
train_manipurimale_00328.wav,Manipuri
train_manipurimale_00329.wav,Manipuri
train_manipurimale_00330.wav,Manipuri
train_manipurimale_00331.wav,Manipuri
train_manipurimale_00332.wav,Manipuri
train_manipurimale_00333.wav,Manipuri
train_manipurimale_00334.wav,Manipuri
train_manipurimale_00335.wav,Manipuri
train_manipurimale_00336.wav,Manipuri
train_manipurimale_00337.wav,Manipuri
train_manipurimale_00338.wav,Manipuri
train_manipurimale_00339.wav,Manipuri
train_manipurimale_00340.wav,Manipuri
train_manipurimale_00341.wav,Manipuri
train_manipurimale_00342.wav,Manipuri
train_manipurimale_00343.wav,Manipuri
train_manipurimale_00344.wav,Manipuri
train_manipurimale_00345.wav,Manipuri
train_manipurimale_00346.wav,Manipuri
train_manipurimale_00347.wav,Manipuri
train_manipurimale_00348.wav,Manipuri
train_manipurimale_00349.wav,Manipuri
train_manipurimale_00350.wav,Manipuri
train_manipurimale_00351.wav,Manipuri
train_manipurimale_00352.wav,Manipuri
train_manipurimale_00353.wav,Manipuri
train_manipurimale_00354.wav,Manipuri
train_manipurimale_00355.wav,Manipuri
train_manipurimale_00356.wav,Manipuri
train_manipurimale_00357.wav,Manipuri
train_manipurimale_00358.wav,Manipuri
train_manipurimale_00359.wav,Manipuri
train_manipurimale_00360.wav,Manipuri
train_manipurimale_00361.wav,Manipuri
train_manipurimale_00362.wav,Manipuri
train_manipurimale_00363.wav,Manipuri
train_manipurimale_00364.wav,Manipuri
train_manipurimale_00365.wav,Manipuri
train_manipurimale_00366.wav,Manipuri
train_manipurimale_00367.wav,Manipuri
train_manipurimale_00368.wav,Manipuri
train_manipurimale_00369.wav,Manipuri
train_manipurimale_00370.wav,Manipuri
train_manipurimale_00371.wav,Manipuri
train_manipurimale_00372.wav,Manipuri
train_manipurimale_00373.wav,Manipuri
train_manipurimale_00374.wav,Manipuri
train_manipurimale_00375.wav,Manipuri
train_manipurimale_00376.wav,Manipuri
train_manipurimale_00377.wav,Manipuri
train_manipurimale_00378.wav,Manipuri
train_manipurimale_00379.wav,Manipuri
train_manipurimale_00380.wav,Manipuri
train_manipurimale_00381.wav,Manipuri
train_manipurimale_00382.wav,Manipuri
train_manipurimale_00383.wav,Manipuri
train_manipurimale_00384.wav,Manipuri
train_manipurimale_00385.wav,Manipuri
train_manipurimale_00386.wav,Manipuri
train_manipurimale_00387.wav,Manipuri
train_manipurimale_00388.wav,Manipuri
train_manipurimale_00389.wav,Manipuri
train_manipurimale_00390.wav,Manipuri
train_manipurimale_00391.wav,Manipuri
train_manipurimale_00392.wav,Manipuri
train_manipurimale_00393.wav,Manipuri
train_manipurimale_00394.wav,Manipuri
train_manipurimale_00395.wav,Manipuri
train_manipurimale_00396.wav,Manipuri
train_manipurimale_00397.wav,Manipuri
train_manipurimale_00398.wav,Manipuri
train_manipurimale_00399.wav,Manipuri
train_manipurimale_00400.wav,Manipuri
train_manipurimale_00401.wav,Manipuri
train_manipurimale_00402.wav,Manipuri
train_manipurimale_00403.wav,Manipuri
train_manipurimale_00404.wav,Manipuri
train_manipurimale_00405.wav,Manipuri
train_manipurimale_00406.wav,Manipuri
train_manipurimale_00407.wav,Manipuri
train_manipurimale_00408.wav,Manipuri
train_manipurimale_00409.wav,Manipuri
train_manipurimale_00410.wav,Manipuri
train_manipurimale_00411.wav,Manipuri
train_manipurimale_00412.wav,Manipuri
train_manipurimale_00413.wav,Manipuri
train_manipurimale_00414.wav,Manipuri
train_manipurimale_00415.wav,Manipuri
train_manipurimale_00416.wav,Manipuri
train_manipurimale_00417.wav,Manipuri
train_manipurimale_00418.wav,Manipuri
train_manipurimale_00419.wav,Manipuri
train_manipurimale_00420.wav,Manipuri
train_manipurimale_00421.wav,Manipuri
train_manipurimale_00422.wav,Manipuri
train_manipurimale_00423.wav,Manipuri
train_manipurimale_00424.wav,Manipuri
train_manipurimale_00425.wav,Manipuri
train_manipurimale_00426.wav,Manipuri
train_manipurimale_00427.wav,Manipuri
train_manipurimale_00428.wav,Manipuri
train_manipurimale_00429.wav,Manipuri
train_manipurimale_00430.wav,Manipuri
train_manipurimale_00431.wav,Manipuri
train_manipurimale_00432.wav,Manipuri
train_manipurimale_00433.wav,Manipuri
train_manipurimale_00434.wav,Manipuri
train_manipurimale_00435.wav,Manipuri
train_manipurimale_00436.wav,Manipuri
train_manipurimale_00437.wav,Manipuri
train_manipurimale_00438.wav,Manipuri
train_manipurimale_00439.wav,Manipuri
train_manipurimale_00440.wav,Manipuri
train_manipurimale_00441.wav,Manipuri
train_manipurimale_00442.wav,Manipuri
train_manipurimale_00443.wav,Manipuri
train_manipurimale_00444.wav,Manipuri
train_manipurimale_00445.wav,Manipuri
train_manipurimale_00446.wav,Manipuri
train_manipurimale_00447.wav,Manipuri
train_manipurimale_00448.wav,Manipuri
train_manipurimale_00449.wav,Manipuri
train_manipurimale_00450.wav,Manipuri
train_manipurimale_00451.wav,Manipuri
train_manipurimale_00452.wav,Manipuri
train_manipurimale_00453.wav,Manipuri
train_manipurimale_00454.wav,Manipuri
train_manipurimale_00455.wav,Manipuri
train_manipurimale_00456.wav,Manipuri
train_manipurimale_00457.wav,Manipuri
train_manipurimale_00458.wav,Manipuri
train_manipurimale_00459.wav,Manipuri
train_manipurimale_00460.wav,Manipuri
train_manipurimale_00461.wav,Manipuri
train_manipurimale_00462.wav,Manipuri
train_manipurimale_00463.wav,Manipuri
train_manipurimale_00464.wav,Manipuri
train_manipurimale_00465.wav,Manipuri
train_manipurimale_00466.wav,Manipuri
train_manipurimale_00467.wav,Manipuri
train_manipurimale_00468.wav,Manipuri
train_manipurimale_00469.wav,Manipuri
train_manipurimale_00470.wav,Manipuri
train_manipurimale_00471.wav,Manipuri
train_manipurimale_00472.wav,Manipuri
train_manipurimale_00473.wav,Manipuri
train_manipurimale_00474.wav,Manipuri
train_manipurimale_00475.wav,Manipuri
train_manipurimale_00476.wav,Manipuri
train_manipurimale_00477.wav,Manipuri
train_manipurimale_00478.wav,Manipuri
train_manipurimale_00479.wav,Manipuri
train_manipurimale_00480.wav,Manipuri
train_manipurimale_00481.wav,Manipuri
train_manipurimale_00482.wav,Manipuri
train_manipurimale_00483.wav,Manipuri
train_manipurimale_00484.wav,Manipuri
train_manipurimale_00485.wav,Manipuri
train_manipurimale_00486.wav,Manipuri
train_manipurimale_00487.wav,Manipuri
train_manipurimale_00488.wav,Manipuri
train_manipurimale_00489.wav,Manipuri
train_manipurimale_00490.wav,Manipuri
train_manipurimale_00491.wav,Manipuri
train_manipurimale_00492.wav,Manipuri
train_manipurimale_00493.wav,Manipuri
train_manipurimale_00494.wav,Manipuri
train_manipurimale_00495.wav,Manipuri
train_manipurimale_00496.wav,Manipuri
train_manipurimale_00497.wav,Manipuri
train_manipurimale_00498.wav,Manipuri
train_manipurimale_00499.wav,Manipuri
train_manipurimale_00500.wav,Manipuri
train_manipurimale_00501.wav,Manipuri
train_manipurimale_00502.wav,Manipuri
train_manipurimale_00503.wav,Manipuri
train_manipurimale_00504.wav,Manipuri
train_manipurimale_00505.wav,Manipuri
train_manipurimale_00506.wav,Manipuri
train_manipurimale_00507.wav,Manipuri
train_manipurimale_00508.wav,Manipuri
train_manipurimale_00509.wav,Manipuri
train_manipurimale_00510.wav,Manipuri
train_manipurimale_00511.wav,Manipuri
train_manipurimale_00512.wav,Manipuri
train_manipurimale_00513.wav,Manipuri
train_manipurimale_00514.wav,Manipuri
train_manipurimale_00515.wav,Manipuri
train_manipurimale_00516.wav,Manipuri
train_manipurimale_00517.wav,Manipuri
train_manipurimale_00518.wav,Manipuri
train_manipurimale_00519.wav,Manipuri
train_manipurimale_00520.wav,Manipuri
train_manipurimale_00521.wav,Manipuri
train_manipurimale_00522.wav,Manipuri
train_manipurimale_00523.wav,Manipuri
train_manipurimale_00524.wav,Manipuri
train_manipurimale_00525.wav,Manipuri
train_manipurimale_00526.wav,Manipuri
train_manipurimale_00527.wav,Manipuri
train_manipurimale_00528.wav,Manipuri
train_manipurimale_00529.wav,Manipuri
train_manipurimale_00530.wav,Manipuri
train_manipurimale_00531.wav,Manipuri
train_manipurimale_00532.wav,Manipuri
train_manipurimale_00533.wav,Manipuri
train_manipurimale_00534.wav,Manipuri
train_manipurimale_00535.wav,Manipuri
train_manipurimale_00536.wav,Manipuri
train_manipurimale_00537.wav,Manipuri
train_manipurimale_00538.wav,Manipuri
train_manipurimale_00539.wav,Manipuri
train_manipurimale_00540.wav,Manipuri
train_manipurimale_00541.wav,Manipuri
train_manipurimale_00542.wav,Manipuri
train_manipurimale_00543.wav,Manipuri
train_manipurimale_00544.wav,Manipuri
train_manipurimale_00545.wav,Manipuri
train_manipurimale_00546.wav,Manipuri
train_manipurimale_00547.wav,Manipuri
train_manipurimale_00548.wav,Manipuri
train_manipurimale_00549.wav,Manipuri
train_manipurimale_00550.wav,Manipuri
train_manipurimale_00551.wav,Manipuri
train_manipurimale_00552.wav,Manipuri
train_manipurimale_00553.wav,Manipuri
train_manipurimale_00554.wav,Manipuri
train_manipurimale_00555.wav,Manipuri
train_manipurimale_00556.wav,Manipuri
train_manipurimale_00557.wav,Manipuri
train_manipurimale_00558.wav,Manipuri
train_manipurimale_00559.wav,Manipuri
train_manipurimale_00560.wav,Manipuri
train_manipurimale_00561.wav,Manipuri
train_manipurimale_00562.wav,Manipuri
train_manipurimale_00563.wav,Manipuri
train_manipurimale_00564.wav,Manipuri
train_manipurimale_00565.wav,Manipuri
train_manipurimale_00566.wav,Manipuri
train_manipurimale_00567.wav,Manipuri
train_manipurimale_00568.wav,Manipuri
train_manipurimale_00569.wav,Manipuri
train_manipurimale_00570.wav,Manipuri
train_manipurimale_00571.wav,Manipuri
train_manipurimale_00572.wav,Manipuri
train_manipurimale_00573.wav,Manipuri
train_manipurimale_00574.wav,Manipuri
train_manipurimale_00575.wav,Manipuri
train_manipurimale_00576.wav,Manipuri
train_manipurimale_00577.wav,Manipuri
train_manipurimale_00578.wav,Manipuri
train_manipurimale_00579.wav,Manipuri
train_manipurimale_00580.wav,Manipuri
train_manipurimale_00581.wav,Manipuri
train_manipurimale_00582.wav,Manipuri
train_manipurimale_00583.wav,Manipuri
train_manipurimale_00584.wav,Manipuri
train_manipurimale_00585.wav,Manipuri
train_manipurimale_00586.wav,Manipuri
train_manipurimale_00587.wav,Manipuri
train_manipurimale_00588.wav,Manipuri
train_manipurimale_00589.wav,Manipuri
train_manipurimale_00590.wav,Manipuri
train_manipurimale_00591.wav,Manipuri
train_manipurimale_00592.wav,Manipuri
train_manipurimale_00593.wav,Manipuri
train_manipurimale_00594.wav,Manipuri
train_manipurimale_00595.wav,Manipuri
train_manipurimale_00596.wav,Manipuri
train_manipurimale_00597.wav,Manipuri
train_manipurimale_00598.wav,Manipuri
train_manipurimale_00599.wav,Manipuri
train_manipurimale_00600.wav,Manipuri
train_manipurimale_00601.wav,Manipuri
train_manipurimale_00602.wav,Manipuri
train_manipurimale_00603.wav,Manipuri
train_manipurimale_00604.wav,Manipuri
train_manipurimale_00605.wav,Manipuri
train_manipurimale_00606.wav,Manipuri
train_manipurimale_00607.wav,Manipuri
train_manipurimale_00608.wav,Manipuri
train_manipurimale_00609.wav,Manipuri
train_manipurimale_00610.wav,Manipuri
train_manipurimale_00611.wav,Manipuri
train_manipurimale_00612.wav,Manipuri
train_manipurimale_00613.wav,Manipuri
train_manipurimale_00614.wav,Manipuri
train_manipurimale_00615.wav,Manipuri
train_manipurimale_00616.wav,Manipuri
train_manipurimale_00617.wav,Manipuri
train_manipurimale_00618.wav,Manipuri
train_manipurimale_00619.wav,Manipuri
train_manipurimale_00620.wav,Manipuri
train_manipurimale_00621.wav,Manipuri
train_manipurimale_00622.wav,Manipuri
train_manipurimale_00623.wav,Manipuri
train_manipurimale_00624.wav,Manipuri
train_manipurimale_00625.wav,Manipuri
train_manipurimale_00626.wav,Manipuri
train_manipurimale_00627.wav,Manipuri
train_manipurimale_00628.wav,Manipuri
train_manipurimale_00629.wav,Manipuri
train_manipurimale_00630.wav,Manipuri
train_manipurimale_00631.wav,Manipuri
train_manipurimale_00632.wav,Manipuri
train_manipurimale_00633.wav,Manipuri
train_manipurimale_00634.wav,Manipuri
train_manipurimale_00635.wav,Manipuri
train_manipurimale_00636.wav,Manipuri
train_manipurimale_00637.wav,Manipuri
train_manipurimale_00638.wav,Manipuri
train_manipurimale_00639.wav,Manipuri
train_manipurimale_00640.wav,Manipuri
train_manipurimale_00641.wav,Manipuri
train_manipurimale_00642.wav,Manipuri
train_manipurimale_00643.wav,Manipuri
train_manipurimale_00644.wav,Manipuri
train_manipurimale_00645.wav,Manipuri
train_manipurimale_00646.wav,Manipuri
train_manipurimale_00647.wav,Manipuri
train_manipurimale_00648.wav,Manipuri
train_manipurimale_00649.wav,Manipuri
train_manipurimale_00650.wav,Manipuri
train_manipurimale_00651.wav,Manipuri
train_manipurimale_00652.wav,Manipuri
train_manipurimale_00653.wav,Manipuri
train_manipurimale_00654.wav,Manipuri
train_manipurimale_00655.wav,Manipuri
train_manipurimale_00656.wav,Manipuri
train_manipurimale_00657.wav,Manipuri
train_manipurimale_00658.wav,Manipuri
train_manipurimale_00659.wav,Manipuri
train_manipurimale_00660.wav,Manipuri
train_manipurimale_00661.wav,Manipuri
train_manipurimale_00662.wav,Manipuri
train_manipurimale_00663.wav,Manipuri
train_manipurimale_00664.wav,Manipuri
train_manipurimale_00665.wav,Manipuri
train_manipurimale_00666.wav,Manipuri
train_manipurimale_00667.wav,Manipuri
train_manipurimale_00668.wav,Manipuri
train_manipurimale_00669.wav,Manipuri
train_manipurimale_00670.wav,Manipuri
train_manipurimale_00671.wav,Manipuri
train_manipurimale_00672.wav,Manipuri
train_manipurimale_00673.wav,Manipuri
train_manipurimale_00674.wav,Manipuri
train_manipurimale_00675.wav,Manipuri
train_manipurimale_00676.wav,Manipuri
train_manipurimale_00677.wav,Manipuri
train_manipurimale_00678.wav,Manipuri
train_manipurimale_00679.wav,Manipuri
train_manipurimale_00680.wav,Manipuri
train_manipurimale_00681.wav,Manipuri
train_manipurimale_00682.wav,Manipuri
train_manipurimale_00683.wav,Manipuri
train_manipurimale_00684.wav,Manipuri
train_manipurimale_00685.wav,Manipuri
train_manipurimale_00686.wav,Manipuri
train_manipurimale_00687.wav,Manipuri
train_manipurimale_00688.wav,Manipuri
train_manipurimale_00689.wav,Manipuri
train_manipurimale_00690.wav,Manipuri
train_manipurimale_00691.wav,Manipuri
train_manipurimale_00692.wav,Manipuri
train_manipurimale_00693.wav,Manipuri
train_manipurimale_00694.wav,Manipuri
train_manipurimale_00695.wav,Manipuri
train_manipurimale_00696.wav,Manipuri
train_manipurimale_00697.wav,Manipuri
train_manipurimale_00698.wav,Manipuri
train_manipurimale_00699.wav,Manipuri
train_manipurimale_00700.wav,Manipuri
train_manipurimale_00701.wav,Manipuri
train_manipurimale_00702.wav,Manipuri
train_manipurimale_00703.wav,Manipuri
train_manipurimale_00704.wav,Manipuri
train_manipurimale_00705.wav,Manipuri
train_manipurimale_00706.wav,Manipuri
train_manipurimale_00707.wav,Manipuri
train_manipurimale_00708.wav,Manipuri
train_manipurimale_00709.wav,Manipuri
train_manipurimale_00710.wav,Manipuri
train_manipurimale_00711.wav,Manipuri
train_manipurimale_00712.wav,Manipuri
train_manipurimale_00713.wav,Manipuri
train_manipurimale_00714.wav,Manipuri
train_manipurimale_00715.wav,Manipuri
train_manipurimale_00716.wav,Manipuri
train_manipurimale_00717.wav,Manipuri
train_manipurimale_00718.wav,Manipuri
train_manipurimale_00719.wav,Manipuri
train_manipurimale_00720.wav,Manipuri
train_manipurimale_00721.wav,Manipuri
train_manipurimale_00722.wav,Manipuri
train_manipurimale_00723.wav,Manipuri
train_manipurimale_00724.wav,Manipuri
train_manipurimale_00725.wav,Manipuri
train_manipurimale_00726.wav,Manipuri
train_manipurimale_00727.wav,Manipuri
train_manipurimale_00728.wav,Manipuri
train_manipurimale_00729.wav,Manipuri
train_manipurimale_00730.wav,Manipuri
train_manipurimale_00731.wav,Manipuri
train_manipurimale_00732.wav,Manipuri
train_manipurimale_00733.wav,Manipuri
train_manipurimale_00734.wav,Manipuri
train_manipurimale_00735.wav,Manipuri
train_manipurimale_00736.wav,Manipuri
train_manipurimale_00737.wav,Manipuri
train_manipurimale_00738.wav,Manipuri
train_manipurimale_00739.wav,Manipuri
train_manipurimale_00740.wav,Manipuri
train_manipurimale_00741.wav,Manipuri
train_manipurimale_00742.wav,Manipuri
train_manipurimale_00743.wav,Manipuri
train_manipurimale_00744.wav,Manipuri
train_manipurimale_00745.wav,Manipuri
train_manipurimale_00746.wav,Manipuri
train_manipurimale_00747.wav,Manipuri
train_manipurimale_00748.wav,Manipuri
train_manipurimale_00749.wav,Manipuri
train_manipurimale_00750.wav,Manipuri
train_manipurimale_00751.wav,Manipuri
train_manipurimale_00752.wav,Manipuri
train_manipurimale_00753.wav,Manipuri
train_manipurimale_00754.wav,Manipuri
train_manipurimale_00755.wav,Manipuri
train_manipurimale_00756.wav,Manipuri
train_manipurimale_00757.wav,Manipuri
train_manipurimale_00758.wav,Manipuri
train_manipurimale_00759.wav,Manipuri
train_manipurimale_00760.wav,Manipuri
train_manipurimale_00761.wav,Manipuri
train_manipurimale_00762.wav,Manipuri
train_manipurimale_00763.wav,Manipuri
train_manipurimale_00764.wav,Manipuri
train_manipurimale_00765.wav,Manipuri
train_manipurimale_00766.wav,Manipuri
train_manipurimale_00767.wav,Manipuri
train_manipurimale_00768.wav,Manipuri
train_manipurimale_00769.wav,Manipuri
train_manipurimale_00770.wav,Manipuri
train_manipurimale_00771.wav,Manipuri
train_manipurimale_00772.wav,Manipuri
train_manipurimale_00773.wav,Manipuri
train_manipurimale_00774.wav,Manipuri
train_manipurimale_00775.wav,Manipuri
train_manipurimale_00776.wav,Manipuri
train_manipurimale_00777.wav,Manipuri
train_manipurimale_00778.wav,Manipuri
train_manipurimale_00779.wav,Manipuri
train_manipurimale_00780.wav,Manipuri
train_manipurimale_00781.wav,Manipuri
train_manipurimale_00782.wav,Manipuri
train_manipurimale_00783.wav,Manipuri
train_manipurimale_00784.wav,Manipuri
train_manipurimale_00785.wav,Manipuri
train_manipurimale_00786.wav,Manipuri
train_manipurimale_00787.wav,Manipuri
train_manipurimale_00788.wav,Manipuri
train_manipurimale_00789.wav,Manipuri
train_manipurimale_00790.wav,Manipuri
train_manipurimale_00791.wav,Manipuri
train_manipurimale_00792.wav,Manipuri
train_manipurimale_00793.wav,Manipuri
train_manipurimale_00794.wav,Manipuri
train_manipurimale_00795.wav,Manipuri
train_manipurimale_00796.wav,Manipuri
train_manipurimale_00797.wav,Manipuri
train_manipurimale_00798.wav,Manipuri
train_manipurimale_00799.wav,Manipuri
train_manipurimale_00800.wav,Manipuri
train_manipurimale_00801.wav,Manipuri
train_manipurimale_00802.wav,Manipuri
train_manipurimale_00803.wav,Manipuri
train_manipurimale_00804.wav,Manipuri
train_manipurimale_00805.wav,Manipuri
train_manipurimale_00806.wav,Manipuri
train_manipurimale_00807.wav,Manipuri
train_manipurimale_00808.wav,Manipuri
train_manipurimale_00809.wav,Manipuri
train_manipurimale_00810.wav,Manipuri
train_manipurimale_00811.wav,Manipuri
train_manipurimale_00812.wav,Manipuri
train_manipurimale_00813.wav,Manipuri
train_manipurimale_00814.wav,Manipuri
train_manipurimale_00815.wav,Manipuri
train_manipurimale_00816.wav,Manipuri
train_manipurimale_00817.wav,Manipuri
train_manipurimale_00818.wav,Manipuri
train_manipurimale_00819.wav,Manipuri
train_manipurimale_00820.wav,Manipuri
train_manipurimale_00821.wav,Manipuri
train_manipurimale_00822.wav,Manipuri
train_manipurimale_00823.wav,Manipuri
train_manipurimale_00824.wav,Manipuri
train_manipurimale_00825.wav,Manipuri
train_manipurimale_00826.wav,Manipuri
train_manipurimale_00827.wav,Manipuri
train_manipurimale_00828.wav,Manipuri
train_manipurimale_00829.wav,Manipuri
train_manipurimale_00830.wav,Manipuri
train_manipurimale_00831.wav,Manipuri
train_manipurimale_00832.wav,Manipuri
train_manipurimale_00833.wav,Manipuri
train_manipurimale_00834.wav,Manipuri
train_manipurimale_00835.wav,Manipuri
train_manipurimale_00836.wav,Manipuri
train_manipurimale_00837.wav,Manipuri
train_manipurimale_00838.wav,Manipuri
train_manipurimale_00839.wav,Manipuri
train_manipurimale_00840.wav,Manipuri
train_manipurimale_00841.wav,Manipuri
train_manipurimale_00842.wav,Manipuri
train_manipurimale_00843.wav,Manipuri
train_manipurimale_00844.wav,Manipuri
train_manipurimale_00845.wav,Manipuri
train_manipurimale_00846.wav,Manipuri
train_manipurimale_00847.wav,Manipuri
train_manipurimale_00848.wav,Manipuri
train_manipurimale_00849.wav,Manipuri
train_manipurimale_00850.wav,Manipuri
train_manipurimale_00851.wav,Manipuri
train_manipurimale_00852.wav,Manipuri
train_manipurimale_00853.wav,Manipuri
train_manipurimale_00854.wav,Manipuri
train_manipurimale_00855.wav,Manipuri
train_manipurimale_00856.wav,Manipuri
train_manipurimale_00857.wav,Manipuri
train_manipurimale_00858.wav,Manipuri
train_manipurimale_00859.wav,Manipuri
train_manipurimale_00860.wav,Manipuri
train_manipurimale_00861.wav,Manipuri
train_manipurimale_00862.wav,Manipuri
train_manipurimale_00863.wav,Manipuri
train_manipurimale_00864.wav,Manipuri
train_manipurimale_00865.wav,Manipuri
train_manipurimale_00866.wav,Manipuri
train_manipurimale_00867.wav,Manipuri
train_manipurimale_00868.wav,Manipuri
train_manipurimale_00869.wav,Manipuri
train_manipurimale_00870.wav,Manipuri
train_manipurimale_00871.wav,Manipuri
train_manipurimale_00872.wav,Manipuri
train_manipurimale_00873.wav,Manipuri
train_manipurimale_00874.wav,Manipuri
train_manipurimale_00875.wav,Manipuri
train_manipurimale_00876.wav,Manipuri
train_manipurimale_00877.wav,Manipuri
train_manipurimale_00878.wav,Manipuri
train_manipurimale_00879.wav,Manipuri
train_manipurimale_00880.wav,Manipuri
train_manipurimale_00881.wav,Manipuri
train_manipurimale_00882.wav,Manipuri
train_manipurimale_00883.wav,Manipuri
train_manipurimale_00884.wav,Manipuri
train_manipurimale_00885.wav,Manipuri
train_manipurimale_00886.wav,Manipuri
train_manipurimale_00887.wav,Manipuri
train_manipurimale_00888.wav,Manipuri
train_manipurimale_00889.wav,Manipuri
train_manipurimale_00890.wav,Manipuri
train_manipurimale_00891.wav,Manipuri
train_manipurimale_00892.wav,Manipuri
train_manipurimale_00893.wav,Manipuri
train_manipurimale_00894.wav,Manipuri
train_manipurimale_00895.wav,Manipuri
train_manipurimale_00896.wav,Manipuri
train_manipurimale_00897.wav,Manipuri
train_manipurimale_00898.wav,Manipuri
train_manipurimale_00899.wav,Manipuri
train_manipurimale_00900.wav,Manipuri
train_manipurimale_00901.wav,Manipuri
train_manipurimale_00902.wav,Manipuri
train_manipurimale_00903.wav,Manipuri
train_manipurimale_00904.wav,Manipuri
train_manipurimale_00905.wav,Manipuri
train_manipurimale_00906.wav,Manipuri
train_manipurimale_00907.wav,Manipuri
train_manipurimale_00908.wav,Manipuri
train_manipurimale_00909.wav,Manipuri
train_manipurimale_00910.wav,Manipuri
train_manipurimale_00911.wav,Manipuri
train_manipurimale_00912.wav,Manipuri
train_manipurimale_00913.wav,Manipuri
train_manipurimale_00914.wav,Manipuri
train_manipurimale_00915.wav,Manipuri
train_manipurimale_00916.wav,Manipuri
train_manipurimale_00917.wav,Manipuri
train_manipurimale_00918.wav,Manipuri
train_manipurimale_00919.wav,Manipuri
train_manipurimale_00920.wav,Manipuri
train_manipurimale_00921.wav,Manipuri
train_manipurimale_00922.wav,Manipuri
train_manipurimale_00923.wav,Manipuri
train_manipurimale_00924.wav,Manipuri
train_manipurimale_00925.wav,Manipuri
train_manipurimale_00926.wav,Manipuri
train_manipurimale_00927.wav,Manipuri
train_manipurimale_00928.wav,Manipuri
train_manipurimale_00929.wav,Manipuri
train_manipurimale_00930.wav,Manipuri
train_manipurimale_00931.wav,Manipuri
train_manipurimale_00932.wav,Manipuri
train_manipurimale_00933.wav,Manipuri
train_manipurimale_00934.wav,Manipuri
train_manipurimale_00935.wav,Manipuri
train_manipurimale_00936.wav,Manipuri
train_manipurimale_00937.wav,Manipuri
train_manipurimale_00938.wav,Manipuri
train_manipurimale_00939.wav,Manipuri
train_manipurimale_00940.wav,Manipuri
train_manipurimale_00941.wav,Manipuri
train_manipurimale_00942.wav,Manipuri
train_manipurimale_00943.wav,Manipuri
train_manipurimale_00944.wav,Manipuri
train_manipurimale_00945.wav,Manipuri
train_manipurimale_00946.wav,Manipuri
train_manipurimale_00947.wav,Manipuri
train_manipurimale_00948.wav,Manipuri
train_manipurimale_00949.wav,Manipuri
train_manipurimale_00950.wav,Manipuri
train_manipurimale_00951.wav,Manipuri
train_manipurimale_00952.wav,Manipuri
train_manipurimale_00953.wav,Manipuri
train_manipurimale_00954.wav,Manipuri
train_manipurimale_00955.wav,Manipuri
train_manipurimale_00956.wav,Manipuri
train_manipurimale_00957.wav,Manipuri
train_manipurimale_00958.wav,Manipuri
train_manipurimale_00959.wav,Manipuri
train_manipurimale_00960.wav,Manipuri
train_manipurimale_00961.wav,Manipuri
train_manipurimale_00962.wav,Manipuri
train_manipurimale_00963.wav,Manipuri
train_manipurimale_00964.wav,Manipuri
train_manipurimale_00965.wav,Manipuri
train_manipurimale_00966.wav,Manipuri
train_manipurimale_00967.wav,Manipuri
train_manipurimale_00968.wav,Manipuri
train_manipurimale_00969.wav,Manipuri
train_manipurimale_00970.wav,Manipuri
train_manipurimale_00971.wav,Manipuri
train_manipurimale_00972.wav,Manipuri
train_manipurimale_00973.wav,Manipuri
train_manipurimale_00974.wav,Manipuri
train_manipurimale_00975.wav,Manipuri
train_manipurimale_00976.wav,Manipuri
train_manipurimale_00977.wav,Manipuri
train_manipurimale_00978.wav,Manipuri
train_manipurimale_00979.wav,Manipuri
train_manipurimale_00980.wav,Manipuri
train_manipurimale_00981.wav,Manipuri
train_manipurimale_00982.wav,Manipuri
train_manipurimale_00983.wav,Manipuri
train_manipurimale_00984.wav,Manipuri
train_manipurimale_00985.wav,Manipuri
train_manipurimale_00986.wav,Manipuri
train_manipurimale_00987.wav,Manipuri
train_manipurimale_00988.wav,Manipuri
train_manipurimale_00989.wav,Manipuri
train_manipurimale_00990.wav,Manipuri
train_manipurimale_00991.wav,Manipuri
train_manipurimale_00992.wav,Manipuri
train_manipurimale_00993.wav,Manipuri
train_manipurimale_00994.wav,Manipuri
train_manipurimale_00995.wav,Manipuri
train_manipurimale_00996.wav,Manipuri
train_manipurimale_00997.wav,Manipuri
train_manipurimale_00998.wav,Manipuri
train_manipurimale_00999.wav,Manipuri
train_manipurimale_01000.wav,Manipuri
train_marathifemale_00001.wav,Marathi
train_marathifemale_00002.wav,Marathi
train_marathifemale_00003.wav,Marathi
train_marathifemale_00004.wav,Marathi
train_marathifemale_00005.wav,Marathi
train_marathifemale_00006.wav,Marathi
train_marathifemale_00007.wav,Marathi
train_marathifemale_00008.wav,Marathi
train_marathifemale_00009.wav,Marathi
train_marathifemale_00010.wav,Marathi
train_marathifemale_00011.wav,Marathi
train_marathifemale_00012.wav,Marathi
train_marathifemale_00013.wav,Marathi
train_marathifemale_00014.wav,Marathi
train_marathifemale_00015.wav,Marathi
train_marathifemale_00016.wav,Marathi
train_marathifemale_00017.wav,Marathi
train_marathifemale_00018.wav,Marathi
train_marathifemale_00019.wav,Marathi
train_marathifemale_00020.wav,Marathi
train_marathifemale_00021.wav,Marathi
train_marathifemale_00022.wav,Marathi
train_marathifemale_00023.wav,Marathi
train_marathifemale_00024.wav,Marathi
train_marathifemale_00025.wav,Marathi
train_marathifemale_00026.wav,Marathi
train_marathifemale_00027.wav,Marathi
train_marathifemale_00028.wav,Marathi
train_marathifemale_00029.wav,Marathi
train_marathifemale_00030.wav,Marathi
train_marathifemale_00031.wav,Marathi
train_marathifemale_00032.wav,Marathi
train_marathifemale_00033.wav,Marathi
train_marathifemale_00034.wav,Marathi
train_marathifemale_00035.wav,Marathi
train_marathifemale_00036.wav,Marathi
train_marathifemale_00037.wav,Marathi
train_marathifemale_00038.wav,Marathi
train_marathifemale_00039.wav,Marathi
train_marathifemale_00040.wav,Marathi
train_marathifemale_00041.wav,Marathi
train_marathifemale_00042.wav,Marathi
train_marathifemale_00043.wav,Marathi
train_marathifemale_00044.wav,Marathi
train_marathifemale_00045.wav,Marathi
train_marathifemale_00046.wav,Marathi
train_marathifemale_00047.wav,Marathi
train_marathifemale_00048.wav,Marathi
train_marathifemale_00049.wav,Marathi
train_marathifemale_00050.wav,Marathi
train_marathifemale_00051.wav,Marathi
train_marathifemale_00052.wav,Marathi
train_marathifemale_00053.wav,Marathi
train_marathifemale_00054.wav,Marathi
train_marathifemale_00055.wav,Marathi
train_marathifemale_00056.wav,Marathi
train_marathifemale_00057.wav,Marathi
train_marathifemale_00058.wav,Marathi
train_marathifemale_00059.wav,Marathi
train_marathifemale_00060.wav,Marathi
train_marathifemale_00061.wav,Marathi
train_marathifemale_00062.wav,Marathi
train_marathifemale_00063.wav,Marathi
train_marathifemale_00064.wav,Marathi
train_marathifemale_00065.wav,Marathi
train_marathifemale_00066.wav,Marathi
train_marathifemale_00067.wav,Marathi
train_marathifemale_00068.wav,Marathi
train_marathifemale_00069.wav,Marathi
train_marathifemale_00070.wav,Marathi
train_marathifemale_00071.wav,Marathi
train_marathifemale_00072.wav,Marathi
train_marathifemale_00073.wav,Marathi
train_marathifemale_00074.wav,Marathi
train_marathifemale_00075.wav,Marathi
train_marathifemale_00076.wav,Marathi
train_marathifemale_00077.wav,Marathi
train_marathifemale_00078.wav,Marathi
train_marathifemale_00079.wav,Marathi
train_marathifemale_00080.wav,Marathi
train_marathifemale_00081.wav,Marathi
train_marathifemale_00082.wav,Marathi
train_marathifemale_00083.wav,Marathi
train_marathifemale_00084.wav,Marathi
train_marathifemale_00085.wav,Marathi
train_marathifemale_00086.wav,Marathi
train_marathifemale_00087.wav,Marathi
train_marathifemale_00088.wav,Marathi
train_marathifemale_00089.wav,Marathi
train_marathifemale_00090.wav,Marathi
train_marathifemale_00091.wav,Marathi
train_marathifemale_00092.wav,Marathi
train_marathifemale_00093.wav,Marathi
train_marathifemale_00094.wav,Marathi
train_marathifemale_00095.wav,Marathi
train_marathifemale_00096.wav,Marathi
train_marathifemale_00097.wav,Marathi
train_marathifemale_00098.wav,Marathi
train_marathifemale_00099.wav,Marathi
train_marathifemale_00100.wav,Marathi
train_marathifemale_00101.wav,Marathi
train_marathifemale_00102.wav,Marathi
train_marathifemale_00103.wav,Marathi
train_marathifemale_00104.wav,Marathi
train_marathifemale_00105.wav,Marathi
train_marathifemale_00106.wav,Marathi
train_marathifemale_00107.wav,Marathi
train_marathifemale_00108.wav,Marathi
train_marathifemale_00109.wav,Marathi
train_marathifemale_00110.wav,Marathi
train_marathifemale_00111.wav,Marathi
train_marathifemale_00112.wav,Marathi
train_marathifemale_00113.wav,Marathi
train_marathifemale_00114.wav,Marathi
train_marathifemale_00115.wav,Marathi
train_marathifemale_00116.wav,Marathi
train_marathifemale_00117.wav,Marathi
train_marathifemale_00118.wav,Marathi
train_marathifemale_00119.wav,Marathi
train_marathifemale_00120.wav,Marathi
train_marathifemale_00121.wav,Marathi
train_marathifemale_00122.wav,Marathi
train_marathifemale_00123.wav,Marathi
train_marathifemale_00124.wav,Marathi
train_marathifemale_00125.wav,Marathi
train_marathifemale_00126.wav,Marathi
train_marathifemale_00127.wav,Marathi
train_marathifemale_00128.wav,Marathi
train_marathifemale_00129.wav,Marathi
train_marathifemale_00130.wav,Marathi
train_marathifemale_00131.wav,Marathi
train_marathifemale_00132.wav,Marathi
train_marathifemale_00133.wav,Marathi
train_marathifemale_00134.wav,Marathi
train_marathifemale_00135.wav,Marathi
train_marathifemale_00136.wav,Marathi
train_marathifemale_00137.wav,Marathi
train_marathifemale_00138.wav,Marathi
train_marathifemale_00139.wav,Marathi
train_marathifemale_00140.wav,Marathi
train_marathifemale_00141.wav,Marathi
train_marathifemale_00142.wav,Marathi
train_marathifemale_00143.wav,Marathi
train_marathifemale_00144.wav,Marathi
train_marathifemale_00145.wav,Marathi
train_marathifemale_00146.wav,Marathi
train_marathifemale_00147.wav,Marathi
train_marathifemale_00148.wav,Marathi
train_marathifemale_00149.wav,Marathi
train_marathifemale_00150.wav,Marathi
train_marathifemale_00151.wav,Marathi
train_marathifemale_00152.wav,Marathi
train_marathifemale_00153.wav,Marathi
train_marathifemale_00154.wav,Marathi
train_marathifemale_00155.wav,Marathi
train_marathifemale_00156.wav,Marathi
train_marathifemale_00157.wav,Marathi
train_marathifemale_00158.wav,Marathi
train_marathifemale_00159.wav,Marathi
train_marathifemale_00160.wav,Marathi
train_marathifemale_00161.wav,Marathi
train_marathifemale_00162.wav,Marathi
train_marathifemale_00163.wav,Marathi
train_marathifemale_00164.wav,Marathi
train_marathifemale_00165.wav,Marathi
train_marathifemale_00166.wav,Marathi
train_marathifemale_00167.wav,Marathi
train_marathifemale_00168.wav,Marathi
train_marathifemale_00169.wav,Marathi
train_marathifemale_00170.wav,Marathi
train_marathifemale_00171.wav,Marathi
train_marathifemale_00172.wav,Marathi
train_marathifemale_00173.wav,Marathi
train_marathifemale_00174.wav,Marathi
train_marathifemale_00175.wav,Marathi
train_marathifemale_00176.wav,Marathi
train_marathifemale_00177.wav,Marathi
train_marathifemale_00178.wav,Marathi
train_marathifemale_00179.wav,Marathi
train_marathifemale_00180.wav,Marathi
train_marathifemale_00181.wav,Marathi
train_marathifemale_00182.wav,Marathi
train_marathifemale_00183.wav,Marathi
train_marathifemale_00184.wav,Marathi
train_marathifemale_00185.wav,Marathi
train_marathifemale_00186.wav,Marathi
train_marathifemale_00187.wav,Marathi
train_marathifemale_00188.wav,Marathi
train_marathifemale_00189.wav,Marathi
train_marathifemale_00190.wav,Marathi
train_marathifemale_00191.wav,Marathi
train_marathifemale_00192.wav,Marathi
train_marathifemale_00193.wav,Marathi
train_marathifemale_00194.wav,Marathi
train_marathifemale_00195.wav,Marathi
train_marathifemale_00196.wav,Marathi
train_marathifemale_00197.wav,Marathi
train_marathifemale_00198.wav,Marathi
train_marathifemale_00199.wav,Marathi
train_marathifemale_00200.wav,Marathi
train_marathifemale_00201.wav,Marathi
train_marathifemale_00202.wav,Marathi
train_marathifemale_00203.wav,Marathi
train_marathifemale_00204.wav,Marathi
train_marathifemale_00205.wav,Marathi
train_marathifemale_00206.wav,Marathi
train_marathifemale_00207.wav,Marathi
train_marathifemale_00208.wav,Marathi
train_marathifemale_00209.wav,Marathi
train_marathifemale_00210.wav,Marathi
train_marathifemale_00211.wav,Marathi
train_marathifemale_00212.wav,Marathi
train_marathifemale_00213.wav,Marathi
train_marathifemale_00214.wav,Marathi
train_marathifemale_00215.wav,Marathi
train_marathifemale_00216.wav,Marathi
train_marathifemale_00217.wav,Marathi
train_marathifemale_00218.wav,Marathi
train_marathifemale_00219.wav,Marathi
train_marathifemale_00220.wav,Marathi
train_marathifemale_00221.wav,Marathi
train_marathifemale_00222.wav,Marathi
train_marathifemale_00223.wav,Marathi
train_marathifemale_00224.wav,Marathi
train_marathifemale_00225.wav,Marathi
train_marathifemale_00226.wav,Marathi
train_marathifemale_00227.wav,Marathi
train_marathifemale_00228.wav,Marathi
train_marathifemale_00229.wav,Marathi
train_marathifemale_00230.wav,Marathi
train_marathifemale_00231.wav,Marathi
train_marathifemale_00232.wav,Marathi
train_marathifemale_00233.wav,Marathi
train_marathifemale_00234.wav,Marathi
train_marathifemale_00235.wav,Marathi
train_marathifemale_00236.wav,Marathi
train_marathifemale_00237.wav,Marathi
train_marathifemale_00238.wav,Marathi
train_marathifemale_00239.wav,Marathi
train_marathifemale_00240.wav,Marathi
train_marathifemale_00241.wav,Marathi
train_marathifemale_00242.wav,Marathi
train_marathifemale_00243.wav,Marathi
train_marathifemale_00244.wav,Marathi
train_marathifemale_00245.wav,Marathi
train_marathifemale_00246.wav,Marathi
train_marathifemale_00247.wav,Marathi
train_marathifemale_00248.wav,Marathi
train_marathifemale_00249.wav,Marathi
train_marathifemale_00250.wav,Marathi
train_marathifemale_00251.wav,Marathi
train_marathifemale_00252.wav,Marathi
train_marathifemale_00253.wav,Marathi
train_marathifemale_00254.wav,Marathi
train_marathifemale_00255.wav,Marathi
train_marathifemale_00256.wav,Marathi
train_marathifemale_00257.wav,Marathi
train_marathifemale_00258.wav,Marathi
train_marathifemale_00259.wav,Marathi
train_marathifemale_00260.wav,Marathi
train_marathifemale_00261.wav,Marathi
train_marathifemale_00262.wav,Marathi
train_marathifemale_00263.wav,Marathi
train_marathifemale_00264.wav,Marathi
train_marathifemale_00265.wav,Marathi
train_marathifemale_00266.wav,Marathi
train_marathifemale_00267.wav,Marathi
train_marathifemale_00268.wav,Marathi
train_marathifemale_00269.wav,Marathi
train_marathifemale_00270.wav,Marathi
train_marathifemale_00271.wav,Marathi
train_marathifemale_00272.wav,Marathi
train_marathifemale_00273.wav,Marathi
train_marathifemale_00274.wav,Marathi
train_marathifemale_00275.wav,Marathi
train_marathifemale_00276.wav,Marathi
train_marathifemale_00277.wav,Marathi
train_marathifemale_00278.wav,Marathi
train_marathifemale_00279.wav,Marathi
train_marathifemale_00280.wav,Marathi
train_marathifemale_00281.wav,Marathi
train_marathifemale_00282.wav,Marathi
train_marathifemale_00283.wav,Marathi
train_marathifemale_00284.wav,Marathi
train_marathifemale_00285.wav,Marathi
train_marathifemale_00286.wav,Marathi
train_marathifemale_00287.wav,Marathi
train_marathifemale_00288.wav,Marathi
train_marathifemale_00289.wav,Marathi
train_marathifemale_00290.wav,Marathi
train_marathifemale_00291.wav,Marathi
train_marathifemale_00292.wav,Marathi
train_marathifemale_00293.wav,Marathi
train_marathifemale_00294.wav,Marathi
train_marathifemale_00295.wav,Marathi
train_marathifemale_00296.wav,Marathi
train_marathifemale_00297.wav,Marathi
train_marathifemale_00298.wav,Marathi
train_marathifemale_00299.wav,Marathi
train_marathifemale_00300.wav,Marathi
train_marathifemale_00301.wav,Marathi
train_marathifemale_00302.wav,Marathi
train_marathifemale_00303.wav,Marathi
train_marathifemale_00304.wav,Marathi
train_marathifemale_00305.wav,Marathi
train_marathifemale_00306.wav,Marathi
train_marathifemale_00307.wav,Marathi
train_marathifemale_00308.wav,Marathi
train_marathifemale_00309.wav,Marathi
train_marathifemale_00310.wav,Marathi
train_marathifemale_00311.wav,Marathi
train_marathifemale_00312.wav,Marathi
train_marathifemale_00313.wav,Marathi
train_marathifemale_00314.wav,Marathi
train_marathifemale_00315.wav,Marathi
train_marathifemale_00316.wav,Marathi
train_marathifemale_00317.wav,Marathi
train_marathifemale_00318.wav,Marathi
train_marathifemale_00319.wav,Marathi
train_marathifemale_00320.wav,Marathi
train_marathifemale_00321.wav,Marathi
train_marathifemale_00322.wav,Marathi
train_marathifemale_00323.wav,Marathi
train_marathifemale_00324.wav,Marathi
train_marathifemale_00325.wav,Marathi
train_marathifemale_00326.wav,Marathi
train_marathifemale_00327.wav,Marathi
train_marathifemale_00328.wav,Marathi
train_marathifemale_00329.wav,Marathi
train_marathifemale_00330.wav,Marathi
train_marathifemale_00331.wav,Marathi
train_marathifemale_00332.wav,Marathi
train_marathifemale_00333.wav,Marathi
train_marathifemale_00334.wav,Marathi
train_marathifemale_00335.wav,Marathi
train_marathifemale_00336.wav,Marathi
train_marathifemale_00337.wav,Marathi
train_marathifemale_00338.wav,Marathi
train_marathifemale_00339.wav,Marathi
train_marathifemale_00340.wav,Marathi
train_marathifemale_00341.wav,Marathi
train_marathifemale_00342.wav,Marathi
train_marathifemale_00343.wav,Marathi
train_marathifemale_00344.wav,Marathi
train_marathifemale_00345.wav,Marathi
train_marathifemale_00346.wav,Marathi
train_marathifemale_00347.wav,Marathi
train_marathifemale_00348.wav,Marathi
train_marathifemale_00349.wav,Marathi
train_marathifemale_00350.wav,Marathi
train_marathifemale_00351.wav,Marathi
train_marathifemale_00352.wav,Marathi
train_marathifemale_00353.wav,Marathi
train_marathifemale_00354.wav,Marathi
train_marathifemale_00355.wav,Marathi
train_marathifemale_00356.wav,Marathi
train_marathifemale_00357.wav,Marathi
train_marathifemale_00358.wav,Marathi
train_marathifemale_00359.wav,Marathi
train_marathifemale_00360.wav,Marathi
train_marathifemale_00361.wav,Marathi
train_marathifemale_00362.wav,Marathi
train_marathifemale_00363.wav,Marathi
train_marathifemale_00364.wav,Marathi
train_marathifemale_00365.wav,Marathi
train_marathifemale_00366.wav,Marathi
train_marathifemale_00367.wav,Marathi
train_marathifemale_00368.wav,Marathi
train_marathifemale_00369.wav,Marathi
train_marathifemale_00370.wav,Marathi
train_marathifemale_00371.wav,Marathi
train_marathifemale_00372.wav,Marathi
train_marathifemale_00373.wav,Marathi
train_marathifemale_00374.wav,Marathi
train_marathifemale_00375.wav,Marathi
train_marathifemale_00376.wav,Marathi
train_marathifemale_00377.wav,Marathi
train_marathifemale_00378.wav,Marathi
train_marathifemale_00379.wav,Marathi
train_marathifemale_00380.wav,Marathi
train_marathifemale_00381.wav,Marathi
train_marathifemale_00382.wav,Marathi
train_marathifemale_00383.wav,Marathi
train_marathifemale_00384.wav,Marathi
train_marathifemale_00385.wav,Marathi
train_marathifemale_00386.wav,Marathi
train_marathifemale_00387.wav,Marathi
train_marathifemale_00388.wav,Marathi
train_marathifemale_00389.wav,Marathi
train_marathifemale_00390.wav,Marathi
train_marathifemale_00391.wav,Marathi
train_marathifemale_00392.wav,Marathi
train_marathifemale_00393.wav,Marathi
train_marathifemale_00394.wav,Marathi
train_marathifemale_00395.wav,Marathi
train_marathifemale_00396.wav,Marathi
train_marathifemale_00397.wav,Marathi
train_marathifemale_00398.wav,Marathi
train_marathifemale_00399.wav,Marathi
train_marathifemale_00400.wav,Marathi
train_marathifemale_00401.wav,Marathi
train_marathifemale_00402.wav,Marathi
train_marathifemale_00403.wav,Marathi
train_marathifemale_00404.wav,Marathi
train_marathifemale_00405.wav,Marathi
train_marathifemale_00406.wav,Marathi
train_marathifemale_00407.wav,Marathi
train_marathifemale_00408.wav,Marathi
train_marathifemale_00409.wav,Marathi
train_marathifemale_00410.wav,Marathi
train_marathifemale_00411.wav,Marathi
train_marathifemale_00412.wav,Marathi
train_marathifemale_00413.wav,Marathi
train_marathifemale_00414.wav,Marathi
train_marathifemale_00415.wav,Marathi
train_marathifemale_00416.wav,Marathi
train_marathifemale_00417.wav,Marathi
train_marathifemale_00418.wav,Marathi
train_marathifemale_00419.wav,Marathi
train_marathifemale_00420.wav,Marathi
train_marathifemale_00421.wav,Marathi
train_marathifemale_00422.wav,Marathi
train_marathifemale_00423.wav,Marathi
train_marathifemale_00424.wav,Marathi
train_marathifemale_00425.wav,Marathi
train_marathifemale_00426.wav,Marathi
train_marathifemale_00427.wav,Marathi
train_marathifemale_00428.wav,Marathi
train_marathifemale_00429.wav,Marathi
train_marathifemale_00430.wav,Marathi
train_marathifemale_00431.wav,Marathi
train_marathifemale_00432.wav,Marathi
train_marathifemale_00433.wav,Marathi
train_marathifemale_00434.wav,Marathi
train_marathifemale_00435.wav,Marathi
train_marathifemale_00436.wav,Marathi
train_marathifemale_00437.wav,Marathi
train_marathifemale_00438.wav,Marathi
train_marathifemale_00439.wav,Marathi
train_marathifemale_00440.wav,Marathi
train_marathifemale_00441.wav,Marathi
train_marathifemale_00442.wav,Marathi
train_marathifemale_00443.wav,Marathi
train_marathifemale_00444.wav,Marathi
train_marathifemale_00445.wav,Marathi
train_marathifemale_00446.wav,Marathi
train_marathifemale_00447.wav,Marathi
train_marathifemale_00448.wav,Marathi
train_marathifemale_00449.wav,Marathi
train_marathifemale_00450.wav,Marathi
train_marathifemale_00451.wav,Marathi
train_marathifemale_00452.wav,Marathi
train_marathifemale_00453.wav,Marathi
train_marathifemale_00454.wav,Marathi
train_marathifemale_00455.wav,Marathi
train_marathifemale_00456.wav,Marathi
train_marathifemale_00457.wav,Marathi
train_marathifemale_00458.wav,Marathi
train_marathifemale_00459.wav,Marathi
train_marathifemale_00460.wav,Marathi
train_marathifemale_00461.wav,Marathi
train_marathifemale_00462.wav,Marathi
train_marathifemale_00463.wav,Marathi
train_marathifemale_00464.wav,Marathi
train_marathifemale_00465.wav,Marathi
train_marathifemale_00466.wav,Marathi
train_marathifemale_00467.wav,Marathi
train_marathifemale_00468.wav,Marathi
train_marathifemale_00469.wav,Marathi
train_marathifemale_00470.wav,Marathi
train_marathifemale_00471.wav,Marathi
train_marathifemale_00472.wav,Marathi
train_marathifemale_00473.wav,Marathi
train_marathifemale_00474.wav,Marathi
train_marathifemale_00475.wav,Marathi
train_marathifemale_00476.wav,Marathi
train_marathifemale_00477.wav,Marathi
train_marathifemale_00478.wav,Marathi
train_marathifemale_00479.wav,Marathi
train_marathifemale_00480.wav,Marathi
train_marathifemale_00481.wav,Marathi
train_marathifemale_00482.wav,Marathi
train_marathifemale_00483.wav,Marathi
train_marathifemale_00484.wav,Marathi
train_marathifemale_00485.wav,Marathi
train_marathifemale_00486.wav,Marathi
train_marathifemale_00487.wav,Marathi
train_marathifemale_00488.wav,Marathi
train_marathifemale_00489.wav,Marathi
train_marathifemale_00490.wav,Marathi
train_marathifemale_00491.wav,Marathi
train_marathifemale_00492.wav,Marathi
train_marathifemale_00493.wav,Marathi
train_marathifemale_00494.wav,Marathi
train_marathifemale_00495.wav,Marathi
train_marathifemale_00496.wav,Marathi
train_marathifemale_00497.wav,Marathi
train_marathifemale_00498.wav,Marathi
train_marathifemale_00499.wav,Marathi
train_marathifemale_00500.wav,Marathi
train_marathifemale_00501.wav,Marathi
train_marathifemale_00502.wav,Marathi
train_marathifemale_00503.wav,Marathi
train_marathifemale_00504.wav,Marathi
train_marathifemale_00505.wav,Marathi
train_marathifemale_00506.wav,Marathi
train_marathifemale_00507.wav,Marathi
train_marathifemale_00508.wav,Marathi
train_marathifemale_00509.wav,Marathi
train_marathifemale_00510.wav,Marathi
train_marathifemale_00511.wav,Marathi
train_marathifemale_00512.wav,Marathi
train_marathifemale_00513.wav,Marathi
train_marathifemale_00514.wav,Marathi
train_marathifemale_00515.wav,Marathi
train_marathifemale_00516.wav,Marathi
train_marathifemale_00517.wav,Marathi
train_marathifemale_00518.wav,Marathi
train_marathifemale_00519.wav,Marathi
train_marathifemale_00520.wav,Marathi
train_marathifemale_00521.wav,Marathi
train_marathifemale_00522.wav,Marathi
train_marathifemale_00523.wav,Marathi
train_marathifemale_00524.wav,Marathi
train_marathifemale_00525.wav,Marathi
train_marathifemale_00526.wav,Marathi
train_marathifemale_00527.wav,Marathi
train_marathifemale_00528.wav,Marathi
train_marathifemale_00529.wav,Marathi
train_marathifemale_00530.wav,Marathi
train_marathifemale_00531.wav,Marathi
train_marathifemale_00532.wav,Marathi
train_marathifemale_00533.wav,Marathi
train_marathifemale_00534.wav,Marathi
train_marathifemale_00535.wav,Marathi
train_marathifemale_00536.wav,Marathi
train_marathifemale_00537.wav,Marathi
train_marathifemale_00538.wav,Marathi
train_marathifemale_00539.wav,Marathi
train_marathifemale_00540.wav,Marathi
train_marathifemale_00541.wav,Marathi
train_marathifemale_00542.wav,Marathi
train_marathifemale_00543.wav,Marathi
train_marathifemale_00544.wav,Marathi
train_marathifemale_00545.wav,Marathi
train_marathifemale_00546.wav,Marathi
train_marathifemale_00547.wav,Marathi
train_marathifemale_00548.wav,Marathi
train_marathifemale_00549.wav,Marathi
train_marathifemale_00550.wav,Marathi
train_marathifemale_00551.wav,Marathi
train_marathifemale_00552.wav,Marathi
train_marathifemale_00553.wav,Marathi
train_marathifemale_00554.wav,Marathi
train_marathifemale_00555.wav,Marathi
train_marathifemale_00556.wav,Marathi
train_marathifemale_00557.wav,Marathi
train_marathifemale_00558.wav,Marathi
train_marathifemale_00559.wav,Marathi
train_marathifemale_00560.wav,Marathi
train_marathifemale_00561.wav,Marathi
train_marathifemale_00562.wav,Marathi
train_marathifemale_00563.wav,Marathi
train_marathifemale_00564.wav,Marathi
train_marathifemale_00565.wav,Marathi
train_marathifemale_00566.wav,Marathi
train_marathifemale_00567.wav,Marathi
train_marathifemale_00568.wav,Marathi
train_marathifemale_00569.wav,Marathi
train_marathifemale_00570.wav,Marathi
train_marathifemale_00571.wav,Marathi
train_marathifemale_00572.wav,Marathi
train_marathifemale_00573.wav,Marathi
train_marathifemale_00574.wav,Marathi
train_marathifemale_00575.wav,Marathi
train_marathifemale_00576.wav,Marathi
train_marathifemale_00577.wav,Marathi
train_marathifemale_00578.wav,Marathi
train_marathifemale_00579.wav,Marathi
train_marathifemale_00580.wav,Marathi
train_marathifemale_00581.wav,Marathi
train_marathifemale_00582.wav,Marathi
train_marathifemale_00583.wav,Marathi
train_marathifemale_00584.wav,Marathi
train_marathifemale_00585.wav,Marathi
train_marathifemale_00586.wav,Marathi
train_marathifemale_00587.wav,Marathi
train_marathifemale_00588.wav,Marathi
train_marathifemale_00589.wav,Marathi
train_marathifemale_00590.wav,Marathi
train_marathifemale_00591.wav,Marathi
train_marathifemale_00592.wav,Marathi
train_marathifemale_00593.wav,Marathi
train_marathifemale_00594.wav,Marathi
train_marathifemale_00595.wav,Marathi
train_marathifemale_00596.wav,Marathi
train_marathifemale_00597.wav,Marathi
train_marathifemale_00598.wav,Marathi
train_marathifemale_00599.wav,Marathi
train_marathifemale_00600.wav,Marathi
train_marathifemale_00601.wav,Marathi
train_marathifemale_00602.wav,Marathi
train_marathifemale_00603.wav,Marathi
train_marathifemale_00604.wav,Marathi
train_marathifemale_00605.wav,Marathi
train_marathifemale_00606.wav,Marathi
train_marathifemale_00607.wav,Marathi
train_marathifemale_00608.wav,Marathi
train_marathifemale_00609.wav,Marathi
train_marathifemale_00610.wav,Marathi
train_marathifemale_00611.wav,Marathi
train_marathifemale_00612.wav,Marathi
train_marathifemale_00613.wav,Marathi
train_marathifemale_00614.wav,Marathi
train_marathifemale_00615.wav,Marathi
train_marathifemale_00616.wav,Marathi
train_marathifemale_00617.wav,Marathi
train_marathifemale_00618.wav,Marathi
train_marathifemale_00619.wav,Marathi
train_marathifemale_00620.wav,Marathi
train_marathifemale_00621.wav,Marathi
train_marathifemale_00622.wav,Marathi
train_marathifemale_00623.wav,Marathi
train_marathifemale_00624.wav,Marathi
train_marathifemale_00625.wav,Marathi
train_marathifemale_00626.wav,Marathi
train_marathifemale_00627.wav,Marathi
train_marathifemale_00628.wav,Marathi
train_marathifemale_00629.wav,Marathi
train_marathifemale_00630.wav,Marathi
train_marathifemale_00631.wav,Marathi
train_marathifemale_00632.wav,Marathi
train_marathifemale_00633.wav,Marathi
train_marathifemale_00634.wav,Marathi
train_marathifemale_00635.wav,Marathi
train_marathifemale_00636.wav,Marathi
train_marathifemale_00637.wav,Marathi
train_marathifemale_00638.wav,Marathi
train_marathifemale_00639.wav,Marathi
train_marathifemale_00640.wav,Marathi
train_marathifemale_00641.wav,Marathi
train_marathifemale_00642.wav,Marathi
train_marathifemale_00643.wav,Marathi
train_marathifemale_00644.wav,Marathi
train_marathifemale_00645.wav,Marathi
train_marathifemale_00646.wav,Marathi
train_marathifemale_00647.wav,Marathi
train_marathifemale_00648.wav,Marathi
train_marathifemale_00649.wav,Marathi
train_marathifemale_00650.wav,Marathi
train_marathifemale_00651.wav,Marathi
train_marathifemale_00652.wav,Marathi
train_marathifemale_00653.wav,Marathi
train_marathifemale_00654.wav,Marathi
train_marathifemale_00655.wav,Marathi
train_marathifemale_00656.wav,Marathi
train_marathifemale_00657.wav,Marathi
train_marathifemale_00658.wav,Marathi
train_marathifemale_00659.wav,Marathi
train_marathifemale_00660.wav,Marathi
train_marathifemale_00661.wav,Marathi
train_marathifemale_00662.wav,Marathi
train_marathifemale_00663.wav,Marathi
train_marathifemale_00664.wav,Marathi
train_marathifemale_00665.wav,Marathi
train_marathifemale_00666.wav,Marathi
train_marathifemale_00667.wav,Marathi
train_marathifemale_00668.wav,Marathi
train_marathifemale_00669.wav,Marathi
train_marathifemale_00670.wav,Marathi
train_marathifemale_00671.wav,Marathi
train_marathifemale_00672.wav,Marathi
train_marathifemale_00673.wav,Marathi
train_marathifemale_00674.wav,Marathi
train_marathifemale_00675.wav,Marathi
train_marathifemale_00676.wav,Marathi
train_marathifemale_00677.wav,Marathi
train_marathifemale_00678.wav,Marathi
train_marathifemale_00679.wav,Marathi
train_marathifemale_00680.wav,Marathi
train_marathifemale_00681.wav,Marathi
train_marathifemale_00682.wav,Marathi
train_marathifemale_00683.wav,Marathi
train_marathifemale_00684.wav,Marathi
train_marathifemale_00685.wav,Marathi
train_marathifemale_00686.wav,Marathi
train_marathifemale_00687.wav,Marathi
train_marathifemale_00688.wav,Marathi
train_marathifemale_00689.wav,Marathi
train_marathifemale_00690.wav,Marathi
train_marathifemale_00691.wav,Marathi
train_marathifemale_00692.wav,Marathi
train_marathifemale_00693.wav,Marathi
train_marathifemale_00694.wav,Marathi
train_marathifemale_00695.wav,Marathi
train_marathifemale_00696.wav,Marathi
train_marathifemale_00697.wav,Marathi
train_marathifemale_00698.wav,Marathi
train_marathifemale_00699.wav,Marathi
train_marathifemale_00700.wav,Marathi
train_marathifemale_00701.wav,Marathi
train_marathifemale_00702.wav,Marathi
train_marathifemale_00703.wav,Marathi
train_marathifemale_00704.wav,Marathi
train_marathifemale_00705.wav,Marathi
train_marathifemale_00706.wav,Marathi
train_marathifemale_00707.wav,Marathi
train_marathifemale_00708.wav,Marathi
train_marathifemale_00709.wav,Marathi
train_marathifemale_00710.wav,Marathi
train_marathifemale_00711.wav,Marathi
train_marathifemale_00712.wav,Marathi
train_marathifemale_00713.wav,Marathi
train_marathifemale_00714.wav,Marathi
train_marathifemale_00715.wav,Marathi
train_marathifemale_00716.wav,Marathi
train_marathifemale_00717.wav,Marathi
train_marathifemale_00718.wav,Marathi
train_marathifemale_00719.wav,Marathi
train_marathifemale_00720.wav,Marathi
train_marathifemale_00721.wav,Marathi
train_marathifemale_00722.wav,Marathi
train_marathifemale_00723.wav,Marathi
train_marathifemale_00724.wav,Marathi
train_marathifemale_00725.wav,Marathi
train_marathifemale_00726.wav,Marathi
train_marathifemale_00727.wav,Marathi
train_marathifemale_00728.wav,Marathi
train_marathifemale_00729.wav,Marathi
train_marathifemale_00730.wav,Marathi
train_marathifemale_00731.wav,Marathi
train_marathifemale_00732.wav,Marathi
train_marathifemale_00733.wav,Marathi
train_marathifemale_00734.wav,Marathi
train_marathifemale_00735.wav,Marathi
train_marathifemale_00736.wav,Marathi
train_marathifemale_00737.wav,Marathi
train_marathifemale_00738.wav,Marathi
train_marathifemale_00739.wav,Marathi
train_marathifemale_00740.wav,Marathi
train_marathifemale_00741.wav,Marathi
train_marathifemale_00742.wav,Marathi
train_marathifemale_00743.wav,Marathi
train_marathifemale_00744.wav,Marathi
train_marathifemale_00745.wav,Marathi
train_marathifemale_00746.wav,Marathi
train_marathifemale_00747.wav,Marathi
train_marathifemale_00748.wav,Marathi
train_marathifemale_00749.wav,Marathi
train_marathifemale_00750.wav,Marathi
train_marathifemale_00751.wav,Marathi
train_marathifemale_00752.wav,Marathi
train_marathifemale_00753.wav,Marathi
train_marathifemale_00754.wav,Marathi
train_marathifemale_00755.wav,Marathi
train_marathifemale_00756.wav,Marathi
train_marathifemale_00757.wav,Marathi
train_marathifemale_00758.wav,Marathi
train_marathifemale_00759.wav,Marathi
train_marathifemale_00760.wav,Marathi
train_marathifemale_00761.wav,Marathi
train_marathifemale_00762.wav,Marathi
train_marathifemale_00763.wav,Marathi
train_marathifemale_00764.wav,Marathi
train_marathifemale_00765.wav,Marathi
train_marathifemale_00766.wav,Marathi
train_marathifemale_00767.wav,Marathi
train_marathifemale_00768.wav,Marathi
train_marathifemale_00769.wav,Marathi
train_marathifemale_00770.wav,Marathi
train_marathifemale_00771.wav,Marathi
train_marathifemale_00772.wav,Marathi
train_marathifemale_00773.wav,Marathi
train_marathifemale_00774.wav,Marathi
train_marathifemale_00775.wav,Marathi
train_marathifemale_00776.wav,Marathi
train_marathifemale_00777.wav,Marathi
train_marathifemale_00778.wav,Marathi
train_marathifemale_00779.wav,Marathi
train_marathifemale_00780.wav,Marathi
train_marathifemale_00781.wav,Marathi
train_marathifemale_00782.wav,Marathi
train_marathifemale_00783.wav,Marathi
train_marathifemale_00784.wav,Marathi
train_marathifemale_00785.wav,Marathi
train_marathifemale_00786.wav,Marathi
train_marathifemale_00787.wav,Marathi
train_marathifemale_00788.wav,Marathi
train_marathifemale_00789.wav,Marathi
train_marathifemale_00790.wav,Marathi
train_marathifemale_00791.wav,Marathi
train_marathifemale_00792.wav,Marathi
train_marathifemale_00793.wav,Marathi
train_marathifemale_00794.wav,Marathi
train_marathifemale_00795.wav,Marathi
train_marathifemale_00796.wav,Marathi
train_marathifemale_00797.wav,Marathi
train_marathifemale_00798.wav,Marathi
train_marathifemale_00799.wav,Marathi
train_marathifemale_00800.wav,Marathi
train_marathifemale_00801.wav,Marathi
train_marathifemale_00802.wav,Marathi
train_marathifemale_00803.wav,Marathi
train_marathifemale_00804.wav,Marathi
train_marathifemale_00805.wav,Marathi
train_marathifemale_00806.wav,Marathi
train_marathifemale_00807.wav,Marathi
train_marathifemale_00808.wav,Marathi
train_marathifemale_00809.wav,Marathi
train_marathifemale_00810.wav,Marathi
train_marathifemale_00811.wav,Marathi
train_marathifemale_00812.wav,Marathi
train_marathifemale_00813.wav,Marathi
train_marathifemale_00814.wav,Marathi
train_marathifemale_00815.wav,Marathi
train_marathifemale_00816.wav,Marathi
train_marathifemale_00817.wav,Marathi
train_marathifemale_00818.wav,Marathi
train_marathifemale_00819.wav,Marathi
train_marathifemale_00820.wav,Marathi
train_marathifemale_00821.wav,Marathi
train_marathifemale_00822.wav,Marathi
train_marathifemale_00823.wav,Marathi
train_marathifemale_00824.wav,Marathi
train_marathifemale_00825.wav,Marathi
train_marathifemale_00826.wav,Marathi
train_marathifemale_00827.wav,Marathi
train_marathifemale_00828.wav,Marathi
train_marathifemale_00829.wav,Marathi
train_marathifemale_00830.wav,Marathi
train_marathifemale_00831.wav,Marathi
train_marathifemale_00832.wav,Marathi
train_marathifemale_00833.wav,Marathi
train_marathifemale_00834.wav,Marathi
train_marathifemale_00835.wav,Marathi
train_marathifemale_00836.wav,Marathi
train_marathifemale_00837.wav,Marathi
train_marathifemale_00838.wav,Marathi
train_marathifemale_00839.wav,Marathi
train_marathifemale_00840.wav,Marathi
train_marathifemale_00841.wav,Marathi
train_marathifemale_00842.wav,Marathi
train_marathifemale_00843.wav,Marathi
train_marathifemale_00844.wav,Marathi
train_marathifemale_00845.wav,Marathi
train_marathifemale_00846.wav,Marathi
train_marathifemale_00847.wav,Marathi
train_marathifemale_00848.wav,Marathi
train_marathifemale_00849.wav,Marathi
train_marathifemale_00850.wav,Marathi
train_marathifemale_00851.wav,Marathi
train_marathifemale_00852.wav,Marathi
train_marathifemale_00853.wav,Marathi
train_marathifemale_00854.wav,Marathi
train_marathifemale_00855.wav,Marathi
train_marathifemale_00856.wav,Marathi
train_marathifemale_00857.wav,Marathi
train_marathifemale_00858.wav,Marathi
train_marathifemale_00859.wav,Marathi
train_marathifemale_00860.wav,Marathi
train_marathifemale_00861.wav,Marathi
train_marathifemale_00862.wav,Marathi
train_marathifemale_00863.wav,Marathi
train_marathifemale_00864.wav,Marathi
train_marathifemale_00865.wav,Marathi
train_marathifemale_00866.wav,Marathi
train_marathifemale_00867.wav,Marathi
train_marathifemale_00868.wav,Marathi
train_marathifemale_00869.wav,Marathi
train_marathifemale_00870.wav,Marathi
train_marathifemale_00871.wav,Marathi
train_marathifemale_00872.wav,Marathi
train_marathifemale_00873.wav,Marathi
train_marathifemale_00874.wav,Marathi
train_marathifemale_00875.wav,Marathi
train_marathifemale_00876.wav,Marathi
train_marathifemale_00877.wav,Marathi
train_marathifemale_00878.wav,Marathi
train_marathifemale_00879.wav,Marathi
train_marathifemale_00880.wav,Marathi
train_marathifemale_00881.wav,Marathi
train_marathifemale_00882.wav,Marathi
train_marathifemale_00883.wav,Marathi
train_marathifemale_00884.wav,Marathi
train_marathifemale_00885.wav,Marathi
train_marathifemale_00886.wav,Marathi
train_marathifemale_00887.wav,Marathi
train_marathifemale_00888.wav,Marathi
train_marathifemale_00889.wav,Marathi
train_marathifemale_00890.wav,Marathi
train_marathifemale_00891.wav,Marathi
train_marathifemale_00892.wav,Marathi
train_marathifemale_00893.wav,Marathi
train_marathifemale_00894.wav,Marathi
train_marathifemale_00895.wav,Marathi
train_marathifemale_00896.wav,Marathi
train_marathifemale_00897.wav,Marathi
train_marathifemale_00898.wav,Marathi
train_marathifemale_00899.wav,Marathi
train_marathifemale_00900.wav,Marathi
train_marathifemale_00901.wav,Marathi
train_marathifemale_00902.wav,Marathi
train_marathifemale_00903.wav,Marathi
train_marathifemale_00904.wav,Marathi
train_marathifemale_00905.wav,Marathi
train_marathifemale_00906.wav,Marathi
train_marathifemale_00907.wav,Marathi
train_marathifemale_00908.wav,Marathi
train_marathifemale_00909.wav,Marathi
train_marathifemale_00910.wav,Marathi
train_marathifemale_00911.wav,Marathi
train_marathifemale_00912.wav,Marathi
train_marathifemale_00913.wav,Marathi
train_marathifemale_00914.wav,Marathi
train_marathifemale_00915.wav,Marathi
train_marathifemale_00916.wav,Marathi
train_marathifemale_00917.wav,Marathi
train_marathifemale_00918.wav,Marathi
train_marathifemale_00919.wav,Marathi
train_marathifemale_00920.wav,Marathi
train_marathifemale_00921.wav,Marathi
train_marathifemale_00922.wav,Marathi
train_marathifemale_00923.wav,Marathi
train_marathifemale_00924.wav,Marathi
train_marathifemale_00925.wav,Marathi
train_marathifemale_00926.wav,Marathi
train_marathifemale_00927.wav,Marathi
train_marathifemale_00928.wav,Marathi
train_marathifemale_00929.wav,Marathi
train_marathifemale_00930.wav,Marathi
train_marathifemale_00931.wav,Marathi
train_marathifemale_00932.wav,Marathi
train_marathifemale_00933.wav,Marathi
train_marathifemale_00934.wav,Marathi
train_marathifemale_00935.wav,Marathi
train_marathifemale_00936.wav,Marathi
train_marathifemale_00937.wav,Marathi
train_marathifemale_00938.wav,Marathi
train_marathifemale_00939.wav,Marathi
train_marathifemale_00940.wav,Marathi
train_marathifemale_00941.wav,Marathi
train_marathifemale_00942.wav,Marathi
train_marathifemale_00943.wav,Marathi
train_marathifemale_00944.wav,Marathi
train_marathifemale_00945.wav,Marathi
train_marathifemale_00946.wav,Marathi
train_marathifemale_00947.wav,Marathi
train_marathifemale_00948.wav,Marathi
train_marathifemale_00949.wav,Marathi
train_marathifemale_00950.wav,Marathi
train_marathifemale_00951.wav,Marathi
train_marathifemale_00952.wav,Marathi
train_marathifemale_00953.wav,Marathi
train_marathifemale_00954.wav,Marathi
train_marathifemale_00955.wav,Marathi
train_marathifemale_00956.wav,Marathi
train_marathifemale_00957.wav,Marathi
train_marathifemale_00958.wav,Marathi
train_marathifemale_00959.wav,Marathi
train_marathifemale_00960.wav,Marathi
train_marathifemale_00961.wav,Marathi
train_marathifemale_00962.wav,Marathi
train_marathifemale_00963.wav,Marathi
train_marathifemale_00964.wav,Marathi
train_marathifemale_00965.wav,Marathi
train_marathifemale_00966.wav,Marathi
train_marathifemale_00967.wav,Marathi
train_marathifemale_00968.wav,Marathi
train_marathifemale_00969.wav,Marathi
train_marathifemale_00970.wav,Marathi
train_marathifemale_00971.wav,Marathi
train_marathifemale_00972.wav,Marathi
train_marathifemale_00973.wav,Marathi
train_marathifemale_00974.wav,Marathi
train_marathifemale_00975.wav,Marathi
train_marathifemale_00976.wav,Marathi
train_marathifemale_00977.wav,Marathi
train_marathifemale_00978.wav,Marathi
train_marathifemale_00979.wav,Marathi
train_marathifemale_00980.wav,Marathi
train_marathifemale_00981.wav,Marathi
train_marathifemale_00982.wav,Marathi
train_marathifemale_00983.wav,Marathi
train_marathifemale_00984.wav,Marathi
train_marathifemale_00985.wav,Marathi
train_marathifemale_00986.wav,Marathi
train_marathifemale_00987.wav,Marathi
train_marathifemale_00988.wav,Marathi
train_marathifemale_00989.wav,Marathi
train_marathifemale_00990.wav,Marathi
train_marathifemale_00991.wav,Marathi
train_marathifemale_00992.wav,Marathi
train_marathifemale_00993.wav,Marathi
train_marathifemale_00994.wav,Marathi
train_marathifemale_00995.wav,Marathi
train_marathifemale_00996.wav,Marathi
train_marathifemale_00997.wav,Marathi
train_marathifemale_00998.wav,Marathi
train_marathifemale_00999.wav,Marathi
train_marathifemale_01000.wav,Marathi
train_marathimale_00001.wav,Marathi
train_marathimale_00002.wav,Marathi
train_marathimale_00003.wav,Marathi
train_marathimale_00004.wav,Marathi
train_marathimale_00005.wav,Marathi
train_marathimale_00006.wav,Marathi
train_marathimale_00007.wav,Marathi
train_marathimale_00008.wav,Marathi
train_marathimale_00009.wav,Marathi
train_marathimale_00010.wav,Marathi
train_marathimale_00011.wav,Marathi
train_marathimale_00012.wav,Marathi
train_marathimale_00013.wav,Marathi
train_marathimale_00014.wav,Marathi
train_marathimale_00015.wav,Marathi
train_marathimale_00016.wav,Marathi
train_marathimale_00017.wav,Marathi
train_marathimale_00018.wav,Marathi
train_marathimale_00019.wav,Marathi
train_marathimale_00020.wav,Marathi
train_marathimale_00021.wav,Marathi
train_marathimale_00022.wav,Marathi
train_marathimale_00023.wav,Marathi
train_marathimale_00024.wav,Marathi
train_marathimale_00025.wav,Marathi
train_marathimale_00026.wav,Marathi
train_marathimale_00027.wav,Marathi
train_marathimale_00028.wav,Marathi
train_marathimale_00029.wav,Marathi
train_marathimale_00030.wav,Marathi
train_marathimale_00031.wav,Marathi
train_marathimale_00032.wav,Marathi
train_marathimale_00033.wav,Marathi
train_marathimale_00034.wav,Marathi
train_marathimale_00035.wav,Marathi
train_marathimale_00036.wav,Marathi
train_marathimale_00037.wav,Marathi
train_marathimale_00038.wav,Marathi
train_marathimale_00039.wav,Marathi
train_marathimale_00040.wav,Marathi
train_marathimale_00041.wav,Marathi
train_marathimale_00042.wav,Marathi
train_marathimale_00043.wav,Marathi
train_marathimale_00044.wav,Marathi
train_marathimale_00045.wav,Marathi
train_marathimale_00046.wav,Marathi
train_marathimale_00047.wav,Marathi
train_marathimale_00048.wav,Marathi
train_marathimale_00049.wav,Marathi
train_marathimale_00050.wav,Marathi
train_marathimale_00051.wav,Marathi
train_marathimale_00052.wav,Marathi
train_marathimale_00053.wav,Marathi
train_marathimale_00054.wav,Marathi
train_marathimale_00055.wav,Marathi
train_marathimale_00056.wav,Marathi
train_marathimale_00057.wav,Marathi
train_marathimale_00058.wav,Marathi
train_marathimale_00059.wav,Marathi
train_marathimale_00060.wav,Marathi
train_marathimale_00061.wav,Marathi
train_marathimale_00062.wav,Marathi
train_marathimale_00063.wav,Marathi
train_marathimale_00064.wav,Marathi
train_marathimale_00065.wav,Marathi
train_marathimale_00066.wav,Marathi
train_marathimale_00067.wav,Marathi
train_marathimale_00068.wav,Marathi
train_marathimale_00069.wav,Marathi
train_marathimale_00070.wav,Marathi
train_marathimale_00071.wav,Marathi
train_marathimale_00072.wav,Marathi
train_marathimale_00073.wav,Marathi
train_marathimale_00074.wav,Marathi
train_marathimale_00075.wav,Marathi
train_marathimale_00076.wav,Marathi
train_marathimale_00077.wav,Marathi
train_marathimale_00078.wav,Marathi
train_marathimale_00079.wav,Marathi
train_marathimale_00080.wav,Marathi
train_marathimale_00081.wav,Marathi
train_marathimale_00082.wav,Marathi
train_marathimale_00083.wav,Marathi
train_marathimale_00084.wav,Marathi
train_marathimale_00085.wav,Marathi
train_marathimale_00086.wav,Marathi
train_marathimale_00087.wav,Marathi
train_marathimale_00088.wav,Marathi
train_marathimale_00089.wav,Marathi
train_marathimale_00090.wav,Marathi
train_marathimale_00091.wav,Marathi
train_marathimale_00092.wav,Marathi
train_marathimale_00093.wav,Marathi
train_marathimale_00094.wav,Marathi
train_marathimale_00095.wav,Marathi
train_marathimale_00096.wav,Marathi
train_marathimale_00097.wav,Marathi
train_marathimale_00098.wav,Marathi
train_marathimale_00099.wav,Marathi
train_marathimale_00100.wav,Marathi
train_marathimale_00101.wav,Marathi
train_marathimale_00102.wav,Marathi
train_marathimale_00103.wav,Marathi
train_marathimale_00104.wav,Marathi
train_marathimale_00105.wav,Marathi
train_marathimale_00106.wav,Marathi
train_marathimale_00107.wav,Marathi
train_marathimale_00108.wav,Marathi
train_marathimale_00109.wav,Marathi
train_marathimale_00110.wav,Marathi
train_marathimale_00111.wav,Marathi
train_marathimale_00112.wav,Marathi
train_marathimale_00113.wav,Marathi
train_marathimale_00114.wav,Marathi
train_marathimale_00115.wav,Marathi
train_marathimale_00116.wav,Marathi
train_marathimale_00117.wav,Marathi
train_marathimale_00118.wav,Marathi
train_marathimale_00119.wav,Marathi
train_marathimale_00120.wav,Marathi
train_marathimale_00121.wav,Marathi
train_marathimale_00122.wav,Marathi
train_marathimale_00123.wav,Marathi
train_marathimale_00124.wav,Marathi
train_marathimale_00125.wav,Marathi
train_marathimale_00126.wav,Marathi
train_marathimale_00127.wav,Marathi
train_marathimale_00128.wav,Marathi
train_marathimale_00129.wav,Marathi
train_marathimale_00130.wav,Marathi
train_marathimale_00131.wav,Marathi
train_marathimale_00132.wav,Marathi
train_marathimale_00133.wav,Marathi
train_marathimale_00134.wav,Marathi
train_marathimale_00135.wav,Marathi
train_marathimale_00136.wav,Marathi
train_marathimale_00137.wav,Marathi
train_marathimale_00138.wav,Marathi
train_marathimale_00139.wav,Marathi
train_marathimale_00140.wav,Marathi
train_marathimale_00141.wav,Marathi
train_marathimale_00142.wav,Marathi
train_marathimale_00143.wav,Marathi
train_marathimale_00144.wav,Marathi
train_marathimale_00145.wav,Marathi
train_marathimale_00146.wav,Marathi
train_marathimale_00147.wav,Marathi
train_marathimale_00148.wav,Marathi
train_marathimale_00149.wav,Marathi
train_marathimale_00150.wav,Marathi
train_marathimale_00151.wav,Marathi
train_marathimale_00152.wav,Marathi
train_marathimale_00153.wav,Marathi
train_marathimale_00154.wav,Marathi
train_marathimale_00155.wav,Marathi
train_marathimale_00156.wav,Marathi
train_marathimale_00157.wav,Marathi
train_marathimale_00158.wav,Marathi
train_marathimale_00159.wav,Marathi
train_marathimale_00160.wav,Marathi
train_marathimale_00161.wav,Marathi
train_marathimale_00162.wav,Marathi
train_marathimale_00163.wav,Marathi
train_marathimale_00164.wav,Marathi
train_marathimale_00165.wav,Marathi
train_marathimale_00166.wav,Marathi
train_marathimale_00167.wav,Marathi
train_marathimale_00168.wav,Marathi
train_marathimale_00169.wav,Marathi
train_marathimale_00170.wav,Marathi
train_marathimale_00171.wav,Marathi
train_marathimale_00172.wav,Marathi
train_marathimale_00173.wav,Marathi
train_marathimale_00174.wav,Marathi
train_marathimale_00175.wav,Marathi
train_marathimale_00176.wav,Marathi
train_marathimale_00177.wav,Marathi
train_marathimale_00178.wav,Marathi
train_marathimale_00179.wav,Marathi
train_marathimale_00180.wav,Marathi
train_marathimale_00181.wav,Marathi
train_marathimale_00182.wav,Marathi
train_marathimale_00183.wav,Marathi
train_marathimale_00184.wav,Marathi
train_marathimale_00185.wav,Marathi
train_marathimale_00186.wav,Marathi
train_marathimale_00187.wav,Marathi
train_marathimale_00188.wav,Marathi
train_marathimale_00189.wav,Marathi
train_marathimale_00190.wav,Marathi
train_marathimale_00191.wav,Marathi
train_marathimale_00192.wav,Marathi
train_marathimale_00193.wav,Marathi
train_marathimale_00194.wav,Marathi
train_marathimale_00195.wav,Marathi
train_marathimale_00196.wav,Marathi
train_marathimale_00197.wav,Marathi
train_marathimale_00198.wav,Marathi
train_marathimale_00199.wav,Marathi
train_marathimale_00200.wav,Marathi
train_marathimale_00201.wav,Marathi
train_marathimale_00202.wav,Marathi
train_marathimale_00203.wav,Marathi
train_marathimale_00204.wav,Marathi
train_marathimale_00205.wav,Marathi
train_marathimale_00206.wav,Marathi
train_marathimale_00207.wav,Marathi
train_marathimale_00208.wav,Marathi
train_marathimale_00209.wav,Marathi
train_marathimale_00210.wav,Marathi
train_marathimale_00211.wav,Marathi
train_marathimale_00212.wav,Marathi
train_marathimale_00213.wav,Marathi
train_marathimale_00214.wav,Marathi
train_marathimale_00215.wav,Marathi
train_marathimale_00216.wav,Marathi
train_marathimale_00217.wav,Marathi
train_marathimale_00218.wav,Marathi
train_marathimale_00219.wav,Marathi
train_marathimale_00220.wav,Marathi
train_marathimale_00221.wav,Marathi
train_marathimale_00222.wav,Marathi
train_marathimale_00223.wav,Marathi
train_marathimale_00224.wav,Marathi
train_marathimale_00225.wav,Marathi
train_marathimale_00226.wav,Marathi
train_marathimale_00227.wav,Marathi
train_marathimale_00228.wav,Marathi
train_marathimale_00229.wav,Marathi
train_marathimale_00230.wav,Marathi
train_marathimale_00231.wav,Marathi
train_marathimale_00232.wav,Marathi
train_marathimale_00233.wav,Marathi
train_marathimale_00234.wav,Marathi
train_marathimale_00235.wav,Marathi
train_marathimale_00236.wav,Marathi
train_marathimale_00237.wav,Marathi
train_marathimale_00238.wav,Marathi
train_marathimale_00239.wav,Marathi
train_marathimale_00240.wav,Marathi
train_marathimale_00241.wav,Marathi
train_marathimale_00242.wav,Marathi
train_marathimale_00243.wav,Marathi
train_marathimale_00244.wav,Marathi
train_marathimale_00245.wav,Marathi
train_marathimale_00246.wav,Marathi
train_marathimale_00247.wav,Marathi
train_marathimale_00248.wav,Marathi
train_marathimale_00249.wav,Marathi
train_marathimale_00250.wav,Marathi
train_marathimale_00251.wav,Marathi
train_marathimale_00252.wav,Marathi
train_marathimale_00253.wav,Marathi
train_marathimale_00254.wav,Marathi
train_marathimale_00255.wav,Marathi
train_marathimale_00256.wav,Marathi
train_marathimale_00257.wav,Marathi
train_marathimale_00258.wav,Marathi
train_marathimale_00259.wav,Marathi
train_marathimale_00260.wav,Marathi
train_marathimale_00261.wav,Marathi
train_marathimale_00262.wav,Marathi
train_marathimale_00263.wav,Marathi
train_marathimale_00264.wav,Marathi
train_marathimale_00265.wav,Marathi
train_marathimale_00266.wav,Marathi
train_marathimale_00267.wav,Marathi
train_marathimale_00268.wav,Marathi
train_marathimale_00269.wav,Marathi
train_marathimale_00270.wav,Marathi
train_marathimale_00271.wav,Marathi
train_marathimale_00272.wav,Marathi
train_marathimale_00273.wav,Marathi
train_marathimale_00274.wav,Marathi
train_marathimale_00275.wav,Marathi
train_marathimale_00276.wav,Marathi
train_marathimale_00277.wav,Marathi
train_marathimale_00278.wav,Marathi
train_marathimale_00279.wav,Marathi
train_marathimale_00280.wav,Marathi
train_marathimale_00281.wav,Marathi
train_marathimale_00282.wav,Marathi
train_marathimale_00283.wav,Marathi
train_marathimale_00284.wav,Marathi
train_marathimale_00285.wav,Marathi
train_marathimale_00286.wav,Marathi
train_marathimale_00287.wav,Marathi
train_marathimale_00288.wav,Marathi
train_marathimale_00289.wav,Marathi
train_marathimale_00290.wav,Marathi
train_marathimale_00291.wav,Marathi
train_marathimale_00292.wav,Marathi
train_marathimale_00293.wav,Marathi
train_marathimale_00294.wav,Marathi
train_marathimale_00295.wav,Marathi
train_marathimale_00296.wav,Marathi
train_marathimale_00297.wav,Marathi
train_marathimale_00298.wav,Marathi
train_marathimale_00299.wav,Marathi
train_marathimale_00300.wav,Marathi
train_marathimale_00301.wav,Marathi
train_marathimale_00302.wav,Marathi
train_marathimale_00303.wav,Marathi
train_marathimale_00304.wav,Marathi
train_marathimale_00305.wav,Marathi
train_marathimale_00306.wav,Marathi
train_marathimale_00307.wav,Marathi
train_marathimale_00308.wav,Marathi
train_marathimale_00309.wav,Marathi
train_marathimale_00310.wav,Marathi
train_marathimale_00311.wav,Marathi
train_marathimale_00312.wav,Marathi
train_marathimale_00313.wav,Marathi
train_marathimale_00314.wav,Marathi
train_marathimale_00315.wav,Marathi
train_marathimale_00316.wav,Marathi
train_marathimale_00317.wav,Marathi
train_marathimale_00318.wav,Marathi
train_marathimale_00319.wav,Marathi
train_marathimale_00320.wav,Marathi
train_marathimale_00321.wav,Marathi
train_marathimale_00322.wav,Marathi
train_marathimale_00323.wav,Marathi
train_marathimale_00324.wav,Marathi
train_marathimale_00325.wav,Marathi
train_marathimale_00326.wav,Marathi
train_marathimale_00327.wav,Marathi
train_marathimale_00328.wav,Marathi
train_marathimale_00329.wav,Marathi
train_marathimale_00330.wav,Marathi
train_marathimale_00331.wav,Marathi
train_marathimale_00332.wav,Marathi
train_marathimale_00333.wav,Marathi
train_marathimale_00334.wav,Marathi
train_marathimale_00335.wav,Marathi
train_marathimale_00336.wav,Marathi
train_marathimale_00337.wav,Marathi
train_marathimale_00338.wav,Marathi
train_marathimale_00339.wav,Marathi
train_marathimale_00340.wav,Marathi
train_marathimale_00341.wav,Marathi
train_marathimale_00342.wav,Marathi
train_marathimale_00343.wav,Marathi
train_marathimale_00344.wav,Marathi
train_marathimale_00345.wav,Marathi
train_marathimale_00346.wav,Marathi
train_marathimale_00347.wav,Marathi
train_marathimale_00348.wav,Marathi
train_marathimale_00349.wav,Marathi
train_marathimale_00350.wav,Marathi
train_marathimale_00351.wav,Marathi
train_marathimale_00352.wav,Marathi
train_marathimale_00353.wav,Marathi
train_marathimale_00354.wav,Marathi
train_marathimale_00355.wav,Marathi
train_marathimale_00356.wav,Marathi
train_marathimale_00357.wav,Marathi
train_marathimale_00358.wav,Marathi
train_marathimale_00359.wav,Marathi
train_marathimale_00360.wav,Marathi
train_marathimale_00361.wav,Marathi
train_marathimale_00362.wav,Marathi
train_marathimale_00363.wav,Marathi
train_marathimale_00364.wav,Marathi
train_marathimale_00365.wav,Marathi
train_marathimale_00366.wav,Marathi
train_marathimale_00367.wav,Marathi
train_marathimale_00368.wav,Marathi
train_marathimale_00369.wav,Marathi
train_marathimale_00370.wav,Marathi
train_marathimale_00371.wav,Marathi
train_marathimale_00372.wav,Marathi
train_marathimale_00373.wav,Marathi
train_marathimale_00374.wav,Marathi
train_marathimale_00375.wav,Marathi
train_marathimale_00376.wav,Marathi
train_marathimale_00377.wav,Marathi
train_marathimale_00378.wav,Marathi
train_marathimale_00379.wav,Marathi
train_marathimale_00380.wav,Marathi
train_marathimale_00381.wav,Marathi
train_marathimale_00382.wav,Marathi
train_marathimale_00383.wav,Marathi
train_marathimale_00384.wav,Marathi
train_marathimale_00385.wav,Marathi
train_marathimale_00386.wav,Marathi
train_marathimale_00387.wav,Marathi
train_marathimale_00388.wav,Marathi
train_marathimale_00389.wav,Marathi
train_marathimale_00390.wav,Marathi
train_marathimale_00391.wav,Marathi
train_marathimale_00392.wav,Marathi
train_marathimale_00393.wav,Marathi
train_marathimale_00394.wav,Marathi
train_marathimale_00395.wav,Marathi
train_marathimale_00396.wav,Marathi
train_marathimale_00397.wav,Marathi
train_marathimale_00398.wav,Marathi
train_marathimale_00399.wav,Marathi
train_marathimale_00400.wav,Marathi
train_marathimale_00401.wav,Marathi
train_marathimale_00402.wav,Marathi
train_marathimale_00403.wav,Marathi
train_marathimale_00404.wav,Marathi
train_marathimale_00405.wav,Marathi
train_marathimale_00406.wav,Marathi
train_marathimale_00407.wav,Marathi
train_marathimale_00408.wav,Marathi
train_marathimale_00409.wav,Marathi
train_marathimale_00410.wav,Marathi
train_marathimale_00411.wav,Marathi
train_marathimale_00412.wav,Marathi
train_marathimale_00413.wav,Marathi
train_marathimale_00414.wav,Marathi
train_marathimale_00415.wav,Marathi
train_marathimale_00416.wav,Marathi
train_marathimale_00417.wav,Marathi
train_marathimale_00418.wav,Marathi
train_marathimale_00419.wav,Marathi
train_marathimale_00420.wav,Marathi
train_marathimale_00421.wav,Marathi
train_marathimale_00422.wav,Marathi
train_marathimale_00423.wav,Marathi
train_marathimale_00424.wav,Marathi
train_marathimale_00425.wav,Marathi
train_marathimale_00426.wav,Marathi
train_marathimale_00427.wav,Marathi
train_marathimale_00428.wav,Marathi
train_marathimale_00429.wav,Marathi
train_marathimale_00430.wav,Marathi
train_marathimale_00431.wav,Marathi
train_marathimale_00432.wav,Marathi
train_marathimale_00433.wav,Marathi
train_marathimale_00434.wav,Marathi
train_marathimale_00435.wav,Marathi
train_marathimale_00436.wav,Marathi
train_marathimale_00437.wav,Marathi
train_marathimale_00438.wav,Marathi
train_marathimale_00439.wav,Marathi
train_marathimale_00440.wav,Marathi
train_marathimale_00441.wav,Marathi
train_marathimale_00442.wav,Marathi
train_marathimale_00443.wav,Marathi
train_marathimale_00444.wav,Marathi
train_marathimale_00445.wav,Marathi
train_marathimale_00446.wav,Marathi
train_marathimale_00447.wav,Marathi
train_marathimale_00448.wav,Marathi
train_marathimale_00449.wav,Marathi
train_marathimale_00450.wav,Marathi
train_marathimale_00451.wav,Marathi
train_marathimale_00452.wav,Marathi
train_marathimale_00453.wav,Marathi
train_marathimale_00454.wav,Marathi
train_marathimale_00455.wav,Marathi
train_marathimale_00456.wav,Marathi
train_marathimale_00457.wav,Marathi
train_marathimale_00458.wav,Marathi
train_marathimale_00459.wav,Marathi
train_marathimale_00460.wav,Marathi
train_marathimale_00461.wav,Marathi
train_marathimale_00462.wav,Marathi
train_marathimale_00463.wav,Marathi
train_marathimale_00464.wav,Marathi
train_marathimale_00465.wav,Marathi
train_marathimale_00466.wav,Marathi
train_marathimale_00467.wav,Marathi
train_marathimale_00468.wav,Marathi
train_marathimale_00469.wav,Marathi
train_marathimale_00470.wav,Marathi
train_marathimale_00471.wav,Marathi
train_marathimale_00472.wav,Marathi
train_marathimale_00473.wav,Marathi
train_marathimale_00474.wav,Marathi
train_marathimale_00475.wav,Marathi
train_marathimale_00476.wav,Marathi
train_marathimale_00477.wav,Marathi
train_marathimale_00478.wav,Marathi
train_marathimale_00479.wav,Marathi
train_marathimale_00480.wav,Marathi
train_marathimale_00481.wav,Marathi
train_marathimale_00482.wav,Marathi
train_marathimale_00483.wav,Marathi
train_marathimale_00484.wav,Marathi
train_marathimale_00485.wav,Marathi
train_marathimale_00486.wav,Marathi
train_marathimale_00487.wav,Marathi
train_marathimale_00488.wav,Marathi
train_marathimale_00489.wav,Marathi
train_marathimale_00490.wav,Marathi
train_marathimale_00491.wav,Marathi
train_marathimale_00492.wav,Marathi
train_marathimale_00493.wav,Marathi
train_marathimale_00494.wav,Marathi
train_marathimale_00495.wav,Marathi
train_marathimale_00496.wav,Marathi
train_marathimale_00497.wav,Marathi
train_marathimale_00498.wav,Marathi
train_marathimale_00499.wav,Marathi
train_marathimale_00500.wav,Marathi
train_marathimale_00501.wav,Marathi
train_marathimale_00502.wav,Marathi
train_marathimale_00503.wav,Marathi
train_marathimale_00504.wav,Marathi
train_marathimale_00505.wav,Marathi
train_marathimale_00506.wav,Marathi
train_marathimale_00507.wav,Marathi
train_marathimale_00508.wav,Marathi
train_marathimale_00509.wav,Marathi
train_marathimale_00510.wav,Marathi
train_marathimale_00511.wav,Marathi
train_marathimale_00512.wav,Marathi
train_marathimale_00513.wav,Marathi
train_marathimale_00514.wav,Marathi
train_marathimale_00515.wav,Marathi
train_marathimale_00516.wav,Marathi
train_marathimale_00517.wav,Marathi
train_marathimale_00518.wav,Marathi
train_marathimale_00519.wav,Marathi
train_marathimale_00520.wav,Marathi
train_marathimale_00521.wav,Marathi
train_marathimale_00522.wav,Marathi
train_marathimale_00523.wav,Marathi
train_marathimale_00524.wav,Marathi
train_marathimale_00525.wav,Marathi
train_marathimale_00526.wav,Marathi
train_marathimale_00527.wav,Marathi
train_marathimale_00528.wav,Marathi
train_marathimale_00529.wav,Marathi
train_marathimale_00530.wav,Marathi
train_marathimale_00531.wav,Marathi
train_marathimale_00532.wav,Marathi
train_marathimale_00533.wav,Marathi
train_marathimale_00534.wav,Marathi
train_marathimale_00535.wav,Marathi
train_marathimale_00536.wav,Marathi
train_marathimale_00537.wav,Marathi
train_marathimale_00538.wav,Marathi
train_marathimale_00539.wav,Marathi
train_marathimale_00540.wav,Marathi
train_marathimale_00541.wav,Marathi
train_marathimale_00542.wav,Marathi
train_marathimale_00543.wav,Marathi
train_marathimale_00544.wav,Marathi
train_marathimale_00545.wav,Marathi
train_marathimale_00546.wav,Marathi
train_marathimale_00547.wav,Marathi
train_marathimale_00548.wav,Marathi
train_marathimale_00549.wav,Marathi
train_marathimale_00550.wav,Marathi
train_marathimale_00551.wav,Marathi
train_marathimale_00552.wav,Marathi
train_marathimale_00553.wav,Marathi
train_marathimale_00554.wav,Marathi
train_marathimale_00555.wav,Marathi
train_marathimale_00556.wav,Marathi
train_marathimale_00557.wav,Marathi
train_marathimale_00558.wav,Marathi
train_marathimale_00559.wav,Marathi
train_marathimale_00560.wav,Marathi
train_marathimale_00561.wav,Marathi
train_marathimale_00562.wav,Marathi
train_marathimale_00563.wav,Marathi
train_marathimale_00564.wav,Marathi
train_marathimale_00565.wav,Marathi
train_marathimale_00566.wav,Marathi
train_marathimale_00567.wav,Marathi
train_marathimale_00568.wav,Marathi
train_marathimale_00569.wav,Marathi
train_marathimale_00570.wav,Marathi
train_marathimale_00571.wav,Marathi
train_marathimale_00572.wav,Marathi
train_marathimale_00573.wav,Marathi
train_marathimale_00574.wav,Marathi
train_marathimale_00575.wav,Marathi
train_marathimale_00576.wav,Marathi
train_marathimale_00577.wav,Marathi
train_marathimale_00578.wav,Marathi
train_marathimale_00579.wav,Marathi
train_marathimale_00580.wav,Marathi
train_marathimale_00581.wav,Marathi
train_marathimale_00582.wav,Marathi
train_marathimale_00583.wav,Marathi
train_marathimale_00584.wav,Marathi
train_marathimale_00585.wav,Marathi
train_marathimale_00586.wav,Marathi
train_marathimale_00587.wav,Marathi
train_marathimale_00588.wav,Marathi
train_marathimale_00589.wav,Marathi
train_marathimale_00590.wav,Marathi
train_marathimale_00591.wav,Marathi
train_marathimale_00592.wav,Marathi
train_marathimale_00593.wav,Marathi
train_marathimale_00594.wav,Marathi
train_marathimale_00595.wav,Marathi
train_marathimale_00596.wav,Marathi
train_marathimale_00597.wav,Marathi
train_marathimale_00598.wav,Marathi
train_marathimale_00599.wav,Marathi
train_marathimale_00600.wav,Marathi
train_marathimale_00601.wav,Marathi
train_marathimale_00602.wav,Marathi
train_marathimale_00603.wav,Marathi
train_marathimale_00604.wav,Marathi
train_marathimale_00605.wav,Marathi
train_marathimale_00606.wav,Marathi
train_marathimale_00607.wav,Marathi
train_marathimale_00608.wav,Marathi
train_marathimale_00609.wav,Marathi
train_marathimale_00610.wav,Marathi
train_marathimale_00611.wav,Marathi
train_marathimale_00612.wav,Marathi
train_marathimale_00613.wav,Marathi
train_marathimale_00614.wav,Marathi
train_marathimale_00615.wav,Marathi
train_marathimale_00616.wav,Marathi
train_marathimale_00617.wav,Marathi
train_marathimale_00618.wav,Marathi
train_marathimale_00619.wav,Marathi
train_marathimale_00620.wav,Marathi
train_marathimale_00621.wav,Marathi
train_marathimale_00622.wav,Marathi
train_marathimale_00623.wav,Marathi
train_marathimale_00624.wav,Marathi
train_marathimale_00625.wav,Marathi
train_marathimale_00626.wav,Marathi
train_marathimale_00627.wav,Marathi
train_marathimale_00628.wav,Marathi
train_marathimale_00629.wav,Marathi
train_marathimale_00630.wav,Marathi
train_marathimale_00631.wav,Marathi
train_marathimale_00632.wav,Marathi
train_marathimale_00633.wav,Marathi
train_marathimale_00634.wav,Marathi
train_marathimale_00635.wav,Marathi
train_marathimale_00636.wav,Marathi
train_marathimale_00637.wav,Marathi
train_marathimale_00638.wav,Marathi
train_marathimale_00639.wav,Marathi
train_marathimale_00640.wav,Marathi
train_marathimale_00641.wav,Marathi
train_marathimale_00642.wav,Marathi
train_marathimale_00643.wav,Marathi
train_marathimale_00644.wav,Marathi
train_marathimale_00645.wav,Marathi
train_marathimale_00646.wav,Marathi
train_marathimale_00647.wav,Marathi
train_marathimale_00648.wav,Marathi
train_marathimale_00649.wav,Marathi
train_marathimale_00650.wav,Marathi
train_marathimale_00651.wav,Marathi
train_marathimale_00652.wav,Marathi
train_marathimale_00653.wav,Marathi
train_marathimale_00654.wav,Marathi
train_marathimale_00655.wav,Marathi
train_marathimale_00656.wav,Marathi
train_marathimale_00657.wav,Marathi
train_marathimale_00658.wav,Marathi
train_marathimale_00659.wav,Marathi
train_marathimale_00660.wav,Marathi
train_marathimale_00661.wav,Marathi
train_marathimale_00662.wav,Marathi
train_marathimale_00663.wav,Marathi
train_marathimale_00664.wav,Marathi
train_marathimale_00665.wav,Marathi
train_marathimale_00666.wav,Marathi
train_marathimale_00667.wav,Marathi
train_marathimale_00668.wav,Marathi
train_marathimale_00669.wav,Marathi
train_marathimale_00670.wav,Marathi
train_marathimale_00671.wav,Marathi
train_marathimale_00672.wav,Marathi
train_marathimale_00673.wav,Marathi
train_marathimale_00674.wav,Marathi
train_marathimale_00675.wav,Marathi
train_marathimale_00676.wav,Marathi
train_marathimale_00677.wav,Marathi
train_marathimale_00678.wav,Marathi
train_marathimale_00679.wav,Marathi
train_marathimale_00680.wav,Marathi
train_marathimale_00681.wav,Marathi
train_marathimale_00682.wav,Marathi
train_marathimale_00683.wav,Marathi
train_marathimale_00684.wav,Marathi
train_marathimale_00685.wav,Marathi
train_marathimale_00686.wav,Marathi
train_marathimale_00687.wav,Marathi
train_marathimale_00688.wav,Marathi
train_marathimale_00689.wav,Marathi
train_marathimale_00690.wav,Marathi
train_marathimale_00691.wav,Marathi
train_marathimale_00692.wav,Marathi
train_marathimale_00693.wav,Marathi
train_marathimale_00694.wav,Marathi
train_marathimale_00695.wav,Marathi
train_marathimale_00696.wav,Marathi
train_marathimale_00697.wav,Marathi
train_marathimale_00698.wav,Marathi
train_marathimale_00699.wav,Marathi
train_marathimale_00700.wav,Marathi
train_marathimale_00701.wav,Marathi
train_marathimale_00702.wav,Marathi
train_marathimale_00703.wav,Marathi
train_marathimale_00704.wav,Marathi
train_marathimale_00705.wav,Marathi
train_marathimale_00706.wav,Marathi
train_marathimale_00707.wav,Marathi
train_marathimale_00708.wav,Marathi
train_marathimale_00709.wav,Marathi
train_marathimale_00710.wav,Marathi
train_marathimale_00711.wav,Marathi
train_marathimale_00712.wav,Marathi
train_marathimale_00713.wav,Marathi
train_marathimale_00714.wav,Marathi
train_marathimale_00715.wav,Marathi
train_marathimale_00716.wav,Marathi
train_marathimale_00717.wav,Marathi
train_marathimale_00718.wav,Marathi
train_marathimale_00719.wav,Marathi
train_marathimale_00720.wav,Marathi
train_marathimale_00721.wav,Marathi
train_marathimale_00722.wav,Marathi
train_marathimale_00723.wav,Marathi
train_marathimale_00724.wav,Marathi
train_marathimale_00725.wav,Marathi
train_marathimale_00726.wav,Marathi
train_marathimale_00727.wav,Marathi
train_marathimale_00728.wav,Marathi
train_marathimale_00729.wav,Marathi
train_marathimale_00730.wav,Marathi
train_marathimale_00731.wav,Marathi
train_marathimale_00732.wav,Marathi
train_marathimale_00733.wav,Marathi
train_marathimale_00734.wav,Marathi
train_marathimale_00735.wav,Marathi
train_marathimale_00736.wav,Marathi
train_marathimale_00737.wav,Marathi
train_marathimale_00738.wav,Marathi
train_marathimale_00739.wav,Marathi
train_marathimale_00740.wav,Marathi
train_marathimale_00741.wav,Marathi
train_marathimale_00742.wav,Marathi
train_marathimale_00743.wav,Marathi
train_marathimale_00744.wav,Marathi
train_marathimale_00745.wav,Marathi
train_marathimale_00746.wav,Marathi
train_marathimale_00747.wav,Marathi
train_marathimale_00748.wav,Marathi
train_marathimale_00749.wav,Marathi
train_marathimale_00750.wav,Marathi
train_marathimale_00751.wav,Marathi
train_marathimale_00752.wav,Marathi
train_marathimale_00753.wav,Marathi
train_marathimale_00754.wav,Marathi
train_marathimale_00755.wav,Marathi
train_marathimale_00756.wav,Marathi
train_marathimale_00757.wav,Marathi
train_marathimale_00758.wav,Marathi
train_marathimale_00759.wav,Marathi
train_marathimale_00760.wav,Marathi
train_marathimale_00761.wav,Marathi
train_marathimale_00762.wav,Marathi
train_marathimale_00763.wav,Marathi
train_marathimale_00764.wav,Marathi
train_marathimale_00765.wav,Marathi
train_marathimale_00766.wav,Marathi
train_marathimale_00767.wav,Marathi
train_marathimale_00768.wav,Marathi
train_marathimale_00769.wav,Marathi
train_marathimale_00770.wav,Marathi
train_marathimale_00771.wav,Marathi
train_marathimale_00772.wav,Marathi
train_marathimale_00773.wav,Marathi
train_marathimale_00774.wav,Marathi
train_marathimale_00775.wav,Marathi
train_marathimale_00776.wav,Marathi
train_marathimale_00777.wav,Marathi
train_marathimale_00778.wav,Marathi
train_marathimale_00779.wav,Marathi
train_marathimale_00780.wav,Marathi
train_marathimale_00781.wav,Marathi
train_marathimale_00782.wav,Marathi
train_marathimale_00783.wav,Marathi
train_marathimale_00784.wav,Marathi
train_marathimale_00785.wav,Marathi
train_marathimale_00786.wav,Marathi
train_marathimale_00787.wav,Marathi
train_marathimale_00788.wav,Marathi
train_marathimale_00789.wav,Marathi
train_marathimale_00790.wav,Marathi
train_marathimale_00791.wav,Marathi
train_marathimale_00792.wav,Marathi
train_marathimale_00793.wav,Marathi
train_marathimale_00794.wav,Marathi
train_marathimale_00795.wav,Marathi
train_marathimale_00796.wav,Marathi
train_marathimale_00797.wav,Marathi
train_marathimale_00798.wav,Marathi
train_marathimale_00799.wav,Marathi
train_marathimale_00800.wav,Marathi
train_marathimale_00801.wav,Marathi
train_marathimale_00802.wav,Marathi
train_marathimale_00803.wav,Marathi
train_marathimale_00804.wav,Marathi
train_marathimale_00805.wav,Marathi
train_marathimale_00806.wav,Marathi
train_marathimale_00807.wav,Marathi
train_marathimale_00808.wav,Marathi
train_marathimale_00809.wav,Marathi
train_marathimale_00810.wav,Marathi
train_marathimale_00811.wav,Marathi
train_marathimale_00812.wav,Marathi
train_marathimale_00813.wav,Marathi
train_marathimale_00814.wav,Marathi
train_marathimale_00815.wav,Marathi
train_marathimale_00816.wav,Marathi
train_marathimale_00817.wav,Marathi
train_marathimale_00818.wav,Marathi
train_marathimale_00819.wav,Marathi
train_marathimale_00820.wav,Marathi
train_marathimale_00821.wav,Marathi
train_marathimale_00822.wav,Marathi
train_marathimale_00823.wav,Marathi
train_marathimale_00824.wav,Marathi
train_marathimale_00825.wav,Marathi
train_marathimale_00826.wav,Marathi
train_marathimale_00827.wav,Marathi
train_marathimale_00828.wav,Marathi
train_marathimale_00829.wav,Marathi
train_marathimale_00830.wav,Marathi
train_marathimale_00831.wav,Marathi
train_marathimale_00832.wav,Marathi
train_marathimale_00833.wav,Marathi
train_marathimale_00834.wav,Marathi
train_marathimale_00835.wav,Marathi
train_marathimale_00836.wav,Marathi
train_marathimale_00837.wav,Marathi
train_marathimale_00838.wav,Marathi
train_marathimale_00839.wav,Marathi
train_marathimale_00840.wav,Marathi
train_marathimale_00841.wav,Marathi
train_marathimale_00842.wav,Marathi
train_marathimale_00843.wav,Marathi
train_marathimale_00844.wav,Marathi
train_marathimale_00845.wav,Marathi
train_marathimale_00846.wav,Marathi
train_marathimale_00847.wav,Marathi
train_marathimale_00848.wav,Marathi
train_marathimale_00849.wav,Marathi
train_marathimale_00850.wav,Marathi
train_marathimale_00851.wav,Marathi
train_marathimale_00852.wav,Marathi
train_marathimale_00853.wav,Marathi
train_marathimale_00854.wav,Marathi
train_marathimale_00855.wav,Marathi
train_marathimale_00856.wav,Marathi
train_marathimale_00857.wav,Marathi
train_marathimale_00858.wav,Marathi
train_marathimale_00859.wav,Marathi
train_marathimale_00860.wav,Marathi
train_marathimale_00861.wav,Marathi
train_marathimale_00862.wav,Marathi
train_marathimale_00863.wav,Marathi
train_marathimale_00864.wav,Marathi
train_marathimale_00865.wav,Marathi
train_marathimale_00866.wav,Marathi
train_marathimale_00867.wav,Marathi
train_marathimale_00868.wav,Marathi
train_marathimale_00869.wav,Marathi
train_marathimale_00870.wav,Marathi
train_marathimale_00871.wav,Marathi
train_marathimale_00872.wav,Marathi
train_marathimale_00873.wav,Marathi
train_marathimale_00874.wav,Marathi
train_marathimale_00875.wav,Marathi
train_marathimale_00876.wav,Marathi
train_marathimale_00877.wav,Marathi
train_marathimale_00878.wav,Marathi
train_marathimale_00879.wav,Marathi
train_marathimale_00880.wav,Marathi
train_marathimale_00881.wav,Marathi
train_marathimale_00882.wav,Marathi
train_marathimale_00883.wav,Marathi
train_marathimale_00884.wav,Marathi
train_marathimale_00885.wav,Marathi
train_marathimale_00886.wav,Marathi
train_marathimale_00887.wav,Marathi
train_marathimale_00888.wav,Marathi
train_marathimale_00889.wav,Marathi
train_marathimale_00890.wav,Marathi
train_marathimale_00891.wav,Marathi
train_marathimale_00892.wav,Marathi
train_marathimale_00893.wav,Marathi
train_marathimale_00894.wav,Marathi
train_marathimale_00895.wav,Marathi
train_marathimale_00896.wav,Marathi
train_marathimale_00897.wav,Marathi
train_marathimale_00898.wav,Marathi
train_marathimale_00899.wav,Marathi
train_marathimale_00900.wav,Marathi
train_marathimale_00901.wav,Marathi
train_marathimale_00902.wav,Marathi
train_marathimale_00903.wav,Marathi
train_marathimale_00904.wav,Marathi
train_marathimale_00905.wav,Marathi
train_marathimale_00906.wav,Marathi
train_marathimale_00907.wav,Marathi
train_marathimale_00908.wav,Marathi
train_marathimale_00909.wav,Marathi
train_marathimale_00910.wav,Marathi
train_marathimale_00911.wav,Marathi
train_marathimale_00912.wav,Marathi
train_marathimale_00913.wav,Marathi
train_marathimale_00914.wav,Marathi
train_marathimale_00915.wav,Marathi
train_marathimale_00916.wav,Marathi
train_marathimale_00917.wav,Marathi
train_marathimale_00918.wav,Marathi
train_marathimale_00919.wav,Marathi
train_marathimale_00920.wav,Marathi
train_marathimale_00921.wav,Marathi
train_marathimale_00922.wav,Marathi
train_marathimale_00923.wav,Marathi
train_marathimale_00924.wav,Marathi
train_marathimale_00925.wav,Marathi
train_marathimale_00926.wav,Marathi
train_marathimale_00927.wav,Marathi
train_marathimale_00928.wav,Marathi
train_marathimale_00929.wav,Marathi
train_marathimale_00930.wav,Marathi
train_marathimale_00931.wav,Marathi
train_marathimale_00932.wav,Marathi
train_marathimale_00933.wav,Marathi
train_marathimale_00934.wav,Marathi
train_marathimale_00935.wav,Marathi
train_marathimale_00936.wav,Marathi
train_marathimale_00937.wav,Marathi
train_marathimale_00938.wav,Marathi
train_marathimale_00939.wav,Marathi
train_marathimale_00940.wav,Marathi
train_marathimale_00941.wav,Marathi
train_marathimale_00942.wav,Marathi
train_marathimale_00943.wav,Marathi
train_marathimale_00944.wav,Marathi
train_marathimale_00945.wav,Marathi
train_marathimale_00946.wav,Marathi
train_marathimale_00947.wav,Marathi
train_marathimale_00948.wav,Marathi
train_marathimale_00949.wav,Marathi
train_marathimale_00950.wav,Marathi
train_marathimale_00951.wav,Marathi
train_marathimale_00952.wav,Marathi
train_marathimale_00953.wav,Marathi
train_marathimale_00954.wav,Marathi
train_marathimale_00955.wav,Marathi
train_marathimale_00956.wav,Marathi
train_marathimale_00957.wav,Marathi
train_marathimale_00958.wav,Marathi
train_marathimale_00959.wav,Marathi
train_marathimale_00960.wav,Marathi
train_marathimale_00961.wav,Marathi
train_marathimale_00962.wav,Marathi
train_marathimale_00963.wav,Marathi
train_marathimale_00964.wav,Marathi
train_marathimale_00965.wav,Marathi
train_marathimale_00966.wav,Marathi
train_marathimale_00967.wav,Marathi
train_marathimale_00968.wav,Marathi
train_marathimale_00969.wav,Marathi
train_marathimale_00970.wav,Marathi
train_marathimale_00971.wav,Marathi
train_marathimale_00972.wav,Marathi
train_marathimale_00973.wav,Marathi
train_marathimale_00974.wav,Marathi
train_marathimale_00975.wav,Marathi
train_marathimale_00976.wav,Marathi
train_marathimale_00977.wav,Marathi
train_marathimale_00978.wav,Marathi
train_marathimale_00979.wav,Marathi
train_marathimale_00980.wav,Marathi
train_marathimale_00981.wav,Marathi
train_marathimale_00982.wav,Marathi
train_marathimale_00983.wav,Marathi
train_marathimale_00984.wav,Marathi
train_marathimale_00985.wav,Marathi
train_marathimale_00986.wav,Marathi
train_marathimale_00987.wav,Marathi
train_marathimale_00988.wav,Marathi
train_marathimale_00989.wav,Marathi
train_marathimale_00990.wav,Marathi
train_marathimale_00991.wav,Marathi
train_marathimale_00992.wav,Marathi
train_marathimale_00993.wav,Marathi
train_marathimale_00994.wav,Marathi
train_marathimale_00995.wav,Marathi
train_marathimale_00996.wav,Marathi
train_marathimale_00997.wav,Marathi
train_marathimale_00998.wav,Marathi
train_marathimale_00999.wav,Marathi
train_marathimale_01000.wav,Marathi
train_marathimale_01001.wav,Marathi
train_marathimale_01002.wav,Marathi
train_marathimale_01003.wav,Marathi
train_marathimale_01004.wav,Marathi
train_marathimale_01005.wav,Marathi
train_marathimale_01006.wav,Marathi
train_marathimale_01007.wav,Marathi
train_marathimale_01008.wav,Marathi
train_marathimale_01009.wav,Marathi
train_marathimale_01010.wav,Marathi
train_odiafemale_00001.wav,Odia
train_odiafemale_00002.wav,Odia
train_odiafemale_00003.wav,Odia
train_odiafemale_00004.wav,Odia
train_odiafemale_00005.wav,Odia
train_odiafemale_00006.wav,Odia
train_odiafemale_00007.wav,Odia
train_odiafemale_00008.wav,Odia
train_odiafemale_00009.wav,Odia
train_odiafemale_00010.wav,Odia
train_odiafemale_00011.wav,Odia
train_odiafemale_00012.wav,Odia
train_odiafemale_00013.wav,Odia
train_odiafemale_00014.wav,Odia
train_odiafemale_00015.wav,Odia
train_odiafemale_00016.wav,Odia
train_odiafemale_00017.wav,Odia
train_odiafemale_00018.wav,Odia
train_odiafemale_00019.wav,Odia
train_odiafemale_00020.wav,Odia
train_odiafemale_00021.wav,Odia
train_odiafemale_00022.wav,Odia
train_odiafemale_00023.wav,Odia
train_odiafemale_00024.wav,Odia
train_odiafemale_00025.wav,Odia
train_odiafemale_00026.wav,Odia
train_odiafemale_00027.wav,Odia
train_odiafemale_00028.wav,Odia
train_odiafemale_00029.wav,Odia
train_odiafemale_00030.wav,Odia
train_odiafemale_00031.wav,Odia
train_odiafemale_00032.wav,Odia
train_odiafemale_00033.wav,Odia
train_odiafemale_00034.wav,Odia
train_odiafemale_00035.wav,Odia
train_odiafemale_00036.wav,Odia
train_odiafemale_00037.wav,Odia
train_odiafemale_00038.wav,Odia
train_odiafemale_00039.wav,Odia
train_odiafemale_00040.wav,Odia
train_odiafemale_00041.wav,Odia
train_odiafemale_00042.wav,Odia
train_odiafemale_00043.wav,Odia
train_odiafemale_00044.wav,Odia
train_odiafemale_00045.wav,Odia
train_odiafemale_00046.wav,Odia
train_odiafemale_00047.wav,Odia
train_odiafemale_00048.wav,Odia
train_odiafemale_00049.wav,Odia
train_odiafemale_00050.wav,Odia
train_odiafemale_00051.wav,Odia
train_odiafemale_00052.wav,Odia
train_odiafemale_00053.wav,Odia
train_odiafemale_00054.wav,Odia
train_odiafemale_00055.wav,Odia
train_odiafemale_00056.wav,Odia
train_odiafemale_00057.wav,Odia
train_odiafemale_00058.wav,Odia
train_odiafemale_00059.wav,Odia
train_odiafemale_00060.wav,Odia
train_odiafemale_00061.wav,Odia
train_odiafemale_00062.wav,Odia
train_odiafemale_00063.wav,Odia
train_odiafemale_00064.wav,Odia
train_odiafemale_00065.wav,Odia
train_odiafemale_00066.wav,Odia
train_odiafemale_00067.wav,Odia
train_odiafemale_00068.wav,Odia
train_odiafemale_00069.wav,Odia
train_odiafemale_00070.wav,Odia
train_odiafemale_00071.wav,Odia
train_odiafemale_00072.wav,Odia
train_odiafemale_00073.wav,Odia
train_odiafemale_00074.wav,Odia
train_odiafemale_00075.wav,Odia
train_odiafemale_00076.wav,Odia
train_odiafemale_00077.wav,Odia
train_odiafemale_00078.wav,Odia
train_odiafemale_00079.wav,Odia
train_odiafemale_00080.wav,Odia
train_odiafemale_00081.wav,Odia
train_odiafemale_00082.wav,Odia
train_odiafemale_00083.wav,Odia
train_odiafemale_00084.wav,Odia
train_odiafemale_00085.wav,Odia
train_odiafemale_00086.wav,Odia
train_odiafemale_00087.wav,Odia
train_odiafemale_00088.wav,Odia
train_odiafemale_00089.wav,Odia
train_odiafemale_00090.wav,Odia
train_odiafemale_00091.wav,Odia
train_odiafemale_00092.wav,Odia
train_odiafemale_00093.wav,Odia
train_odiafemale_00094.wav,Odia
train_odiafemale_00095.wav,Odia
train_odiafemale_00096.wav,Odia
train_odiafemale_00097.wav,Odia
train_odiafemale_00098.wav,Odia
train_odiafemale_00099.wav,Odia
train_odiafemale_00100.wav,Odia
train_odiafemale_00101.wav,Odia
train_odiafemale_00102.wav,Odia
train_odiafemale_00103.wav,Odia
train_odiafemale_00104.wav,Odia
train_odiafemale_00105.wav,Odia
train_odiafemale_00106.wav,Odia
train_odiafemale_00107.wav,Odia
train_odiafemale_00108.wav,Odia
train_odiafemale_00109.wav,Odia
train_odiafemale_00110.wav,Odia
train_odiafemale_00111.wav,Odia
train_odiafemale_00112.wav,Odia
train_odiafemale_00113.wav,Odia
train_odiafemale_00114.wav,Odia
train_odiafemale_00115.wav,Odia
train_odiafemale_00116.wav,Odia
train_odiafemale_00117.wav,Odia
train_odiafemale_00118.wav,Odia
train_odiafemale_00119.wav,Odia
train_odiafemale_00120.wav,Odia
train_odiafemale_00121.wav,Odia
train_odiafemale_00122.wav,Odia
train_odiafemale_00123.wav,Odia
train_odiafemale_00124.wav,Odia
train_odiafemale_00125.wav,Odia
train_odiafemale_00126.wav,Odia
train_odiafemale_00127.wav,Odia
train_odiafemale_00128.wav,Odia
train_odiafemale_00129.wav,Odia
train_odiafemale_00130.wav,Odia
train_odiafemale_00131.wav,Odia
train_odiafemale_00132.wav,Odia
train_odiafemale_00133.wav,Odia
train_odiafemale_00134.wav,Odia
train_odiafemale_00135.wav,Odia
train_odiafemale_00136.wav,Odia
train_odiafemale_00137.wav,Odia
train_odiafemale_00138.wav,Odia
train_odiafemale_00139.wav,Odia
train_odiafemale_00140.wav,Odia
train_odiafemale_00141.wav,Odia
train_odiafemale_00142.wav,Odia
train_odiafemale_00143.wav,Odia
train_odiafemale_00144.wav,Odia
train_odiafemale_00145.wav,Odia
train_odiafemale_00146.wav,Odia
train_odiafemale_00147.wav,Odia
train_odiafemale_00148.wav,Odia
train_odiafemale_00149.wav,Odia
train_odiafemale_00150.wav,Odia
train_odiafemale_00151.wav,Odia
train_odiafemale_00152.wav,Odia
train_odiafemale_00153.wav,Odia
train_odiafemale_00154.wav,Odia
train_odiafemale_00155.wav,Odia
train_odiafemale_00156.wav,Odia
train_odiafemale_00157.wav,Odia
train_odiafemale_00158.wav,Odia
train_odiafemale_00159.wav,Odia
train_odiafemale_00160.wav,Odia
train_odiafemale_00161.wav,Odia
train_odiafemale_00162.wav,Odia
train_odiafemale_00163.wav,Odia
train_odiafemale_00164.wav,Odia
train_odiafemale_00165.wav,Odia
train_odiafemale_00166.wav,Odia
train_odiafemale_00167.wav,Odia
train_odiafemale_00168.wav,Odia
train_odiafemale_00169.wav,Odia
train_odiafemale_00170.wav,Odia
train_odiafemale_00171.wav,Odia
train_odiafemale_00172.wav,Odia
train_odiafemale_00173.wav,Odia
train_odiafemale_00174.wav,Odia
train_odiafemale_00175.wav,Odia
train_odiafemale_00176.wav,Odia
train_odiafemale_00177.wav,Odia
train_odiafemale_00178.wav,Odia
train_odiafemale_00179.wav,Odia
train_odiafemale_00180.wav,Odia
train_odiafemale_00181.wav,Odia
train_odiafemale_00182.wav,Odia
train_odiafemale_00183.wav,Odia
train_odiafemale_00184.wav,Odia
train_odiafemale_00185.wav,Odia
train_odiafemale_00186.wav,Odia
train_odiafemale_00187.wav,Odia
train_odiafemale_00188.wav,Odia
train_odiafemale_00189.wav,Odia
train_odiafemale_00190.wav,Odia
train_odiafemale_00191.wav,Odia
train_odiafemale_00192.wav,Odia
train_odiafemale_00193.wav,Odia
train_odiafemale_00194.wav,Odia
train_odiafemale_00195.wav,Odia
train_odiafemale_00196.wav,Odia
train_odiafemale_00197.wav,Odia
train_odiafemale_00198.wav,Odia
train_odiafemale_00199.wav,Odia
train_odiafemale_00200.wav,Odia
train_odiafemale_00201.wav,Odia
train_odiafemale_00202.wav,Odia
train_odiafemale_00203.wav,Odia
train_odiafemale_00204.wav,Odia
train_odiafemale_00205.wav,Odia
train_odiafemale_00206.wav,Odia
train_odiafemale_00207.wav,Odia
train_odiafemale_00208.wav,Odia
train_odiafemale_00209.wav,Odia
train_odiafemale_00210.wav,Odia
train_odiafemale_00211.wav,Odia
train_odiafemale_00212.wav,Odia
train_odiafemale_00213.wav,Odia
train_odiafemale_00214.wav,Odia
train_odiafemale_00215.wav,Odia
train_odiafemale_00216.wav,Odia
train_odiafemale_00217.wav,Odia
train_odiafemale_00218.wav,Odia
train_odiafemale_00219.wav,Odia
train_odiafemale_00220.wav,Odia
train_odiafemale_00221.wav,Odia
train_odiafemale_00222.wav,Odia
train_odiafemale_00223.wav,Odia
train_odiafemale_00224.wav,Odia
train_odiafemale_00225.wav,Odia
train_odiafemale_00226.wav,Odia
train_odiafemale_00227.wav,Odia
train_odiafemale_00228.wav,Odia
train_odiafemale_00229.wav,Odia
train_odiafemale_00230.wav,Odia
train_odiafemale_00231.wav,Odia
train_odiafemale_00232.wav,Odia
train_odiafemale_00233.wav,Odia
train_odiafemale_00234.wav,Odia
train_odiafemale_00235.wav,Odia
train_odiafemale_00236.wav,Odia
train_odiafemale_00237.wav,Odia
train_odiafemale_00238.wav,Odia
train_odiafemale_00239.wav,Odia
train_odiafemale_00240.wav,Odia
train_odiafemale_00241.wav,Odia
train_odiafemale_00242.wav,Odia
train_odiafemale_00243.wav,Odia
train_odiafemale_00244.wav,Odia
train_odiafemale_00245.wav,Odia
train_odiafemale_00246.wav,Odia
train_odiafemale_00247.wav,Odia
train_odiafemale_00248.wav,Odia
train_odiafemale_00249.wav,Odia
train_odiafemale_00250.wav,Odia
train_odiafemale_00251.wav,Odia
train_odiafemale_00252.wav,Odia
train_odiafemale_00253.wav,Odia
train_odiafemale_00254.wav,Odia
train_odiafemale_00255.wav,Odia
train_odiafemale_00256.wav,Odia
train_odiafemale_00257.wav,Odia
train_odiafemale_00258.wav,Odia
train_odiafemale_00259.wav,Odia
train_odiafemale_00260.wav,Odia
train_odiafemale_00261.wav,Odia
train_odiafemale_00262.wav,Odia
train_odiafemale_00263.wav,Odia
train_odiafemale_00264.wav,Odia
train_odiafemale_00265.wav,Odia
train_odiafemale_00266.wav,Odia
train_odiafemale_00267.wav,Odia
train_odiafemale_00268.wav,Odia
train_odiafemale_00269.wav,Odia
train_odiafemale_00270.wav,Odia
train_odiafemale_00271.wav,Odia
train_odiafemale_00272.wav,Odia
train_odiafemale_00273.wav,Odia
train_odiafemale_00274.wav,Odia
train_odiafemale_00275.wav,Odia
train_odiafemale_00276.wav,Odia
train_odiafemale_00277.wav,Odia
train_odiafemale_00278.wav,Odia
train_odiafemale_00279.wav,Odia
train_odiafemale_00280.wav,Odia
train_odiafemale_00281.wav,Odia
train_odiafemale_00282.wav,Odia
train_odiafemale_00283.wav,Odia
train_odiafemale_00284.wav,Odia
train_odiafemale_00285.wav,Odia
train_odiafemale_00286.wav,Odia
train_odiafemale_00287.wav,Odia
train_odiafemale_00288.wav,Odia
train_odiafemale_00289.wav,Odia
train_odiafemale_00290.wav,Odia
train_odiafemale_00291.wav,Odia
train_odiafemale_00292.wav,Odia
train_odiafemale_00293.wav,Odia
train_odiafemale_00294.wav,Odia
train_odiafemale_00295.wav,Odia
train_odiafemale_00296.wav,Odia
train_odiafemale_00297.wav,Odia
train_odiafemale_00298.wav,Odia
train_odiafemale_00299.wav,Odia
train_odiafemale_00300.wav,Odia
train_odiafemale_00301.wav,Odia
train_odiafemale_00302.wav,Odia
train_odiafemale_00303.wav,Odia
train_odiafemale_00304.wav,Odia
train_odiafemale_00305.wav,Odia
train_odiafemale_00306.wav,Odia
train_odiafemale_00307.wav,Odia
train_odiafemale_00308.wav,Odia
train_odiafemale_00309.wav,Odia
train_odiafemale_00310.wav,Odia
train_odiafemale_00311.wav,Odia
train_odiafemale_00312.wav,Odia
train_odiafemale_00313.wav,Odia
train_odiafemale_00314.wav,Odia
train_odiafemale_00315.wav,Odia
train_odiafemale_00316.wav,Odia
train_odiafemale_00317.wav,Odia
train_odiafemale_00318.wav,Odia
train_odiafemale_00319.wav,Odia
train_odiafemale_00320.wav,Odia
train_odiafemale_00321.wav,Odia
train_odiafemale_00322.wav,Odia
train_odiafemale_00323.wav,Odia
train_odiafemale_00324.wav,Odia
train_odiafemale_00325.wav,Odia
train_odiafemale_00326.wav,Odia
train_odiafemale_00327.wav,Odia
train_odiafemale_00328.wav,Odia
train_odiafemale_00329.wav,Odia
train_odiafemale_00330.wav,Odia
train_odiafemale_00331.wav,Odia
train_odiafemale_00332.wav,Odia
train_odiafemale_00333.wav,Odia
train_odiafemale_00334.wav,Odia
train_odiafemale_00335.wav,Odia
train_odiafemale_00336.wav,Odia
train_odiafemale_00337.wav,Odia
train_odiafemale_00338.wav,Odia
train_odiafemale_00339.wav,Odia
train_odiafemale_00340.wav,Odia
train_odiafemale_00341.wav,Odia
train_odiafemale_00342.wav,Odia
train_odiafemale_00343.wav,Odia
train_odiafemale_00344.wav,Odia
train_odiafemale_00345.wav,Odia
train_odiafemale_00346.wav,Odia
train_odiafemale_00347.wav,Odia
train_odiafemale_00348.wav,Odia
train_odiafemale_00349.wav,Odia
train_odiafemale_00350.wav,Odia
train_odiafemale_00351.wav,Odia
train_odiafemale_00352.wav,Odia
train_odiafemale_00353.wav,Odia
train_odiafemale_00354.wav,Odia
train_odiafemale_00355.wav,Odia
train_odiafemale_00356.wav,Odia
train_odiafemale_00357.wav,Odia
train_odiafemale_00358.wav,Odia
train_odiafemale_00359.wav,Odia
train_odiafemale_00360.wav,Odia
train_odiafemale_00361.wav,Odia
train_odiafemale_00362.wav,Odia
train_odiafemale_00363.wav,Odia
train_odiafemale_00364.wav,Odia
train_odiafemale_00365.wav,Odia
train_odiafemale_00366.wav,Odia
train_odiafemale_00367.wav,Odia
train_odiafemale_00368.wav,Odia
train_odiafemale_00369.wav,Odia
train_odiafemale_00370.wav,Odia
train_odiafemale_00371.wav,Odia
train_odiafemale_00372.wav,Odia
train_odiafemale_00373.wav,Odia
train_odiafemale_00374.wav,Odia
train_odiafemale_00375.wav,Odia
train_odiafemale_00376.wav,Odia
train_odiafemale_00377.wav,Odia
train_odiafemale_00378.wav,Odia
train_odiafemale_00379.wav,Odia
train_odiafemale_00380.wav,Odia
train_odiafemale_00381.wav,Odia
train_odiafemale_00382.wav,Odia
train_odiafemale_00383.wav,Odia
train_odiafemale_00384.wav,Odia
train_odiafemale_00385.wav,Odia
train_odiafemale_00386.wav,Odia
train_odiafemale_00387.wav,Odia
train_odiafemale_00388.wav,Odia
train_odiafemale_00389.wav,Odia
train_odiafemale_00390.wav,Odia
train_odiafemale_00391.wav,Odia
train_odiafemale_00392.wav,Odia
train_odiafemale_00393.wav,Odia
train_odiafemale_00394.wav,Odia
train_odiafemale_00395.wav,Odia
train_odiafemale_00396.wav,Odia
train_odiafemale_00397.wav,Odia
train_odiafemale_00398.wav,Odia
train_odiafemale_00399.wav,Odia
train_odiafemale_00400.wav,Odia
train_odiafemale_00401.wav,Odia
train_odiafemale_00402.wav,Odia
train_odiafemale_00403.wav,Odia
train_odiafemale_00404.wav,Odia
train_odiafemale_00405.wav,Odia
train_odiafemale_00406.wav,Odia
train_odiafemale_00407.wav,Odia
train_odiafemale_00408.wav,Odia
train_odiafemale_00409.wav,Odia
train_odiafemale_00410.wav,Odia
train_odiafemale_00411.wav,Odia
train_odiafemale_00412.wav,Odia
train_odiafemale_00413.wav,Odia
train_odiafemale_00414.wav,Odia
train_odiafemale_00415.wav,Odia
train_odiafemale_00416.wav,Odia
train_odiafemale_00417.wav,Odia
train_odiafemale_00418.wav,Odia
train_odiafemale_00419.wav,Odia
train_odiafemale_00420.wav,Odia
train_odiafemale_00421.wav,Odia
train_odiafemale_00422.wav,Odia
train_odiafemale_00423.wav,Odia
train_odiafemale_00424.wav,Odia
train_odiafemale_00425.wav,Odia
train_odiafemale_00426.wav,Odia
train_odiafemale_00427.wav,Odia
train_odiafemale_00428.wav,Odia
train_odiafemale_00429.wav,Odia
train_odiafemale_00430.wav,Odia
train_odiafemale_00431.wav,Odia
train_odiafemale_00432.wav,Odia
train_odiafemale_00433.wav,Odia
train_odiafemale_00434.wav,Odia
train_odiafemale_00435.wav,Odia
train_odiafemale_00436.wav,Odia
train_odiafemale_00437.wav,Odia
train_odiafemale_00438.wav,Odia
train_odiafemale_00439.wav,Odia
train_odiafemale_00440.wav,Odia
train_odiafemale_00441.wav,Odia
train_odiafemale_00442.wav,Odia
train_odiafemale_00443.wav,Odia
train_odiafemale_00444.wav,Odia
train_odiafemale_00445.wav,Odia
train_odiafemale_00446.wav,Odia
train_odiafemale_00447.wav,Odia
train_odiafemale_00448.wav,Odia
train_odiafemale_00449.wav,Odia
train_odiafemale_00450.wav,Odia
train_odiafemale_00451.wav,Odia
train_odiafemale_00452.wav,Odia
train_odiafemale_00453.wav,Odia
train_odiafemale_00454.wav,Odia
train_odiafemale_00455.wav,Odia
train_odiafemale_00456.wav,Odia
train_odiafemale_00457.wav,Odia
train_odiafemale_00458.wav,Odia
train_odiafemale_00459.wav,Odia
train_odiafemale_00460.wav,Odia
train_odiafemale_00461.wav,Odia
train_odiafemale_00462.wav,Odia
train_odiafemale_00463.wav,Odia
train_odiafemale_00464.wav,Odia
train_odiafemale_00465.wav,Odia
train_odiafemale_00466.wav,Odia
train_odiafemale_00467.wav,Odia
train_odiafemale_00468.wav,Odia
train_odiafemale_00469.wav,Odia
train_odiafemale_00470.wav,Odia
train_odiafemale_00471.wav,Odia
train_odiafemale_00472.wav,Odia
train_odiafemale_00473.wav,Odia
train_odiafemale_00474.wav,Odia
train_odiafemale_00475.wav,Odia
train_odiafemale_00476.wav,Odia
train_odiafemale_00477.wav,Odia
train_odiafemale_00478.wav,Odia
train_odiafemale_00479.wav,Odia
train_odiafemale_00480.wav,Odia
train_odiafemale_00481.wav,Odia
train_odiafemale_00482.wav,Odia
train_odiafemale_00483.wav,Odia
train_odiafemale_00484.wav,Odia
train_odiafemale_00485.wav,Odia
train_odiafemale_00486.wav,Odia
train_odiafemale_00487.wav,Odia
train_odiafemale_00488.wav,Odia
train_odiafemale_00489.wav,Odia
train_odiafemale_00490.wav,Odia
train_odiafemale_00491.wav,Odia
train_odiafemale_00492.wav,Odia
train_odiafemale_00493.wav,Odia
train_odiafemale_00494.wav,Odia
train_odiafemale_00495.wav,Odia
train_odiafemale_00496.wav,Odia
train_odiafemale_00497.wav,Odia
train_odiafemale_00498.wav,Odia
train_odiafemale_00499.wav,Odia
train_odiafemale_00500.wav,Odia
train_odiafemale_00501.wav,Odia
train_odiafemale_00502.wav,Odia
train_odiafemale_00503.wav,Odia
train_odiafemale_00504.wav,Odia
train_odiafemale_00505.wav,Odia
train_odiafemale_00506.wav,Odia
train_odiafemale_00507.wav,Odia
train_odiafemale_00508.wav,Odia
train_odiafemale_00509.wav,Odia
train_odiafemale_00510.wav,Odia
train_odiafemale_00511.wav,Odia
train_odiafemale_00512.wav,Odia
train_odiafemale_00513.wav,Odia
train_odiafemale_00514.wav,Odia
train_odiafemale_00515.wav,Odia
train_odiafemale_00516.wav,Odia
train_odiafemale_00517.wav,Odia
train_odiafemale_00518.wav,Odia
train_odiafemale_00519.wav,Odia
train_odiafemale_00520.wav,Odia
train_odiafemale_00521.wav,Odia
train_odiafemale_00522.wav,Odia
train_odiafemale_00523.wav,Odia
train_odiafemale_00524.wav,Odia
train_odiafemale_00525.wav,Odia
train_odiafemale_00526.wav,Odia
train_odiafemale_00527.wav,Odia
train_odiafemale_00528.wav,Odia
train_odiafemale_00529.wav,Odia
train_odiafemale_00530.wav,Odia
train_odiafemale_00531.wav,Odia
train_odiafemale_00532.wav,Odia
train_odiafemale_00533.wav,Odia
train_odiafemale_00534.wav,Odia
train_odiafemale_00535.wav,Odia
train_odiafemale_00536.wav,Odia
train_odiafemale_00537.wav,Odia
train_odiafemale_00538.wav,Odia
train_odiafemale_00539.wav,Odia
train_odiafemale_00540.wav,Odia
train_odiafemale_00541.wav,Odia
train_odiafemale_00542.wav,Odia
train_odiafemale_00543.wav,Odia
train_odiafemale_00544.wav,Odia
train_odiafemale_00545.wav,Odia
train_odiafemale_00546.wav,Odia
train_odiafemale_00547.wav,Odia
train_odiafemale_00548.wav,Odia
train_odiafemale_00549.wav,Odia
train_odiafemale_00550.wav,Odia
train_odiafemale_00551.wav,Odia
train_odiafemale_00552.wav,Odia
train_odiafemale_00553.wav,Odia
train_odiafemale_00554.wav,Odia
train_odiafemale_00555.wav,Odia
train_odiafemale_00556.wav,Odia
train_odiafemale_00557.wav,Odia
train_odiafemale_00558.wav,Odia
train_odiafemale_00559.wav,Odia
train_odiafemale_00560.wav,Odia
train_odiafemale_00561.wav,Odia
train_odiafemale_00562.wav,Odia
train_odiafemale_00563.wav,Odia
train_odiafemale_00564.wav,Odia
train_odiafemale_00565.wav,Odia
train_odiafemale_00566.wav,Odia
train_odiafemale_00567.wav,Odia
train_odiafemale_00568.wav,Odia
train_odiafemale_00569.wav,Odia
train_odiafemale_00570.wav,Odia
train_odiafemale_00571.wav,Odia
train_odiafemale_00572.wav,Odia
train_odiafemale_00573.wav,Odia
train_odiafemale_00574.wav,Odia
train_odiafemale_00575.wav,Odia
train_odiafemale_00576.wav,Odia
train_odiafemale_00577.wav,Odia
train_odiafemale_00578.wav,Odia
train_odiafemale_00579.wav,Odia
train_odiafemale_00580.wav,Odia
train_odiafemale_00581.wav,Odia
train_odiafemale_00582.wav,Odia
train_odiafemale_00583.wav,Odia
train_odiafemale_00584.wav,Odia
train_odiafemale_00585.wav,Odia
train_odiafemale_00586.wav,Odia
train_odiafemale_00587.wav,Odia
train_odiafemale_00588.wav,Odia
train_odiafemale_00589.wav,Odia
train_odiafemale_00590.wav,Odia
train_odiafemale_00591.wav,Odia
train_odiafemale_00592.wav,Odia
train_odiafemale_00593.wav,Odia
train_odiafemale_00594.wav,Odia
train_odiafemale_00595.wav,Odia
train_odiafemale_00596.wav,Odia
train_odiafemale_00597.wav,Odia
train_odiafemale_00598.wav,Odia
train_odiafemale_00599.wav,Odia
train_odiafemale_00600.wav,Odia
train_odiafemale_00601.wav,Odia
train_odiafemale_00602.wav,Odia
train_odiafemale_00603.wav,Odia
train_odiafemale_00604.wav,Odia
train_odiafemale_00605.wav,Odia
train_odiafemale_00606.wav,Odia
train_odiafemale_00607.wav,Odia
train_odiafemale_00608.wav,Odia
train_odiafemale_00609.wav,Odia
train_odiafemale_00610.wav,Odia
train_odiafemale_00611.wav,Odia
train_odiafemale_00612.wav,Odia
train_odiafemale_00613.wav,Odia
train_odiafemale_00614.wav,Odia
train_odiafemale_00615.wav,Odia
train_odiafemale_00616.wav,Odia
train_odiafemale_00617.wav,Odia
train_odiafemale_00618.wav,Odia
train_odiafemale_00619.wav,Odia
train_odiafemale_00620.wav,Odia
train_odiafemale_00621.wav,Odia
train_odiafemale_00622.wav,Odia
train_odiafemale_00623.wav,Odia
train_odiafemale_00624.wav,Odia
train_odiafemale_00625.wav,Odia
train_odiafemale_00626.wav,Odia
train_odiafemale_00627.wav,Odia
train_odiafemale_00628.wav,Odia
train_odiafemale_00629.wav,Odia
train_odiafemale_00630.wav,Odia
train_odiafemale_00631.wav,Odia
train_odiafemale_00632.wav,Odia
train_odiafemale_00633.wav,Odia
train_odiafemale_00634.wav,Odia
train_odiafemale_00635.wav,Odia
train_odiafemale_00636.wav,Odia
train_odiafemale_00637.wav,Odia
train_odiafemale_00638.wav,Odia
train_odiafemale_00639.wav,Odia
train_odiafemale_00640.wav,Odia
train_odiafemale_00641.wav,Odia
train_odiafemale_00642.wav,Odia
train_odiafemale_00643.wav,Odia
train_odiafemale_00644.wav,Odia
train_odiafemale_00645.wav,Odia
train_odiafemale_00646.wav,Odia
train_odiafemale_00647.wav,Odia
train_odiafemale_00648.wav,Odia
train_odiafemale_00649.wav,Odia
train_odiafemale_00650.wav,Odia
train_odiafemale_00651.wav,Odia
train_odiafemale_00652.wav,Odia
train_odiafemale_00653.wav,Odia
train_odiafemale_00654.wav,Odia
train_odiafemale_00655.wav,Odia
train_odiafemale_00656.wav,Odia
train_odiafemale_00657.wav,Odia
train_odiafemale_00658.wav,Odia
train_odiafemale_00659.wav,Odia
train_odiafemale_00660.wav,Odia
train_odiafemale_00661.wav,Odia
train_odiafemale_00662.wav,Odia
train_odiafemale_00663.wav,Odia
train_odiafemale_00664.wav,Odia
train_odiafemale_00665.wav,Odia
train_odiafemale_00666.wav,Odia
train_odiafemale_00667.wav,Odia
train_odiafemale_00668.wav,Odia
train_odiafemale_00669.wav,Odia
train_odiafemale_00670.wav,Odia
train_odiafemale_00671.wav,Odia
train_odiafemale_00672.wav,Odia
train_odiafemale_00673.wav,Odia
train_odiafemale_00674.wav,Odia
train_odiafemale_00675.wav,Odia
train_odiafemale_00676.wav,Odia
train_odiafemale_00677.wav,Odia
train_odiafemale_00678.wav,Odia
train_odiafemale_00679.wav,Odia
train_odiafemale_00680.wav,Odia
train_odiafemale_00681.wav,Odia
train_odiafemale_00682.wav,Odia
train_odiafemale_00683.wav,Odia
train_odiafemale_00684.wav,Odia
train_odiafemale_00685.wav,Odia
train_odiafemale_00686.wav,Odia
train_odiafemale_00687.wav,Odia
train_odiafemale_00688.wav,Odia
train_odiafemale_00689.wav,Odia
train_odiafemale_00690.wav,Odia
train_odiafemale_00691.wav,Odia
train_odiafemale_00692.wav,Odia
train_odiafemale_00693.wav,Odia
train_odiafemale_00694.wav,Odia
train_odiafemale_00695.wav,Odia
train_odiafemale_00696.wav,Odia
train_odiafemale_00697.wav,Odia
train_odiafemale_00698.wav,Odia
train_odiafemale_00699.wav,Odia
train_odiafemale_00700.wav,Odia
train_odiafemale_00701.wav,Odia
train_odiafemale_00702.wav,Odia
train_odiafemale_00703.wav,Odia
train_odiafemale_00704.wav,Odia
train_odiafemale_00705.wav,Odia
train_odiafemale_00706.wav,Odia
train_odiafemale_00707.wav,Odia
train_odiafemale_00708.wav,Odia
train_odiafemale_00709.wav,Odia
train_odiafemale_00710.wav,Odia
train_odiafemale_00711.wav,Odia
train_odiafemale_00712.wav,Odia
train_odiafemale_00713.wav,Odia
train_odiafemale_00714.wav,Odia
train_odiafemale_00715.wav,Odia
train_odiafemale_00716.wav,Odia
train_odiafemale_00717.wav,Odia
train_odiafemale_00718.wav,Odia
train_odiafemale_00719.wav,Odia
train_odiafemale_00720.wav,Odia
train_odiafemale_00721.wav,Odia
train_odiafemale_00722.wav,Odia
train_odiafemale_00723.wav,Odia
train_odiafemale_00724.wav,Odia
train_odiafemale_00725.wav,Odia
train_odiafemale_00726.wav,Odia
train_odiafemale_00727.wav,Odia
train_odiafemale_00728.wav,Odia
train_odiafemale_00729.wav,Odia
train_odiafemale_00730.wav,Odia
train_odiafemale_00731.wav,Odia
train_odiafemale_00732.wav,Odia
train_odiafemale_00733.wav,Odia
train_odiafemale_00734.wav,Odia
train_odiafemale_00735.wav,Odia
train_odiafemale_00736.wav,Odia
train_odiafemale_00737.wav,Odia
train_odiafemale_00738.wav,Odia
train_odiafemale_00739.wav,Odia
train_odiafemale_00740.wav,Odia
train_odiafemale_00741.wav,Odia
train_odiafemale_00742.wav,Odia
train_odiafemale_00743.wav,Odia
train_odiafemale_00744.wav,Odia
train_odiafemale_00745.wav,Odia
train_odiafemale_00746.wav,Odia
train_odiafemale_00747.wav,Odia
train_odiafemale_00748.wav,Odia
train_odiafemale_00749.wav,Odia
train_odiafemale_00750.wav,Odia
train_odiafemale_00751.wav,Odia
train_odiafemale_00752.wav,Odia
train_odiafemale_00753.wav,Odia
train_odiafemale_00754.wav,Odia
train_odiafemale_00755.wav,Odia
train_odiafemale_00756.wav,Odia
train_odiafemale_00757.wav,Odia
train_odiafemale_00758.wav,Odia
train_odiafemale_00759.wav,Odia
train_odiafemale_00760.wav,Odia
train_odiafemale_00761.wav,Odia
train_odiafemale_00762.wav,Odia
train_odiafemale_00763.wav,Odia
train_odiafemale_00764.wav,Odia
train_odiafemale_00765.wav,Odia
train_odiafemale_00766.wav,Odia
train_odiafemale_00767.wav,Odia
train_odiafemale_00768.wav,Odia
train_odiafemale_00769.wav,Odia
train_odiafemale_00770.wav,Odia
train_odiafemale_00771.wav,Odia
train_odiafemale_00772.wav,Odia
train_odiafemale_00773.wav,Odia
train_odiafemale_00774.wav,Odia
train_odiafemale_00775.wav,Odia
train_odiafemale_00776.wav,Odia
train_odiafemale_00777.wav,Odia
train_odiafemale_00778.wav,Odia
train_odiafemale_00779.wav,Odia
train_odiafemale_00780.wav,Odia
train_odiafemale_00781.wav,Odia
train_odiafemale_00782.wav,Odia
train_odiafemale_00783.wav,Odia
train_odiafemale_00784.wav,Odia
train_odiafemale_00785.wav,Odia
train_odiafemale_00786.wav,Odia
train_odiafemale_00787.wav,Odia
train_odiafemale_00788.wav,Odia
train_odiafemale_00789.wav,Odia
train_odiafemale_00790.wav,Odia
train_odiafemale_00791.wav,Odia
train_odiafemale_00792.wav,Odia
train_odiafemale_00793.wav,Odia
train_odiafemale_00794.wav,Odia
train_odiafemale_00795.wav,Odia
train_odiafemale_00796.wav,Odia
train_odiafemale_00797.wav,Odia
train_odiafemale_00798.wav,Odia
train_odiafemale_00799.wav,Odia
train_odiafemale_00800.wav,Odia
train_odiafemale_00801.wav,Odia
train_odiafemale_00802.wav,Odia
train_odiafemale_00803.wav,Odia
train_odiafemale_00804.wav,Odia
train_odiafemale_00805.wav,Odia
train_odiafemale_00806.wav,Odia
train_odiafemale_00807.wav,Odia
train_odiafemale_00808.wav,Odia
train_odiafemale_00809.wav,Odia
train_odiafemale_00810.wav,Odia
train_odiafemale_00811.wav,Odia
train_odiafemale_00812.wav,Odia
train_odiafemale_00813.wav,Odia
train_odiafemale_00814.wav,Odia
train_odiafemale_00815.wav,Odia
train_odiafemale_00816.wav,Odia
train_odiafemale_00817.wav,Odia
train_odiafemale_00818.wav,Odia
train_odiafemale_00819.wav,Odia
train_odiafemale_00820.wav,Odia
train_odiafemale_00821.wav,Odia
train_odiafemale_00822.wav,Odia
train_odiafemale_00823.wav,Odia
train_odiafemale_00824.wav,Odia
train_odiafemale_00825.wav,Odia
train_odiafemale_00826.wav,Odia
train_odiafemale_00827.wav,Odia
train_odiafemale_00828.wav,Odia
train_odiafemale_00829.wav,Odia
train_odiafemale_00830.wav,Odia
train_odiafemale_00831.wav,Odia
train_odiafemale_00832.wav,Odia
train_odiafemale_00833.wav,Odia
train_odiafemale_00834.wav,Odia
train_odiafemale_00835.wav,Odia
train_odiafemale_00836.wav,Odia
train_odiafemale_00837.wav,Odia
train_odiafemale_00838.wav,Odia
train_odiafemale_00839.wav,Odia
train_odiafemale_00840.wav,Odia
train_odiafemale_00841.wav,Odia
train_odiafemale_00842.wav,Odia
train_odiafemale_00843.wav,Odia
train_odiafemale_00844.wav,Odia
train_odiafemale_00845.wav,Odia
train_odiafemale_00846.wav,Odia
train_odiafemale_00847.wav,Odia
train_odiafemale_00848.wav,Odia
train_odiafemale_00849.wav,Odia
train_odiafemale_00850.wav,Odia
train_odiafemale_00851.wav,Odia
train_odiafemale_00852.wav,Odia
train_odiafemale_00853.wav,Odia
train_odiafemale_00854.wav,Odia
train_odiafemale_00855.wav,Odia
train_odiafemale_00856.wav,Odia
train_odiafemale_00857.wav,Odia
train_odiafemale_00858.wav,Odia
train_odiafemale_00859.wav,Odia
train_odiafemale_00860.wav,Odia
train_odiafemale_00861.wav,Odia
train_odiafemale_00862.wav,Odia
train_odiafemale_00863.wav,Odia
train_odiafemale_00864.wav,Odia
train_odiafemale_00865.wav,Odia
train_odiafemale_00866.wav,Odia
train_odiafemale_00867.wav,Odia
train_odiafemale_00868.wav,Odia
train_odiafemale_00869.wav,Odia
train_odiafemale_00870.wav,Odia
train_odiafemale_00871.wav,Odia
train_odiafemale_00872.wav,Odia
train_odiafemale_00873.wav,Odia
train_odiafemale_00874.wav,Odia
train_odiafemale_00875.wav,Odia
train_odiafemale_00876.wav,Odia
train_odiafemale_00877.wav,Odia
train_odiafemale_00878.wav,Odia
train_odiafemale_00879.wav,Odia
train_odiafemale_00880.wav,Odia
train_odiafemale_00881.wav,Odia
train_odiafemale_00882.wav,Odia
train_odiafemale_00883.wav,Odia
train_odiafemale_00884.wav,Odia
train_odiafemale_00885.wav,Odia
train_odiafemale_00886.wav,Odia
train_odiafemale_00887.wav,Odia
train_odiafemale_00888.wav,Odia
train_odiafemale_00889.wav,Odia
train_odiafemale_00890.wav,Odia
train_odiafemale_00891.wav,Odia
train_odiafemale_00892.wav,Odia
train_odiafemale_00893.wav,Odia
train_odiafemale_00894.wav,Odia
train_odiafemale_00895.wav,Odia
train_odiafemale_00896.wav,Odia
train_odiafemale_00897.wav,Odia
train_odiafemale_00898.wav,Odia
train_odiafemale_00899.wav,Odia
train_odiafemale_00900.wav,Odia
train_odiafemale_00901.wav,Odia
train_odiafemale_00902.wav,Odia
train_odiafemale_00903.wav,Odia
train_odiafemale_00904.wav,Odia
train_odiafemale_00905.wav,Odia
train_odiafemale_00906.wav,Odia
train_odiafemale_00907.wav,Odia
train_odiafemale_00908.wav,Odia
train_odiafemale_00909.wav,Odia
train_odiafemale_00910.wav,Odia
train_odiafemale_00911.wav,Odia
train_odiafemale_00912.wav,Odia
train_odiafemale_00913.wav,Odia
train_odiafemale_00914.wav,Odia
train_odiafemale_00915.wav,Odia
train_odiafemale_00916.wav,Odia
train_odiafemale_00917.wav,Odia
train_odiafemale_00918.wav,Odia
train_odiafemale_00919.wav,Odia
train_odiafemale_00920.wav,Odia
train_odiafemale_00921.wav,Odia
train_odiafemale_00922.wav,Odia
train_odiafemale_00923.wav,Odia
train_odiafemale_00924.wav,Odia
train_odiafemale_00925.wav,Odia
train_odiafemale_00926.wav,Odia
train_odiafemale_00927.wav,Odia
train_odiafemale_00928.wav,Odia
train_odiafemale_00929.wav,Odia
train_odiafemale_00930.wav,Odia
train_odiafemale_00931.wav,Odia
train_odiafemale_00932.wav,Odia
train_odiafemale_00933.wav,Odia
train_odiafemale_00934.wav,Odia
train_odiafemale_00935.wav,Odia
train_odiafemale_00936.wav,Odia
train_odiafemale_00937.wav,Odia
train_odiafemale_00938.wav,Odia
train_odiafemale_00939.wav,Odia
train_odiafemale_00940.wav,Odia
train_odiafemale_00941.wav,Odia
train_odiafemale_00942.wav,Odia
train_odiafemale_00943.wav,Odia
train_odiafemale_00944.wav,Odia
train_odiafemale_00945.wav,Odia
train_odiafemale_00946.wav,Odia
train_odiafemale_00947.wav,Odia
train_odiafemale_00948.wav,Odia
train_odiafemale_00949.wav,Odia
train_odiafemale_00950.wav,Odia
train_odiafemale_00951.wav,Odia
train_odiafemale_00952.wav,Odia
train_odiafemale_00953.wav,Odia
train_odiafemale_00954.wav,Odia
train_odiafemale_00955.wav,Odia
train_odiafemale_00956.wav,Odia
train_odiafemale_00957.wav,Odia
train_odiafemale_00958.wav,Odia
train_odiafemale_00959.wav,Odia
train_odiafemale_00960.wav,Odia
train_odiafemale_00961.wav,Odia
train_odiafemale_00962.wav,Odia
train_odiafemale_00963.wav,Odia
train_odiafemale_00964.wav,Odia
train_odiafemale_00965.wav,Odia
train_odiafemale_00966.wav,Odia
train_odiafemale_00967.wav,Odia
train_odiafemale_00968.wav,Odia
train_odiafemale_00969.wav,Odia
train_odiafemale_00970.wav,Odia
train_odiafemale_00971.wav,Odia
train_odiafemale_00972.wav,Odia
train_odiafemale_00973.wav,Odia
train_odiafemale_00974.wav,Odia
train_odiafemale_00975.wav,Odia
train_odiafemale_00976.wav,Odia
train_odiafemale_00977.wav,Odia
train_odiafemale_00978.wav,Odia
train_odiafemale_00979.wav,Odia
train_odiafemale_00980.wav,Odia
train_odiafemale_00981.wav,Odia
train_odiafemale_00982.wav,Odia
train_odiafemale_00983.wav,Odia
train_odiafemale_00984.wav,Odia
train_odiafemale_00985.wav,Odia
train_odiafemale_00986.wav,Odia
train_odiafemale_00987.wav,Odia
train_odiafemale_00988.wav,Odia
train_odiafemale_00989.wav,Odia
train_odiafemale_00990.wav,Odia
train_odiafemale_00991.wav,Odia
train_odiafemale_00992.wav,Odia
train_odiafemale_00993.wav,Odia
train_odiafemale_00994.wav,Odia
train_odiafemale_00995.wav,Odia
train_odiafemale_00996.wav,Odia
train_odiafemale_00997.wav,Odia
train_odiafemale_00998.wav,Odia
train_odiafemale_00999.wav,Odia
train_odiafemale_01000.wav,Odia
train_rajasthanifemale_00001.wav,Rajasthani
train_rajasthanifemale_00002.wav,Rajasthani
train_rajasthanifemale_00003.wav,Rajasthani
train_rajasthanifemale_00004.wav,Rajasthani
train_rajasthanifemale_00005.wav,Rajasthani
train_rajasthanifemale_00006.wav,Rajasthani
train_rajasthanifemale_00007.wav,Rajasthani
train_rajasthanifemale_00008.wav,Rajasthani
train_rajasthanifemale_00009.wav,Rajasthani
train_rajasthanifemale_00010.wav,Rajasthani
train_rajasthanifemale_00011.wav,Rajasthani
train_rajasthanifemale_00012.wav,Rajasthani
train_rajasthanifemale_00013.wav,Rajasthani
train_rajasthanifemale_00014.wav,Rajasthani
train_rajasthanifemale_00015.wav,Rajasthani
train_rajasthanifemale_00016.wav,Rajasthani
train_rajasthanifemale_00017.wav,Rajasthani
train_rajasthanifemale_00018.wav,Rajasthani
train_rajasthanifemale_00019.wav,Rajasthani
train_rajasthanifemale_00020.wav,Rajasthani
train_rajasthanifemale_00021.wav,Rajasthani
train_rajasthanifemale_00022.wav,Rajasthani
train_rajasthanifemale_00023.wav,Rajasthani
train_rajasthanifemale_00024.wav,Rajasthani
train_rajasthanifemale_00025.wav,Rajasthani
train_rajasthanifemale_00026.wav,Rajasthani
train_rajasthanifemale_00027.wav,Rajasthani
train_rajasthanifemale_00028.wav,Rajasthani
train_rajasthanifemale_00029.wav,Rajasthani
train_rajasthanifemale_00030.wav,Rajasthani
train_rajasthanifemale_00031.wav,Rajasthani
train_rajasthanifemale_00032.wav,Rajasthani
train_rajasthanifemale_00033.wav,Rajasthani
train_rajasthanifemale_00034.wav,Rajasthani
train_rajasthanifemale_00035.wav,Rajasthani
train_rajasthanifemale_00036.wav,Rajasthani
train_rajasthanifemale_00037.wav,Rajasthani
train_rajasthanifemale_00038.wav,Rajasthani
train_rajasthanifemale_00039.wav,Rajasthani
train_rajasthanifemale_00040.wav,Rajasthani
train_rajasthanifemale_00041.wav,Rajasthani
train_rajasthanifemale_00042.wav,Rajasthani
train_rajasthanifemale_00043.wav,Rajasthani
train_rajasthanifemale_00044.wav,Rajasthani
train_rajasthanifemale_00045.wav,Rajasthani
train_rajasthanifemale_00046.wav,Rajasthani
train_rajasthanifemale_00047.wav,Rajasthani
train_rajasthanifemale_00048.wav,Rajasthani
train_rajasthanifemale_00049.wav,Rajasthani
train_rajasthanifemale_00050.wav,Rajasthani
train_rajasthanifemale_00051.wav,Rajasthani
train_rajasthanifemale_00052.wav,Rajasthani
train_rajasthanifemale_00053.wav,Rajasthani
train_rajasthanifemale_00054.wav,Rajasthani
train_rajasthanifemale_00055.wav,Rajasthani
train_rajasthanifemale_00056.wav,Rajasthani
train_rajasthanifemale_00057.wav,Rajasthani
train_rajasthanifemale_00058.wav,Rajasthani
train_rajasthanifemale_00059.wav,Rajasthani
train_rajasthanifemale_00060.wav,Rajasthani
train_rajasthanifemale_00061.wav,Rajasthani
train_rajasthanifemale_00062.wav,Rajasthani
train_rajasthanifemale_00063.wav,Rajasthani
train_rajasthanifemale_00064.wav,Rajasthani
train_rajasthanifemale_00065.wav,Rajasthani
train_rajasthanifemale_00066.wav,Rajasthani
train_rajasthanifemale_00067.wav,Rajasthani
train_rajasthanifemale_00068.wav,Rajasthani
train_rajasthanifemale_00069.wav,Rajasthani
train_rajasthanifemale_00070.wav,Rajasthani
train_rajasthanifemale_00071.wav,Rajasthani
train_rajasthanifemale_00072.wav,Rajasthani
train_rajasthanifemale_00073.wav,Rajasthani
train_rajasthanifemale_00074.wav,Rajasthani
train_rajasthanifemale_00075.wav,Rajasthani
train_rajasthanifemale_00076.wav,Rajasthani
train_rajasthanifemale_00077.wav,Rajasthani
train_rajasthanifemale_00078.wav,Rajasthani
train_rajasthanifemale_00079.wav,Rajasthani
train_rajasthanifemale_00080.wav,Rajasthani
train_rajasthanifemale_00081.wav,Rajasthani
train_rajasthanifemale_00082.wav,Rajasthani
train_rajasthanifemale_00083.wav,Rajasthani
train_rajasthanifemale_00084.wav,Rajasthani
train_rajasthanifemale_00085.wav,Rajasthani
train_rajasthanifemale_00086.wav,Rajasthani
train_rajasthanifemale_00087.wav,Rajasthani
train_rajasthanifemale_00088.wav,Rajasthani
train_rajasthanifemale_00089.wav,Rajasthani
train_rajasthanifemale_00090.wav,Rajasthani
train_rajasthanifemale_00091.wav,Rajasthani
train_rajasthanifemale_00092.wav,Rajasthani
train_rajasthanifemale_00093.wav,Rajasthani
train_rajasthanifemale_00094.wav,Rajasthani
train_rajasthanifemale_00095.wav,Rajasthani
train_rajasthanifemale_00096.wav,Rajasthani
train_rajasthanifemale_00097.wav,Rajasthani
train_rajasthanifemale_00098.wav,Rajasthani
train_rajasthanifemale_00099.wav,Rajasthani
train_rajasthanifemale_00100.wav,Rajasthani
train_rajasthanifemale_00101.wav,Rajasthani
train_rajasthanifemale_00102.wav,Rajasthani
train_rajasthanifemale_00103.wav,Rajasthani
train_rajasthanifemale_00104.wav,Rajasthani
train_rajasthanifemale_00105.wav,Rajasthani
train_rajasthanifemale_00106.wav,Rajasthani
train_rajasthanifemale_00107.wav,Rajasthani
train_rajasthanifemale_00108.wav,Rajasthani
train_rajasthanifemale_00109.wav,Rajasthani
train_rajasthanifemale_00110.wav,Rajasthani
train_rajasthanifemale_00111.wav,Rajasthani
train_rajasthanifemale_00112.wav,Rajasthani
train_rajasthanifemale_00113.wav,Rajasthani
train_rajasthanifemale_00114.wav,Rajasthani
train_rajasthanifemale_00115.wav,Rajasthani
train_rajasthanifemale_00116.wav,Rajasthani
train_rajasthanifemale_00117.wav,Rajasthani
train_rajasthanifemale_00118.wav,Rajasthani
train_rajasthanifemale_00119.wav,Rajasthani
train_rajasthanifemale_00120.wav,Rajasthani
train_rajasthanifemale_00121.wav,Rajasthani
train_rajasthanifemale_00122.wav,Rajasthani
train_rajasthanifemale_00123.wav,Rajasthani
train_rajasthanifemale_00124.wav,Rajasthani
train_rajasthanifemale_00125.wav,Rajasthani
train_rajasthanifemale_00126.wav,Rajasthani
train_rajasthanifemale_00127.wav,Rajasthani
train_rajasthanifemale_00128.wav,Rajasthani
train_rajasthanifemale_00129.wav,Rajasthani
train_rajasthanifemale_00130.wav,Rajasthani
train_rajasthanifemale_00131.wav,Rajasthani
train_rajasthanifemale_00132.wav,Rajasthani
train_rajasthanifemale_00133.wav,Rajasthani
train_rajasthanifemale_00134.wav,Rajasthani
train_rajasthanifemale_00135.wav,Rajasthani
train_rajasthanifemale_00136.wav,Rajasthani
train_rajasthanifemale_00137.wav,Rajasthani
train_rajasthanifemale_00138.wav,Rajasthani
train_rajasthanifemale_00139.wav,Rajasthani
train_rajasthanifemale_00140.wav,Rajasthani
train_rajasthanifemale_00141.wav,Rajasthani
train_rajasthanifemale_00142.wav,Rajasthani
train_rajasthanifemale_00143.wav,Rajasthani
train_rajasthanifemale_00144.wav,Rajasthani
train_rajasthanifemale_00145.wav,Rajasthani
train_rajasthanifemale_00146.wav,Rajasthani
train_rajasthanifemale_00147.wav,Rajasthani
train_rajasthanifemale_00148.wav,Rajasthani
train_rajasthanifemale_00149.wav,Rajasthani
train_rajasthanifemale_00150.wav,Rajasthani
train_rajasthanifemale_00151.wav,Rajasthani
train_rajasthanifemale_00152.wav,Rajasthani
train_rajasthanifemale_00153.wav,Rajasthani
train_rajasthanifemale_00154.wav,Rajasthani
train_rajasthanifemale_00155.wav,Rajasthani
train_rajasthanifemale_00156.wav,Rajasthani
train_rajasthanifemale_00157.wav,Rajasthani
train_rajasthanifemale_00158.wav,Rajasthani
train_rajasthanifemale_00159.wav,Rajasthani
train_rajasthanifemale_00160.wav,Rajasthani
train_rajasthanifemale_00161.wav,Rajasthani
train_rajasthanifemale_00162.wav,Rajasthani
train_rajasthanifemale_00163.wav,Rajasthani
train_rajasthanifemale_00164.wav,Rajasthani
train_rajasthanifemale_00165.wav,Rajasthani
train_rajasthanifemale_00166.wav,Rajasthani
train_rajasthanifemale_00167.wav,Rajasthani
train_rajasthanifemale_00168.wav,Rajasthani
train_rajasthanifemale_00169.wav,Rajasthani
train_rajasthanifemale_00170.wav,Rajasthani
train_rajasthanifemale_00171.wav,Rajasthani
train_rajasthanifemale_00172.wav,Rajasthani
train_rajasthanifemale_00173.wav,Rajasthani
train_rajasthanifemale_00174.wav,Rajasthani
train_rajasthanifemale_00175.wav,Rajasthani
train_rajasthanifemale_00176.wav,Rajasthani
train_rajasthanifemale_00177.wav,Rajasthani
train_rajasthanifemale_00178.wav,Rajasthani
train_rajasthanifemale_00179.wav,Rajasthani
train_rajasthanifemale_00180.wav,Rajasthani
train_rajasthanifemale_00181.wav,Rajasthani
train_rajasthanifemale_00182.wav,Rajasthani
train_rajasthanifemale_00183.wav,Rajasthani
train_rajasthanifemale_00184.wav,Rajasthani
train_rajasthanifemale_00185.wav,Rajasthani
train_rajasthanifemale_00186.wav,Rajasthani
train_rajasthanifemale_00187.wav,Rajasthani
train_rajasthanifemale_00188.wav,Rajasthani
train_rajasthanifemale_00189.wav,Rajasthani
train_rajasthanifemale_00190.wav,Rajasthani
train_rajasthanifemale_00191.wav,Rajasthani
train_rajasthanifemale_00192.wav,Rajasthani
train_rajasthanifemale_00193.wav,Rajasthani
train_rajasthanifemale_00194.wav,Rajasthani
train_rajasthanifemale_00195.wav,Rajasthani
train_rajasthanifemale_00196.wav,Rajasthani
train_rajasthanifemale_00197.wav,Rajasthani
train_rajasthanifemale_00198.wav,Rajasthani
train_rajasthanifemale_00199.wav,Rajasthani
train_rajasthanifemale_00200.wav,Rajasthani
train_rajasthanifemale_00201.wav,Rajasthani
train_rajasthanifemale_00202.wav,Rajasthani
train_rajasthanifemale_00203.wav,Rajasthani
train_rajasthanifemale_00204.wav,Rajasthani
train_rajasthanifemale_00205.wav,Rajasthani
train_rajasthanifemale_00206.wav,Rajasthani
train_rajasthanifemale_00207.wav,Rajasthani
train_rajasthanifemale_00208.wav,Rajasthani
train_rajasthanifemale_00209.wav,Rajasthani
train_rajasthanifemale_00210.wav,Rajasthani
train_rajasthanifemale_00211.wav,Rajasthani
train_rajasthanifemale_00212.wav,Rajasthani
train_rajasthanifemale_00213.wav,Rajasthani
train_rajasthanifemale_00214.wav,Rajasthani
train_rajasthanifemale_00215.wav,Rajasthani
train_rajasthanifemale_00216.wav,Rajasthani
train_rajasthanifemale_00217.wav,Rajasthani
train_rajasthanifemale_00218.wav,Rajasthani
train_rajasthanifemale_00219.wav,Rajasthani
train_rajasthanifemale_00220.wav,Rajasthani
train_rajasthanifemale_00221.wav,Rajasthani
train_rajasthanifemale_00222.wav,Rajasthani
train_rajasthanifemale_00223.wav,Rajasthani
train_rajasthanifemale_00224.wav,Rajasthani
train_rajasthanifemale_00225.wav,Rajasthani
train_rajasthanifemale_00226.wav,Rajasthani
train_rajasthanifemale_00227.wav,Rajasthani
train_rajasthanifemale_00228.wav,Rajasthani
train_rajasthanifemale_00229.wav,Rajasthani
train_rajasthanifemale_00230.wav,Rajasthani
train_rajasthanifemale_00231.wav,Rajasthani
train_rajasthanifemale_00232.wav,Rajasthani
train_rajasthanifemale_00233.wav,Rajasthani
train_rajasthanifemale_00234.wav,Rajasthani
train_rajasthanifemale_00235.wav,Rajasthani
train_rajasthanifemale_00236.wav,Rajasthani
train_rajasthanifemale_00237.wav,Rajasthani
train_rajasthanifemale_00238.wav,Rajasthani
train_rajasthanifemale_00239.wav,Rajasthani
train_rajasthanifemale_00240.wav,Rajasthani
train_rajasthanifemale_00241.wav,Rajasthani
train_rajasthanifemale_00242.wav,Rajasthani
train_rajasthanifemale_00243.wav,Rajasthani
train_rajasthanifemale_00244.wav,Rajasthani
train_rajasthanifemale_00245.wav,Rajasthani
train_rajasthanifemale_00246.wav,Rajasthani
train_rajasthanifemale_00247.wav,Rajasthani
train_rajasthanifemale_00248.wav,Rajasthani
train_rajasthanifemale_00249.wav,Rajasthani
train_rajasthanifemale_00250.wav,Rajasthani
train_rajasthanifemale_00251.wav,Rajasthani
train_rajasthanifemale_00252.wav,Rajasthani
train_rajasthanifemale_00253.wav,Rajasthani
train_rajasthanifemale_00254.wav,Rajasthani
train_rajasthanifemale_00255.wav,Rajasthani
train_rajasthanifemale_00256.wav,Rajasthani
train_rajasthanifemale_00257.wav,Rajasthani
train_rajasthanifemale_00258.wav,Rajasthani
train_rajasthanifemale_00259.wav,Rajasthani
train_rajasthanifemale_00260.wav,Rajasthani
train_rajasthanifemale_00261.wav,Rajasthani
train_rajasthanifemale_00262.wav,Rajasthani
train_rajasthanifemale_00263.wav,Rajasthani
train_rajasthanifemale_00264.wav,Rajasthani
train_rajasthanifemale_00265.wav,Rajasthani
train_rajasthanifemale_00266.wav,Rajasthani
train_rajasthanifemale_00267.wav,Rajasthani
train_rajasthanifemale_00268.wav,Rajasthani
train_rajasthanifemale_00269.wav,Rajasthani
train_rajasthanifemale_00270.wav,Rajasthani
train_rajasthanifemale_00271.wav,Rajasthani
train_rajasthanifemale_00272.wav,Rajasthani
train_rajasthanifemale_00273.wav,Rajasthani
train_rajasthanifemale_00274.wav,Rajasthani
train_rajasthanifemale_00275.wav,Rajasthani
train_rajasthanifemale_00276.wav,Rajasthani
train_rajasthanifemale_00277.wav,Rajasthani
train_rajasthanifemale_00278.wav,Rajasthani
train_rajasthanifemale_00279.wav,Rajasthani
train_rajasthanifemale_00280.wav,Rajasthani
train_rajasthanifemale_00281.wav,Rajasthani
train_rajasthanifemale_00282.wav,Rajasthani
train_rajasthanifemale_00283.wav,Rajasthani
train_rajasthanifemale_00284.wav,Rajasthani
train_rajasthanifemale_00285.wav,Rajasthani
train_rajasthanifemale_00286.wav,Rajasthani
train_rajasthanifemale_00287.wav,Rajasthani
train_rajasthanifemale_00288.wav,Rajasthani
train_rajasthanifemale_00289.wav,Rajasthani
train_rajasthanifemale_00290.wav,Rajasthani
train_rajasthanifemale_00291.wav,Rajasthani
train_rajasthanifemale_00292.wav,Rajasthani
train_rajasthanifemale_00293.wav,Rajasthani
train_rajasthanifemale_00294.wav,Rajasthani
train_rajasthanifemale_00295.wav,Rajasthani
train_rajasthanifemale_00296.wav,Rajasthani
train_rajasthanifemale_00297.wav,Rajasthani
train_rajasthanifemale_00298.wav,Rajasthani
train_rajasthanifemale_00299.wav,Rajasthani
train_rajasthanifemale_00300.wav,Rajasthani
train_rajasthanifemale_00301.wav,Rajasthani
train_rajasthanifemale_00302.wav,Rajasthani
train_rajasthanifemale_00303.wav,Rajasthani
train_rajasthanifemale_00304.wav,Rajasthani
train_rajasthanifemale_00305.wav,Rajasthani
train_rajasthanifemale_00306.wav,Rajasthani
train_rajasthanifemale_00307.wav,Rajasthani
train_rajasthanifemale_00308.wav,Rajasthani
train_rajasthanifemale_00309.wav,Rajasthani
train_rajasthanifemale_00310.wav,Rajasthani
train_rajasthanifemale_00311.wav,Rajasthani
train_rajasthanifemale_00312.wav,Rajasthani
train_rajasthanifemale_00313.wav,Rajasthani
train_rajasthanifemale_00314.wav,Rajasthani
train_rajasthanifemale_00315.wav,Rajasthani
train_rajasthanifemale_00316.wav,Rajasthani
train_rajasthanifemale_00317.wav,Rajasthani
train_rajasthanifemale_00318.wav,Rajasthani
train_rajasthanifemale_00319.wav,Rajasthani
train_rajasthanifemale_00320.wav,Rajasthani
train_rajasthanifemale_00321.wav,Rajasthani
train_rajasthanifemale_00322.wav,Rajasthani
train_rajasthanifemale_00323.wav,Rajasthani
train_rajasthanifemale_00324.wav,Rajasthani
train_rajasthanifemale_00325.wav,Rajasthani
train_rajasthanifemale_00326.wav,Rajasthani
train_rajasthanifemale_00327.wav,Rajasthani
train_rajasthanifemale_00328.wav,Rajasthani
train_rajasthanifemale_00329.wav,Rajasthani
train_rajasthanifemale_00330.wav,Rajasthani
train_rajasthanifemale_00331.wav,Rajasthani
train_rajasthanifemale_00332.wav,Rajasthani
train_rajasthanifemale_00333.wav,Rajasthani
train_rajasthanifemale_00334.wav,Rajasthani
train_rajasthanifemale_00335.wav,Rajasthani
train_rajasthanifemale_00336.wav,Rajasthani
train_rajasthanifemale_00337.wav,Rajasthani
train_rajasthanifemale_00338.wav,Rajasthani
train_rajasthanifemale_00339.wav,Rajasthani
train_rajasthanifemale_00340.wav,Rajasthani
train_rajasthanifemale_00341.wav,Rajasthani
train_rajasthanifemale_00342.wav,Rajasthani
train_rajasthanifemale_00343.wav,Rajasthani
train_rajasthanifemale_00344.wav,Rajasthani
train_rajasthanifemale_00345.wav,Rajasthani
train_rajasthanifemale_00346.wav,Rajasthani
train_rajasthanifemale_00347.wav,Rajasthani
train_rajasthanifemale_00348.wav,Rajasthani
train_rajasthanifemale_00349.wav,Rajasthani
train_rajasthanifemale_00350.wav,Rajasthani
train_rajasthanifemale_00351.wav,Rajasthani
train_rajasthanifemale_00352.wav,Rajasthani
train_rajasthanifemale_00353.wav,Rajasthani
train_rajasthanifemale_00354.wav,Rajasthani
train_rajasthanifemale_00355.wav,Rajasthani
train_rajasthanifemale_00356.wav,Rajasthani
train_rajasthanifemale_00357.wav,Rajasthani
train_rajasthanifemale_00358.wav,Rajasthani
train_rajasthanifemale_00359.wav,Rajasthani
train_rajasthanifemale_00360.wav,Rajasthani
train_rajasthanifemale_00361.wav,Rajasthani
train_rajasthanifemale_00362.wav,Rajasthani
train_rajasthanifemale_00363.wav,Rajasthani
train_rajasthanifemale_00364.wav,Rajasthani
train_rajasthanifemale_00365.wav,Rajasthani
train_rajasthanifemale_00366.wav,Rajasthani
train_rajasthanifemale_00367.wav,Rajasthani
train_rajasthanifemale_00368.wav,Rajasthani
train_rajasthanifemale_00369.wav,Rajasthani
train_rajasthanifemale_00370.wav,Rajasthani
train_rajasthanifemale_00371.wav,Rajasthani
train_rajasthanifemale_00372.wav,Rajasthani
train_rajasthanifemale_00373.wav,Rajasthani
train_rajasthanifemale_00374.wav,Rajasthani
train_rajasthanifemale_00375.wav,Rajasthani
train_rajasthanifemale_00376.wav,Rajasthani
train_rajasthanifemale_00377.wav,Rajasthani
train_rajasthanifemale_00378.wav,Rajasthani
train_rajasthanifemale_00379.wav,Rajasthani
train_rajasthanifemale_00380.wav,Rajasthani
train_rajasthanifemale_00381.wav,Rajasthani
train_rajasthanifemale_00382.wav,Rajasthani
train_rajasthanifemale_00383.wav,Rajasthani
train_rajasthanifemale_00384.wav,Rajasthani
train_rajasthanifemale_00385.wav,Rajasthani
train_rajasthanifemale_00386.wav,Rajasthani
train_rajasthanifemale_00387.wav,Rajasthani
train_rajasthanifemale_00388.wav,Rajasthani
train_rajasthanifemale_00389.wav,Rajasthani
train_rajasthanifemale_00390.wav,Rajasthani
train_rajasthanifemale_00391.wav,Rajasthani
train_rajasthanifemale_00392.wav,Rajasthani
train_rajasthanifemale_00393.wav,Rajasthani
train_rajasthanifemale_00394.wav,Rajasthani
train_rajasthanifemale_00395.wav,Rajasthani
train_rajasthanifemale_00396.wav,Rajasthani
train_rajasthanifemale_00397.wav,Rajasthani
train_rajasthanifemale_00398.wav,Rajasthani
train_rajasthanifemale_00399.wav,Rajasthani
train_rajasthanifemale_00400.wav,Rajasthani
train_rajasthanifemale_00401.wav,Rajasthani
train_rajasthanifemale_00402.wav,Rajasthani
train_rajasthanifemale_00403.wav,Rajasthani
train_rajasthanifemale_00404.wav,Rajasthani
train_rajasthanifemale_00405.wav,Rajasthani
train_rajasthanifemale_00406.wav,Rajasthani
train_rajasthanifemale_00407.wav,Rajasthani
train_rajasthanifemale_00408.wav,Rajasthani
train_rajasthanifemale_00409.wav,Rajasthani
train_rajasthanifemale_00410.wav,Rajasthani
train_rajasthanifemale_00411.wav,Rajasthani
train_rajasthanifemale_00412.wav,Rajasthani
train_rajasthanifemale_00413.wav,Rajasthani
train_rajasthanifemale_00414.wav,Rajasthani
train_rajasthanifemale_00415.wav,Rajasthani
train_rajasthanifemale_00416.wav,Rajasthani
train_rajasthanifemale_00417.wav,Rajasthani
train_rajasthanifemale_00418.wav,Rajasthani
train_rajasthanifemale_00419.wav,Rajasthani
train_rajasthanifemale_00420.wav,Rajasthani
train_rajasthanifemale_00421.wav,Rajasthani
train_rajasthanifemale_00422.wav,Rajasthani
train_rajasthanifemale_00423.wav,Rajasthani
train_rajasthanifemale_00424.wav,Rajasthani
train_rajasthanifemale_00425.wav,Rajasthani
train_rajasthanifemale_00426.wav,Rajasthani
train_rajasthanifemale_00427.wav,Rajasthani
train_rajasthanifemale_00428.wav,Rajasthani
train_rajasthanifemale_00429.wav,Rajasthani
train_rajasthanifemale_00430.wav,Rajasthani
train_rajasthanifemale_00431.wav,Rajasthani
train_rajasthanifemale_00432.wav,Rajasthani
train_rajasthanifemale_00433.wav,Rajasthani
train_rajasthanifemale_00434.wav,Rajasthani
train_rajasthanifemale_00435.wav,Rajasthani
train_rajasthanifemale_00436.wav,Rajasthani
train_rajasthanifemale_00437.wav,Rajasthani
train_rajasthanifemale_00438.wav,Rajasthani
train_rajasthanifemale_00439.wav,Rajasthani
train_rajasthanifemale_00440.wav,Rajasthani
train_rajasthanifemale_00441.wav,Rajasthani
train_rajasthanifemale_00442.wav,Rajasthani
train_rajasthanifemale_00443.wav,Rajasthani
train_rajasthanifemale_00444.wav,Rajasthani
train_rajasthanifemale_00445.wav,Rajasthani
train_rajasthanifemale_00446.wav,Rajasthani
train_rajasthanifemale_00447.wav,Rajasthani
train_rajasthanifemale_00448.wav,Rajasthani
train_rajasthanifemale_00449.wav,Rajasthani
train_rajasthanifemale_00450.wav,Rajasthani
train_rajasthanifemale_00451.wav,Rajasthani
train_rajasthanifemale_00452.wav,Rajasthani
train_rajasthanifemale_00453.wav,Rajasthani
train_rajasthanifemale_00454.wav,Rajasthani
train_rajasthanifemale_00455.wav,Rajasthani
train_rajasthanifemale_00456.wav,Rajasthani
train_rajasthanifemale_00457.wav,Rajasthani
train_rajasthanifemale_00458.wav,Rajasthani
train_rajasthanifemale_00459.wav,Rajasthani
train_rajasthanifemale_00460.wav,Rajasthani
train_rajasthanifemale_00461.wav,Rajasthani
train_rajasthanifemale_00462.wav,Rajasthani
train_rajasthanifemale_00463.wav,Rajasthani
train_rajasthanifemale_00464.wav,Rajasthani
train_rajasthanifemale_00465.wav,Rajasthani
train_rajasthanifemale_00466.wav,Rajasthani
train_rajasthanifemale_00467.wav,Rajasthani
train_rajasthanifemale_00468.wav,Rajasthani
train_rajasthanifemale_00469.wav,Rajasthani
train_rajasthanifemale_00470.wav,Rajasthani
train_rajasthanifemale_00471.wav,Rajasthani
train_rajasthanifemale_00472.wav,Rajasthani
train_rajasthanifemale_00473.wav,Rajasthani
train_rajasthanifemale_00474.wav,Rajasthani
train_rajasthanifemale_00475.wav,Rajasthani
train_rajasthanifemale_00476.wav,Rajasthani
train_rajasthanifemale_00477.wav,Rajasthani
train_rajasthanifemale_00478.wav,Rajasthani
train_rajasthanifemale_00479.wav,Rajasthani
train_rajasthanifemale_00480.wav,Rajasthani
train_rajasthanifemale_00481.wav,Rajasthani
train_rajasthanifemale_00482.wav,Rajasthani
train_rajasthanifemale_00483.wav,Rajasthani
train_rajasthanifemale_00484.wav,Rajasthani
train_rajasthanifemale_00485.wav,Rajasthani
train_rajasthanifemale_00486.wav,Rajasthani
train_rajasthanifemale_00487.wav,Rajasthani
train_rajasthanifemale_00488.wav,Rajasthani
train_rajasthanifemale_00489.wav,Rajasthani
train_rajasthanifemale_00490.wav,Rajasthani
train_rajasthanifemale_00491.wav,Rajasthani
train_rajasthanifemale_00492.wav,Rajasthani
train_rajasthanifemale_00493.wav,Rajasthani
train_rajasthanifemale_00494.wav,Rajasthani
train_rajasthanifemale_00495.wav,Rajasthani
train_rajasthanifemale_00496.wav,Rajasthani
train_rajasthanifemale_00497.wav,Rajasthani
train_rajasthanifemale_00498.wav,Rajasthani
train_rajasthanifemale_00499.wav,Rajasthani
train_rajasthanifemale_00500.wav,Rajasthani
train_rajasthanifemale_00501.wav,Rajasthani
train_rajasthanifemale_00502.wav,Rajasthani
train_rajasthanifemale_00503.wav,Rajasthani
train_rajasthanifemale_00504.wav,Rajasthani
train_rajasthanifemale_00505.wav,Rajasthani
train_rajasthanifemale_00506.wav,Rajasthani
train_rajasthanifemale_00507.wav,Rajasthani
train_rajasthanifemale_00508.wav,Rajasthani
train_rajasthanifemale_00509.wav,Rajasthani
train_rajasthanifemale_00510.wav,Rajasthani
train_rajasthanifemale_00511.wav,Rajasthani
train_rajasthanifemale_00512.wav,Rajasthani
train_rajasthanifemale_00513.wav,Rajasthani
train_rajasthanifemale_00514.wav,Rajasthani
train_rajasthanifemale_00515.wav,Rajasthani
train_rajasthanifemale_00516.wav,Rajasthani
train_rajasthanifemale_00517.wav,Rajasthani
train_rajasthanifemale_00518.wav,Rajasthani
train_rajasthanifemale_00519.wav,Rajasthani
train_rajasthanifemale_00520.wav,Rajasthani
train_rajasthanifemale_00521.wav,Rajasthani
train_rajasthanifemale_00522.wav,Rajasthani
train_rajasthanifemale_00523.wav,Rajasthani
train_rajasthanifemale_00524.wav,Rajasthani
train_rajasthanifemale_00525.wav,Rajasthani
train_rajasthanifemale_00526.wav,Rajasthani
train_rajasthanifemale_00527.wav,Rajasthani
train_rajasthanifemale_00528.wav,Rajasthani
train_rajasthanifemale_00529.wav,Rajasthani
train_rajasthanifemale_00530.wav,Rajasthani
train_rajasthanifemale_00531.wav,Rajasthani
train_rajasthanifemale_00532.wav,Rajasthani
train_rajasthanifemale_00533.wav,Rajasthani
train_rajasthanifemale_00534.wav,Rajasthani
train_rajasthanifemale_00535.wav,Rajasthani
train_rajasthanifemale_00536.wav,Rajasthani
train_rajasthanifemale_00537.wav,Rajasthani
train_rajasthanifemale_00538.wav,Rajasthani
train_rajasthanifemale_00539.wav,Rajasthani
train_rajasthanifemale_00540.wav,Rajasthani
train_rajasthanifemale_00541.wav,Rajasthani
train_rajasthanifemale_00542.wav,Rajasthani
train_rajasthanifemale_00543.wav,Rajasthani
train_rajasthanifemale_00544.wav,Rajasthani
train_rajasthanifemale_00545.wav,Rajasthani
train_rajasthanifemale_00546.wav,Rajasthani
train_rajasthanifemale_00547.wav,Rajasthani
train_rajasthanifemale_00548.wav,Rajasthani
train_rajasthanifemale_00549.wav,Rajasthani
train_rajasthanifemale_00550.wav,Rajasthani
train_rajasthanifemale_00551.wav,Rajasthani
train_rajasthanifemale_00552.wav,Rajasthani
train_rajasthanifemale_00553.wav,Rajasthani
train_rajasthanifemale_00554.wav,Rajasthani
train_rajasthanifemale_00555.wav,Rajasthani
train_rajasthanifemale_00556.wav,Rajasthani
train_rajasthanifemale_00557.wav,Rajasthani
train_rajasthanifemale_00558.wav,Rajasthani
train_rajasthanifemale_00559.wav,Rajasthani
train_rajasthanifemale_00560.wav,Rajasthani
train_rajasthanifemale_00561.wav,Rajasthani
train_rajasthanifemale_00562.wav,Rajasthani
train_rajasthanifemale_00563.wav,Rajasthani
train_rajasthanifemale_00564.wav,Rajasthani
train_rajasthanifemale_00565.wav,Rajasthani
train_rajasthanifemale_00566.wav,Rajasthani
train_rajasthanifemale_00567.wav,Rajasthani
train_rajasthanifemale_00568.wav,Rajasthani
train_rajasthanifemale_00569.wav,Rajasthani
train_rajasthanifemale_00570.wav,Rajasthani
train_rajasthanifemale_00571.wav,Rajasthani
train_rajasthanifemale_00572.wav,Rajasthani
train_rajasthanifemale_00573.wav,Rajasthani
train_rajasthanifemale_00574.wav,Rajasthani
train_rajasthanifemale_00575.wav,Rajasthani
train_rajasthanifemale_00576.wav,Rajasthani
train_rajasthanifemale_00577.wav,Rajasthani
train_rajasthanifemale_00578.wav,Rajasthani
train_rajasthanifemale_00579.wav,Rajasthani
train_rajasthanifemale_00580.wav,Rajasthani
train_rajasthanifemale_00581.wav,Rajasthani
train_rajasthanifemale_00582.wav,Rajasthani
train_rajasthanifemale_00583.wav,Rajasthani
train_rajasthanifemale_00584.wav,Rajasthani
train_rajasthanifemale_00585.wav,Rajasthani
train_rajasthanifemale_00586.wav,Rajasthani
train_rajasthanifemale_00587.wav,Rajasthani
train_rajasthanifemale_00588.wav,Rajasthani
train_rajasthanifemale_00589.wav,Rajasthani
train_rajasthanifemale_00590.wav,Rajasthani
train_rajasthanifemale_00591.wav,Rajasthani
train_rajasthanifemale_00592.wav,Rajasthani
train_rajasthanifemale_00593.wav,Rajasthani
train_rajasthanifemale_00594.wav,Rajasthani
train_rajasthanifemale_00595.wav,Rajasthani
train_rajasthanifemale_00596.wav,Rajasthani
train_rajasthanifemale_00597.wav,Rajasthani
train_rajasthanifemale_00598.wav,Rajasthani
train_rajasthanifemale_00599.wav,Rajasthani
train_rajasthanifemale_00600.wav,Rajasthani
train_rajasthanifemale_00601.wav,Rajasthani
train_rajasthanifemale_00602.wav,Rajasthani
train_rajasthanifemale_00603.wav,Rajasthani
train_rajasthanifemale_00604.wav,Rajasthani
train_rajasthanifemale_00605.wav,Rajasthani
train_rajasthanifemale_00606.wav,Rajasthani
train_rajasthanifemale_00607.wav,Rajasthani
train_rajasthanifemale_00608.wav,Rajasthani
train_rajasthanifemale_00609.wav,Rajasthani
train_rajasthanifemale_00610.wav,Rajasthani
train_rajasthanifemale_00611.wav,Rajasthani
train_rajasthanifemale_00612.wav,Rajasthani
train_rajasthanifemale_00613.wav,Rajasthani
train_rajasthanifemale_00614.wav,Rajasthani
train_rajasthanifemale_00615.wav,Rajasthani
train_rajasthanifemale_00616.wav,Rajasthani
train_rajasthanifemale_00617.wav,Rajasthani
train_rajasthanifemale_00618.wav,Rajasthani
train_rajasthanifemale_00619.wav,Rajasthani
train_rajasthanifemale_00620.wav,Rajasthani
train_rajasthanifemale_00621.wav,Rajasthani
train_rajasthanifemale_00622.wav,Rajasthani
train_rajasthanifemale_00623.wav,Rajasthani
train_rajasthanifemale_00624.wav,Rajasthani
train_rajasthanifemale_00625.wav,Rajasthani
train_rajasthanifemale_00626.wav,Rajasthani
train_rajasthanifemale_00627.wav,Rajasthani
train_rajasthanifemale_00628.wav,Rajasthani
train_rajasthanifemale_00629.wav,Rajasthani
train_rajasthanifemale_00630.wav,Rajasthani
train_rajasthanifemale_00631.wav,Rajasthani
train_rajasthanifemale_00632.wav,Rajasthani
train_rajasthanifemale_00633.wav,Rajasthani
train_rajasthanifemale_00634.wav,Rajasthani
train_rajasthanifemale_00635.wav,Rajasthani
train_rajasthanifemale_00636.wav,Rajasthani
train_rajasthanifemale_00637.wav,Rajasthani
train_rajasthanifemale_00638.wav,Rajasthani
train_rajasthanifemale_00639.wav,Rajasthani
train_rajasthanifemale_00640.wav,Rajasthani
train_rajasthanifemale_00641.wav,Rajasthani
train_rajasthanifemale_00642.wav,Rajasthani
train_rajasthanifemale_00643.wav,Rajasthani
train_rajasthanifemale_00644.wav,Rajasthani
train_rajasthanifemale_00645.wav,Rajasthani
train_rajasthanifemale_00646.wav,Rajasthani
train_rajasthanifemale_00647.wav,Rajasthani
train_rajasthanifemale_00648.wav,Rajasthani
train_rajasthanifemale_00649.wav,Rajasthani
train_rajasthanifemale_00650.wav,Rajasthani
train_rajasthanifemale_00651.wav,Rajasthani
train_rajasthanifemale_00652.wav,Rajasthani
train_rajasthanifemale_00653.wav,Rajasthani
train_rajasthanifemale_00654.wav,Rajasthani
train_rajasthanifemale_00655.wav,Rajasthani
train_rajasthanifemale_00656.wav,Rajasthani
train_rajasthanifemale_00657.wav,Rajasthani
train_rajasthanifemale_00658.wav,Rajasthani
train_rajasthanifemale_00659.wav,Rajasthani
train_rajasthanifemale_00660.wav,Rajasthani
train_rajasthanifemale_00661.wav,Rajasthani
train_rajasthanifemale_00662.wav,Rajasthani
train_rajasthanifemale_00663.wav,Rajasthani
train_rajasthanifemale_00664.wav,Rajasthani
train_rajasthanifemale_00665.wav,Rajasthani
train_rajasthanifemale_00666.wav,Rajasthani
train_rajasthanifemale_00667.wav,Rajasthani
train_rajasthanifemale_00668.wav,Rajasthani
train_rajasthanifemale_00669.wav,Rajasthani
train_rajasthanifemale_00670.wav,Rajasthani
train_rajasthanifemale_00671.wav,Rajasthani
train_rajasthanifemale_00672.wav,Rajasthani
train_rajasthanifemale_00673.wav,Rajasthani
train_rajasthanifemale_00674.wav,Rajasthani
train_rajasthanifemale_00675.wav,Rajasthani
train_rajasthanifemale_00676.wav,Rajasthani
train_rajasthanifemale_00677.wav,Rajasthani
train_rajasthanifemale_00678.wav,Rajasthani
train_rajasthanifemale_00679.wav,Rajasthani
train_rajasthanifemale_00680.wav,Rajasthani
train_rajasthanifemale_00681.wav,Rajasthani
train_rajasthanifemale_00682.wav,Rajasthani
train_rajasthanifemale_00683.wav,Rajasthani
train_rajasthanifemale_00684.wav,Rajasthani
train_rajasthanifemale_00685.wav,Rajasthani
train_rajasthanifemale_00686.wav,Rajasthani
train_rajasthanifemale_00687.wav,Rajasthani
train_rajasthanifemale_00688.wav,Rajasthani
train_rajasthanifemale_00689.wav,Rajasthani
train_rajasthanifemale_00690.wav,Rajasthani
train_rajasthanifemale_00691.wav,Rajasthani
train_rajasthanifemale_00692.wav,Rajasthani
train_rajasthanifemale_00693.wav,Rajasthani
train_rajasthanifemale_00694.wav,Rajasthani
train_rajasthanifemale_00695.wav,Rajasthani
train_rajasthanifemale_00696.wav,Rajasthani
train_rajasthanifemale_00697.wav,Rajasthani
train_rajasthanifemale_00698.wav,Rajasthani
train_rajasthanifemale_00699.wav,Rajasthani
train_rajasthanifemale_00700.wav,Rajasthani
train_rajasthanifemale_00701.wav,Rajasthani
train_rajasthanifemale_00702.wav,Rajasthani
train_rajasthanifemale_00703.wav,Rajasthani
train_rajasthanifemale_00704.wav,Rajasthani
train_rajasthanifemale_00705.wav,Rajasthani
train_rajasthanifemale_00706.wav,Rajasthani
train_rajasthanifemale_00707.wav,Rajasthani
train_rajasthanifemale_00708.wav,Rajasthani
train_rajasthanifemale_00709.wav,Rajasthani
train_rajasthanifemale_00710.wav,Rajasthani
train_rajasthanifemale_00711.wav,Rajasthani
train_rajasthanifemale_00712.wav,Rajasthani
train_rajasthanifemale_00713.wav,Rajasthani
train_rajasthanifemale_00714.wav,Rajasthani
train_rajasthanifemale_00715.wav,Rajasthani
train_rajasthanifemale_00716.wav,Rajasthani
train_rajasthanifemale_00717.wav,Rajasthani
train_rajasthanifemale_00718.wav,Rajasthani
train_rajasthanifemale_00719.wav,Rajasthani
train_rajasthanifemale_00720.wav,Rajasthani
train_rajasthanifemale_00721.wav,Rajasthani
train_rajasthanifemale_00722.wav,Rajasthani
train_rajasthanifemale_00723.wav,Rajasthani
train_rajasthanifemale_00724.wav,Rajasthani
train_rajasthanifemale_00725.wav,Rajasthani
train_rajasthanifemale_00726.wav,Rajasthani
train_rajasthanifemale_00727.wav,Rajasthani
train_rajasthanifemale_00728.wav,Rajasthani
train_rajasthanifemale_00729.wav,Rajasthani
train_rajasthanifemale_00730.wav,Rajasthani
train_rajasthanifemale_00731.wav,Rajasthani
train_rajasthanifemale_00732.wav,Rajasthani
train_rajasthanifemale_00733.wav,Rajasthani
train_rajasthanifemale_00734.wav,Rajasthani
train_rajasthanifemale_00735.wav,Rajasthani
train_rajasthanifemale_00736.wav,Rajasthani
train_rajasthanifemale_00737.wav,Rajasthani
train_rajasthanifemale_00738.wav,Rajasthani
train_rajasthanifemale_00739.wav,Rajasthani
train_rajasthanifemale_00740.wav,Rajasthani
train_rajasthanifemale_00741.wav,Rajasthani
train_rajasthanifemale_00742.wav,Rajasthani
train_rajasthanifemale_00743.wav,Rajasthani
train_rajasthanifemale_00744.wav,Rajasthani
train_rajasthanifemale_00745.wav,Rajasthani
train_rajasthanifemale_00746.wav,Rajasthani
train_rajasthanifemale_00747.wav,Rajasthani
train_rajasthanifemale_00748.wav,Rajasthani
train_rajasthanifemale_00749.wav,Rajasthani
train_rajasthanifemale_00750.wav,Rajasthani
train_rajasthanifemale_00751.wav,Rajasthani
train_rajasthanifemale_00752.wav,Rajasthani
train_rajasthanifemale_00753.wav,Rajasthani
train_rajasthanifemale_00754.wav,Rajasthani
train_rajasthanifemale_00755.wav,Rajasthani
train_rajasthanifemale_00756.wav,Rajasthani
train_rajasthanifemale_00757.wav,Rajasthani
train_rajasthanifemale_00758.wav,Rajasthani
train_rajasthanifemale_00759.wav,Rajasthani
train_rajasthanifemale_00760.wav,Rajasthani
train_rajasthanifemale_00761.wav,Rajasthani
train_rajasthanifemale_00762.wav,Rajasthani
train_rajasthanifemale_00763.wav,Rajasthani
train_rajasthanifemale_00764.wav,Rajasthani
train_rajasthanifemale_00765.wav,Rajasthani
train_rajasthanifemale_00766.wav,Rajasthani
train_rajasthanifemale_00767.wav,Rajasthani
train_rajasthanifemale_00768.wav,Rajasthani
train_rajasthanifemale_00769.wav,Rajasthani
train_rajasthanifemale_00770.wav,Rajasthani
train_rajasthanifemale_00771.wav,Rajasthani
train_rajasthanifemale_00772.wav,Rajasthani
train_rajasthanifemale_00773.wav,Rajasthani
train_rajasthanifemale_00774.wav,Rajasthani
train_rajasthanifemale_00775.wav,Rajasthani
train_rajasthanifemale_00776.wav,Rajasthani
train_rajasthanifemale_00777.wav,Rajasthani
train_rajasthanifemale_00778.wav,Rajasthani
train_rajasthanifemale_00779.wav,Rajasthani
train_rajasthanifemale_00780.wav,Rajasthani
train_rajasthanifemale_00781.wav,Rajasthani
train_rajasthanifemale_00782.wav,Rajasthani
train_rajasthanifemale_00783.wav,Rajasthani
train_rajasthanifemale_00784.wav,Rajasthani
train_rajasthanifemale_00785.wav,Rajasthani
train_rajasthanifemale_00786.wav,Rajasthani
train_rajasthanifemale_00787.wav,Rajasthani
train_rajasthanifemale_00788.wav,Rajasthani
train_rajasthanifemale_00789.wav,Rajasthani
train_rajasthanifemale_00790.wav,Rajasthani
train_rajasthanifemale_00791.wav,Rajasthani
train_rajasthanifemale_00792.wav,Rajasthani
train_rajasthanifemale_00793.wav,Rajasthani
train_rajasthanifemale_00794.wav,Rajasthani
train_rajasthanifemale_00795.wav,Rajasthani
train_rajasthanifemale_00796.wav,Rajasthani
train_rajasthanifemale_00797.wav,Rajasthani
train_rajasthanifemale_00798.wav,Rajasthani
train_rajasthanifemale_00799.wav,Rajasthani
train_rajasthanifemale_00800.wav,Rajasthani
train_rajasthanifemale_00801.wav,Rajasthani
train_rajasthanifemale_00802.wav,Rajasthani
train_rajasthanifemale_00803.wav,Rajasthani
train_rajasthanifemale_00804.wav,Rajasthani
train_rajasthanifemale_00805.wav,Rajasthani
train_rajasthanifemale_00806.wav,Rajasthani
train_rajasthanifemale_00807.wav,Rajasthani
train_rajasthanifemale_00808.wav,Rajasthani
train_rajasthanifemale_00809.wav,Rajasthani
train_rajasthanifemale_00810.wav,Rajasthani
train_rajasthanifemale_00811.wav,Rajasthani
train_rajasthanifemale_00812.wav,Rajasthani
train_rajasthanifemale_00813.wav,Rajasthani
train_rajasthanifemale_00814.wav,Rajasthani
train_rajasthanifemale_00815.wav,Rajasthani
train_rajasthanifemale_00816.wav,Rajasthani
train_rajasthanifemale_00817.wav,Rajasthani
train_rajasthanifemale_00818.wav,Rajasthani
train_rajasthanifemale_00819.wav,Rajasthani
train_rajasthanifemale_00820.wav,Rajasthani
train_rajasthanifemale_00821.wav,Rajasthani
train_rajasthanifemale_00822.wav,Rajasthani
train_rajasthanifemale_00823.wav,Rajasthani
train_rajasthanifemale_00824.wav,Rajasthani
train_rajasthanifemale_00825.wav,Rajasthani
train_rajasthanifemale_00826.wav,Rajasthani
train_rajasthanifemale_00827.wav,Rajasthani
train_rajasthanifemale_00828.wav,Rajasthani
train_rajasthanifemale_00829.wav,Rajasthani
train_rajasthanifemale_00830.wav,Rajasthani
train_rajasthanifemale_00831.wav,Rajasthani
train_rajasthanifemale_00832.wav,Rajasthani
train_rajasthanifemale_00833.wav,Rajasthani
train_rajasthanifemale_00834.wav,Rajasthani
train_rajasthanifemale_00835.wav,Rajasthani
train_rajasthanifemale_00836.wav,Rajasthani
train_rajasthanifemale_00837.wav,Rajasthani
train_rajasthanifemale_00838.wav,Rajasthani
train_rajasthanifemale_00839.wav,Rajasthani
train_rajasthanifemale_00840.wav,Rajasthani
train_rajasthanifemale_00841.wav,Rajasthani
train_rajasthanifemale_00842.wav,Rajasthani
train_rajasthanifemale_00843.wav,Rajasthani
train_rajasthanifemale_00844.wav,Rajasthani
train_rajasthanifemale_00845.wav,Rajasthani
train_rajasthanifemale_00846.wav,Rajasthani
train_rajasthanifemale_00847.wav,Rajasthani
train_rajasthanifemale_00848.wav,Rajasthani
train_rajasthanifemale_00849.wav,Rajasthani
train_rajasthanifemale_00850.wav,Rajasthani
train_rajasthanifemale_00851.wav,Rajasthani
train_rajasthanifemale_00852.wav,Rajasthani
train_rajasthanifemale_00853.wav,Rajasthani
train_rajasthanifemale_00854.wav,Rajasthani
train_rajasthanifemale_00855.wav,Rajasthani
train_rajasthanifemale_00856.wav,Rajasthani
train_rajasthanifemale_00857.wav,Rajasthani
train_rajasthanifemale_00858.wav,Rajasthani
train_rajasthanifemale_00859.wav,Rajasthani
train_rajasthanifemale_00860.wav,Rajasthani
train_rajasthanifemale_00861.wav,Rajasthani
train_rajasthanifemale_00862.wav,Rajasthani
train_rajasthanifemale_00863.wav,Rajasthani
train_rajasthanifemale_00864.wav,Rajasthani
train_rajasthanifemale_00865.wav,Rajasthani
train_rajasthanifemale_00866.wav,Rajasthani
train_rajasthanifemale_00867.wav,Rajasthani
train_rajasthanifemale_00868.wav,Rajasthani
train_rajasthanifemale_00869.wav,Rajasthani
train_rajasthanifemale_00870.wav,Rajasthani
train_rajasthanifemale_00871.wav,Rajasthani
train_rajasthanifemale_00872.wav,Rajasthani
train_rajasthanifemale_00873.wav,Rajasthani
train_rajasthanifemale_00874.wav,Rajasthani
train_rajasthanifemale_00875.wav,Rajasthani
train_rajasthanifemale_00876.wav,Rajasthani
train_rajasthanifemale_00877.wav,Rajasthani
train_rajasthanifemale_00878.wav,Rajasthani
train_rajasthanifemale_00879.wav,Rajasthani
train_rajasthanifemale_00880.wav,Rajasthani
train_rajasthanifemale_00881.wav,Rajasthani
train_rajasthanifemale_00882.wav,Rajasthani
train_rajasthanifemale_00883.wav,Rajasthani
train_rajasthanifemale_00884.wav,Rajasthani
train_rajasthanifemale_00885.wav,Rajasthani
train_rajasthanifemale_00886.wav,Rajasthani
train_rajasthanifemale_00887.wav,Rajasthani
train_rajasthanifemale_00888.wav,Rajasthani
train_rajasthanifemale_00889.wav,Rajasthani
train_rajasthanifemale_00890.wav,Rajasthani
train_rajasthanifemale_00891.wav,Rajasthani
train_rajasthanifemale_00892.wav,Rajasthani
train_rajasthanifemale_00893.wav,Rajasthani
train_rajasthanifemale_00894.wav,Rajasthani
train_rajasthanifemale_00895.wav,Rajasthani
train_rajasthanifemale_00896.wav,Rajasthani
train_rajasthanifemale_00897.wav,Rajasthani
train_rajasthanifemale_00898.wav,Rajasthani
train_rajasthanifemale_00899.wav,Rajasthani
train_rajasthanifemale_00900.wav,Rajasthani
train_rajasthanifemale_00901.wav,Rajasthani
train_rajasthanifemale_00902.wav,Rajasthani
train_rajasthanifemale_00903.wav,Rajasthani
train_rajasthanifemale_00904.wav,Rajasthani
train_rajasthanifemale_00905.wav,Rajasthani
train_rajasthanifemale_00906.wav,Rajasthani
train_rajasthanifemale_00907.wav,Rajasthani
train_rajasthanifemale_00908.wav,Rajasthani
train_rajasthanifemale_00909.wav,Rajasthani
train_rajasthanifemale_00910.wav,Rajasthani
train_rajasthanifemale_00911.wav,Rajasthani
train_rajasthanifemale_00912.wav,Rajasthani
train_rajasthanifemale_00913.wav,Rajasthani
train_rajasthanifemale_00914.wav,Rajasthani
train_rajasthanifemale_00915.wav,Rajasthani
train_rajasthanifemale_00916.wav,Rajasthani
train_rajasthanifemale_00917.wav,Rajasthani
train_rajasthanifemale_00918.wav,Rajasthani
train_rajasthanifemale_00919.wav,Rajasthani
train_rajasthanifemale_00920.wav,Rajasthani
train_rajasthanifemale_00921.wav,Rajasthani
train_rajasthanifemale_00922.wav,Rajasthani
train_rajasthanifemale_00923.wav,Rajasthani
train_rajasthanifemale_00924.wav,Rajasthani
train_rajasthanifemale_00925.wav,Rajasthani
train_rajasthanifemale_00926.wav,Rajasthani
train_rajasthanifemale_00927.wav,Rajasthani
train_rajasthanifemale_00928.wav,Rajasthani
train_rajasthanifemale_00929.wav,Rajasthani
train_rajasthanifemale_00930.wav,Rajasthani
train_rajasthanifemale_00931.wav,Rajasthani
train_rajasthanifemale_00932.wav,Rajasthani
train_rajasthanifemale_00933.wav,Rajasthani
train_rajasthanifemale_00934.wav,Rajasthani
train_rajasthanifemale_00935.wav,Rajasthani
train_rajasthanifemale_00936.wav,Rajasthani
train_rajasthanifemale_00937.wav,Rajasthani
train_rajasthanifemale_00938.wav,Rajasthani
train_rajasthanifemale_00939.wav,Rajasthani
train_rajasthanifemale_00940.wav,Rajasthani
train_rajasthanifemale_00941.wav,Rajasthani
train_rajasthanifemale_00942.wav,Rajasthani
train_rajasthanifemale_00943.wav,Rajasthani
train_rajasthanifemale_00944.wav,Rajasthani
train_rajasthanifemale_00945.wav,Rajasthani
train_rajasthanifemale_00946.wav,Rajasthani
train_rajasthanifemale_00947.wav,Rajasthani
train_rajasthanifemale_00948.wav,Rajasthani
train_rajasthanifemale_00949.wav,Rajasthani
train_rajasthanifemale_00950.wav,Rajasthani
train_rajasthanifemale_00951.wav,Rajasthani
train_rajasthanifemale_00952.wav,Rajasthani
train_rajasthanifemale_00953.wav,Rajasthani
train_rajasthanifemale_00954.wav,Rajasthani
train_rajasthanifemale_00955.wav,Rajasthani
train_rajasthanifemale_00956.wav,Rajasthani
train_rajasthanifemale_00957.wav,Rajasthani
train_rajasthanifemale_00958.wav,Rajasthani
train_rajasthanifemale_00959.wav,Rajasthani
train_rajasthanifemale_00960.wav,Rajasthani
train_rajasthanifemale_00961.wav,Rajasthani
train_rajasthanifemale_00962.wav,Rajasthani
train_rajasthanifemale_00963.wav,Rajasthani
train_rajasthanifemale_00964.wav,Rajasthani
train_rajasthanifemale_00965.wav,Rajasthani
train_rajasthanifemale_00966.wav,Rajasthani
train_rajasthanifemale_00967.wav,Rajasthani
train_rajasthanifemale_00968.wav,Rajasthani
train_rajasthanifemale_00969.wav,Rajasthani
train_rajasthanifemale_00970.wav,Rajasthani
train_rajasthanifemale_00971.wav,Rajasthani
train_rajasthanifemale_00972.wav,Rajasthani
train_rajasthanifemale_00973.wav,Rajasthani
train_rajasthanifemale_00974.wav,Rajasthani
train_rajasthanifemale_00975.wav,Rajasthani
train_rajasthanifemale_00976.wav,Rajasthani
train_rajasthanifemale_00977.wav,Rajasthani
train_rajasthanifemale_00978.wav,Rajasthani
train_rajasthanifemale_00979.wav,Rajasthani
train_rajasthanifemale_00980.wav,Rajasthani
train_rajasthanifemale_00981.wav,Rajasthani
train_rajasthanifemale_00982.wav,Rajasthani
train_rajasthanifemale_00983.wav,Rajasthani
train_rajasthanifemale_00984.wav,Rajasthani
train_rajasthanifemale_00985.wav,Rajasthani
train_rajasthanifemale_00986.wav,Rajasthani
train_rajasthanifemale_00987.wav,Rajasthani
train_rajasthanifemale_00988.wav,Rajasthani
train_rajasthanifemale_00989.wav,Rajasthani
train_rajasthanifemale_00990.wav,Rajasthani
train_rajasthanifemale_00991.wav,Rajasthani
train_rajasthanifemale_00992.wav,Rajasthani
train_rajasthanifemale_00993.wav,Rajasthani
train_rajasthanifemale_00994.wav,Rajasthani
train_rajasthanifemale_00995.wav,Rajasthani
train_rajasthanifemale_00996.wav,Rajasthani
train_rajasthanifemale_00997.wav,Rajasthani
train_rajasthanifemale_00998.wav,Rajasthani
train_rajasthanifemale_00999.wav,Rajasthani
train_rajasthanifemale_01000.wav,Rajasthani
train_rajasthanimale_00001.wav,Rajasthani
train_rajasthanimale_00002.wav,Rajasthani
train_rajasthanimale_00003.wav,Rajasthani
train_rajasthanimale_00004.wav,Rajasthani
train_rajasthanimale_00005.wav,Rajasthani
train_rajasthanimale_00006.wav,Rajasthani
train_rajasthanimale_00007.wav,Rajasthani
train_rajasthanimale_00008.wav,Rajasthani
train_rajasthanimale_00009.wav,Rajasthani
train_rajasthanimale_00010.wav,Rajasthani
train_rajasthanimale_00011.wav,Rajasthani
train_rajasthanimale_00012.wav,Rajasthani
train_rajasthanimale_00013.wav,Rajasthani
train_rajasthanimale_00014.wav,Rajasthani
train_rajasthanimale_00015.wav,Rajasthani
train_rajasthanimale_00016.wav,Rajasthani
train_rajasthanimale_00017.wav,Rajasthani
train_rajasthanimale_00018.wav,Rajasthani
train_rajasthanimale_00019.wav,Rajasthani
train_rajasthanimale_00020.wav,Rajasthani
train_rajasthanimale_00021.wav,Rajasthani
train_rajasthanimale_00022.wav,Rajasthani
train_rajasthanimale_00023.wav,Rajasthani
train_rajasthanimale_00024.wav,Rajasthani
train_rajasthanimale_00025.wav,Rajasthani
train_rajasthanimale_00026.wav,Rajasthani
train_rajasthanimale_00027.wav,Rajasthani
train_rajasthanimale_00028.wav,Rajasthani
train_rajasthanimale_00029.wav,Rajasthani
train_rajasthanimale_00030.wav,Rajasthani
train_rajasthanimale_00031.wav,Rajasthani
train_rajasthanimale_00032.wav,Rajasthani
train_rajasthanimale_00033.wav,Rajasthani
train_rajasthanimale_00034.wav,Rajasthani
train_rajasthanimale_00035.wav,Rajasthani
train_rajasthanimale_00036.wav,Rajasthani
train_rajasthanimale_00037.wav,Rajasthani
train_rajasthanimale_00038.wav,Rajasthani
train_rajasthanimale_00039.wav,Rajasthani
train_rajasthanimale_00040.wav,Rajasthani
train_rajasthanimale_00041.wav,Rajasthani
train_rajasthanimale_00042.wav,Rajasthani
train_rajasthanimale_00043.wav,Rajasthani
train_rajasthanimale_00044.wav,Rajasthani
train_rajasthanimale_00045.wav,Rajasthani
train_rajasthanimale_00046.wav,Rajasthani
train_rajasthanimale_00047.wav,Rajasthani
train_rajasthanimale_00048.wav,Rajasthani
train_rajasthanimale_00049.wav,Rajasthani
train_rajasthanimale_00050.wav,Rajasthani
train_rajasthanimale_00051.wav,Rajasthani
train_rajasthanimale_00052.wav,Rajasthani
train_rajasthanimale_00053.wav,Rajasthani
train_rajasthanimale_00054.wav,Rajasthani
train_rajasthanimale_00055.wav,Rajasthani
train_rajasthanimale_00056.wav,Rajasthani
train_rajasthanimale_00057.wav,Rajasthani
train_rajasthanimale_00058.wav,Rajasthani
train_rajasthanimale_00059.wav,Rajasthani
train_rajasthanimale_00060.wav,Rajasthani
train_rajasthanimale_00061.wav,Rajasthani
train_rajasthanimale_00062.wav,Rajasthani
train_rajasthanimale_00063.wav,Rajasthani
train_rajasthanimale_00064.wav,Rajasthani
train_rajasthanimale_00065.wav,Rajasthani
train_rajasthanimale_00066.wav,Rajasthani
train_rajasthanimale_00067.wav,Rajasthani
train_rajasthanimale_00068.wav,Rajasthani
train_rajasthanimale_00069.wav,Rajasthani
train_rajasthanimale_00070.wav,Rajasthani
train_rajasthanimale_00071.wav,Rajasthani
train_rajasthanimale_00072.wav,Rajasthani
train_rajasthanimale_00073.wav,Rajasthani
train_rajasthanimale_00074.wav,Rajasthani
train_rajasthanimale_00075.wav,Rajasthani
train_rajasthanimale_00076.wav,Rajasthani
train_rajasthanimale_00077.wav,Rajasthani
train_rajasthanimale_00078.wav,Rajasthani
train_rajasthanimale_00079.wav,Rajasthani
train_rajasthanimale_00080.wav,Rajasthani
train_rajasthanimale_00081.wav,Rajasthani
train_rajasthanimale_00082.wav,Rajasthani
train_rajasthanimale_00083.wav,Rajasthani
train_rajasthanimale_00084.wav,Rajasthani
train_rajasthanimale_00085.wav,Rajasthani
train_rajasthanimale_00086.wav,Rajasthani
train_rajasthanimale_00087.wav,Rajasthani
train_rajasthanimale_00088.wav,Rajasthani
train_rajasthanimale_00089.wav,Rajasthani
train_rajasthanimale_00090.wav,Rajasthani
train_rajasthanimale_00091.wav,Rajasthani
train_rajasthanimale_00092.wav,Rajasthani
train_rajasthanimale_00093.wav,Rajasthani
train_rajasthanimale_00094.wav,Rajasthani
train_rajasthanimale_00095.wav,Rajasthani
train_rajasthanimale_00096.wav,Rajasthani
train_rajasthanimale_00097.wav,Rajasthani
train_rajasthanimale_00098.wav,Rajasthani
train_rajasthanimale_00099.wav,Rajasthani
train_rajasthanimale_00100.wav,Rajasthani
train_rajasthanimale_00101.wav,Rajasthani
train_rajasthanimale_00102.wav,Rajasthani
train_rajasthanimale_00103.wav,Rajasthani
train_rajasthanimale_00104.wav,Rajasthani
train_rajasthanimale_00105.wav,Rajasthani
train_rajasthanimale_00106.wav,Rajasthani
train_rajasthanimale_00107.wav,Rajasthani
train_rajasthanimale_00108.wav,Rajasthani
train_rajasthanimale_00109.wav,Rajasthani
train_rajasthanimale_00110.wav,Rajasthani
train_rajasthanimale_00111.wav,Rajasthani
train_rajasthanimale_00112.wav,Rajasthani
train_rajasthanimale_00113.wav,Rajasthani
train_rajasthanimale_00114.wav,Rajasthani
train_rajasthanimale_00115.wav,Rajasthani
train_rajasthanimale_00116.wav,Rajasthani
train_rajasthanimale_00117.wav,Rajasthani
train_rajasthanimale_00118.wav,Rajasthani
train_rajasthanimale_00119.wav,Rajasthani
train_rajasthanimale_00120.wav,Rajasthani
train_rajasthanimale_00121.wav,Rajasthani
train_rajasthanimale_00122.wav,Rajasthani
train_rajasthanimale_00123.wav,Rajasthani
train_rajasthanimale_00124.wav,Rajasthani
train_rajasthanimale_00125.wav,Rajasthani
train_rajasthanimale_00126.wav,Rajasthani
train_rajasthanimale_00127.wav,Rajasthani
train_rajasthanimale_00128.wav,Rajasthani
train_rajasthanimale_00129.wav,Rajasthani
train_rajasthanimale_00130.wav,Rajasthani
train_rajasthanimale_00131.wav,Rajasthani
train_rajasthanimale_00132.wav,Rajasthani
train_rajasthanimale_00133.wav,Rajasthani
train_rajasthanimale_00134.wav,Rajasthani
train_rajasthanimale_00135.wav,Rajasthani
train_rajasthanimale_00136.wav,Rajasthani
train_rajasthanimale_00137.wav,Rajasthani
train_rajasthanimale_00138.wav,Rajasthani
train_rajasthanimale_00139.wav,Rajasthani
train_rajasthanimale_00140.wav,Rajasthani
train_rajasthanimale_00141.wav,Rajasthani
train_rajasthanimale_00142.wav,Rajasthani
train_rajasthanimale_00143.wav,Rajasthani
train_rajasthanimale_00144.wav,Rajasthani
train_rajasthanimale_00145.wav,Rajasthani
train_rajasthanimale_00146.wav,Rajasthani
train_rajasthanimale_00147.wav,Rajasthani
train_rajasthanimale_00148.wav,Rajasthani
train_rajasthanimale_00149.wav,Rajasthani
train_rajasthanimale_00150.wav,Rajasthani
train_rajasthanimale_00151.wav,Rajasthani
train_rajasthanimale_00152.wav,Rajasthani
train_rajasthanimale_00153.wav,Rajasthani
train_rajasthanimale_00154.wav,Rajasthani
train_rajasthanimale_00155.wav,Rajasthani
train_rajasthanimale_00156.wav,Rajasthani
train_rajasthanimale_00157.wav,Rajasthani
train_rajasthanimale_00158.wav,Rajasthani
train_rajasthanimale_00159.wav,Rajasthani
train_rajasthanimale_00160.wav,Rajasthani
train_rajasthanimale_00161.wav,Rajasthani
train_rajasthanimale_00162.wav,Rajasthani
train_rajasthanimale_00163.wav,Rajasthani
train_rajasthanimale_00164.wav,Rajasthani
train_rajasthanimale_00165.wav,Rajasthani
train_rajasthanimale_00166.wav,Rajasthani
train_rajasthanimale_00167.wav,Rajasthani
train_rajasthanimale_00168.wav,Rajasthani
train_rajasthanimale_00169.wav,Rajasthani
train_rajasthanimale_00170.wav,Rajasthani
train_rajasthanimale_00171.wav,Rajasthani
train_rajasthanimale_00172.wav,Rajasthani
train_rajasthanimale_00173.wav,Rajasthani
train_rajasthanimale_00174.wav,Rajasthani
train_rajasthanimale_00175.wav,Rajasthani
train_rajasthanimale_00176.wav,Rajasthani
train_rajasthanimale_00177.wav,Rajasthani
train_rajasthanimale_00178.wav,Rajasthani
train_rajasthanimale_00179.wav,Rajasthani
train_rajasthanimale_00180.wav,Rajasthani
train_rajasthanimale_00181.wav,Rajasthani
train_rajasthanimale_00182.wav,Rajasthani
train_rajasthanimale_00183.wav,Rajasthani
train_rajasthanimale_00184.wav,Rajasthani
train_rajasthanimale_00185.wav,Rajasthani
train_rajasthanimale_00186.wav,Rajasthani
train_rajasthanimale_00187.wav,Rajasthani
train_rajasthanimale_00188.wav,Rajasthani
train_rajasthanimale_00189.wav,Rajasthani
train_rajasthanimale_00190.wav,Rajasthani
train_rajasthanimale_00191.wav,Rajasthani
train_rajasthanimale_00192.wav,Rajasthani
train_rajasthanimale_00193.wav,Rajasthani
train_rajasthanimale_00194.wav,Rajasthani
train_rajasthanimale_00195.wav,Rajasthani
train_rajasthanimale_00196.wav,Rajasthani
train_rajasthanimale_00197.wav,Rajasthani
train_rajasthanimale_00198.wav,Rajasthani
train_rajasthanimale_00199.wav,Rajasthani
train_rajasthanimale_00200.wav,Rajasthani
train_rajasthanimale_00201.wav,Rajasthani
train_rajasthanimale_00202.wav,Rajasthani
train_rajasthanimale_00203.wav,Rajasthani
train_rajasthanimale_00204.wav,Rajasthani
train_rajasthanimale_00205.wav,Rajasthani
train_rajasthanimale_00206.wav,Rajasthani
train_rajasthanimale_00207.wav,Rajasthani
train_rajasthanimale_00208.wav,Rajasthani
train_rajasthanimale_00209.wav,Rajasthani
train_rajasthanimale_00210.wav,Rajasthani
train_rajasthanimale_00211.wav,Rajasthani
train_rajasthanimale_00212.wav,Rajasthani
train_rajasthanimale_00213.wav,Rajasthani
train_rajasthanimale_00214.wav,Rajasthani
train_rajasthanimale_00215.wav,Rajasthani
train_rajasthanimale_00216.wav,Rajasthani
train_rajasthanimale_00217.wav,Rajasthani
train_rajasthanimale_00218.wav,Rajasthani
train_rajasthanimale_00219.wav,Rajasthani
train_rajasthanimale_00220.wav,Rajasthani
train_rajasthanimale_00221.wav,Rajasthani
train_rajasthanimale_00222.wav,Rajasthani
train_rajasthanimale_00223.wav,Rajasthani
train_rajasthanimale_00224.wav,Rajasthani
train_rajasthanimale_00225.wav,Rajasthani
train_rajasthanimale_00226.wav,Rajasthani
train_rajasthanimale_00227.wav,Rajasthani
train_rajasthanimale_00228.wav,Rajasthani
train_rajasthanimale_00229.wav,Rajasthani
train_rajasthanimale_00230.wav,Rajasthani
train_rajasthanimale_00231.wav,Rajasthani
train_rajasthanimale_00232.wav,Rajasthani
train_rajasthanimale_00233.wav,Rajasthani
train_rajasthanimale_00234.wav,Rajasthani
train_rajasthanimale_00235.wav,Rajasthani
train_rajasthanimale_00236.wav,Rajasthani
train_rajasthanimale_00237.wav,Rajasthani
train_rajasthanimale_00238.wav,Rajasthani
train_rajasthanimale_00239.wav,Rajasthani
train_rajasthanimale_00240.wav,Rajasthani
train_rajasthanimale_00241.wav,Rajasthani
train_rajasthanimale_00242.wav,Rajasthani
train_rajasthanimale_00243.wav,Rajasthani
train_rajasthanimale_00244.wav,Rajasthani
train_rajasthanimale_00245.wav,Rajasthani
train_rajasthanimale_00246.wav,Rajasthani
train_rajasthanimale_00247.wav,Rajasthani
train_rajasthanimale_00248.wav,Rajasthani
train_rajasthanimale_00249.wav,Rajasthani
train_rajasthanimale_00250.wav,Rajasthani
train_rajasthanimale_00251.wav,Rajasthani
train_rajasthanimale_00252.wav,Rajasthani
train_rajasthanimale_00253.wav,Rajasthani
train_rajasthanimale_00254.wav,Rajasthani
train_rajasthanimale_00255.wav,Rajasthani
train_rajasthanimale_00256.wav,Rajasthani
train_rajasthanimale_00257.wav,Rajasthani
train_rajasthanimale_00258.wav,Rajasthani
train_rajasthanimale_00259.wav,Rajasthani
train_rajasthanimale_00260.wav,Rajasthani
train_rajasthanimale_00261.wav,Rajasthani
train_rajasthanimale_00262.wav,Rajasthani
train_rajasthanimale_00263.wav,Rajasthani
train_rajasthanimale_00264.wav,Rajasthani
train_rajasthanimale_00265.wav,Rajasthani
train_rajasthanimale_00266.wav,Rajasthani
train_rajasthanimale_00267.wav,Rajasthani
train_rajasthanimale_00268.wav,Rajasthani
train_rajasthanimale_00269.wav,Rajasthani
train_rajasthanimale_00270.wav,Rajasthani
train_rajasthanimale_00271.wav,Rajasthani
train_rajasthanimale_00272.wav,Rajasthani
train_rajasthanimale_00273.wav,Rajasthani
train_rajasthanimale_00274.wav,Rajasthani
train_rajasthanimale_00275.wav,Rajasthani
train_rajasthanimale_00276.wav,Rajasthani
train_rajasthanimale_00277.wav,Rajasthani
train_rajasthanimale_00278.wav,Rajasthani
train_rajasthanimale_00279.wav,Rajasthani
train_rajasthanimale_00280.wav,Rajasthani
train_rajasthanimale_00281.wav,Rajasthani
train_rajasthanimale_00282.wav,Rajasthani
train_rajasthanimale_00283.wav,Rajasthani
train_rajasthanimale_00284.wav,Rajasthani
train_rajasthanimale_00285.wav,Rajasthani
train_rajasthanimale_00286.wav,Rajasthani
train_rajasthanimale_00287.wav,Rajasthani
train_rajasthanimale_00288.wav,Rajasthani
train_rajasthanimale_00289.wav,Rajasthani
train_rajasthanimale_00290.wav,Rajasthani
train_rajasthanimale_00291.wav,Rajasthani
train_rajasthanimale_00292.wav,Rajasthani
train_rajasthanimale_00293.wav,Rajasthani
train_rajasthanimale_00294.wav,Rajasthani
train_rajasthanimale_00295.wav,Rajasthani
train_rajasthanimale_00296.wav,Rajasthani
train_rajasthanimale_00297.wav,Rajasthani
train_rajasthanimale_00298.wav,Rajasthani
train_rajasthanimale_00299.wav,Rajasthani
train_rajasthanimale_00300.wav,Rajasthani
train_rajasthanimale_00301.wav,Rajasthani
train_rajasthanimale_00302.wav,Rajasthani
train_rajasthanimale_00303.wav,Rajasthani
train_rajasthanimale_00304.wav,Rajasthani
train_rajasthanimale_00305.wav,Rajasthani
train_rajasthanimale_00306.wav,Rajasthani
train_rajasthanimale_00307.wav,Rajasthani
train_rajasthanimale_00308.wav,Rajasthani
train_rajasthanimale_00309.wav,Rajasthani
train_rajasthanimale_00310.wav,Rajasthani
train_rajasthanimale_00311.wav,Rajasthani
train_rajasthanimale_00312.wav,Rajasthani
train_rajasthanimale_00313.wav,Rajasthani
train_rajasthanimale_00314.wav,Rajasthani
train_rajasthanimale_00315.wav,Rajasthani
train_rajasthanimale_00316.wav,Rajasthani
train_rajasthanimale_00317.wav,Rajasthani
train_rajasthanimale_00318.wav,Rajasthani
train_rajasthanimale_00319.wav,Rajasthani
train_rajasthanimale_00320.wav,Rajasthani
train_rajasthanimale_00321.wav,Rajasthani
train_rajasthanimale_00322.wav,Rajasthani
train_rajasthanimale_00323.wav,Rajasthani
train_rajasthanimale_00324.wav,Rajasthani
train_rajasthanimale_00325.wav,Rajasthani
train_rajasthanimale_00326.wav,Rajasthani
train_rajasthanimale_00327.wav,Rajasthani
train_rajasthanimale_00328.wav,Rajasthani
train_rajasthanimale_00329.wav,Rajasthani
train_rajasthanimale_00330.wav,Rajasthani
train_rajasthanimale_00331.wav,Rajasthani
train_rajasthanimale_00332.wav,Rajasthani
train_rajasthanimale_00333.wav,Rajasthani
train_rajasthanimale_00334.wav,Rajasthani
train_rajasthanimale_00335.wav,Rajasthani
train_rajasthanimale_00336.wav,Rajasthani
train_rajasthanimale_00337.wav,Rajasthani
train_rajasthanimale_00338.wav,Rajasthani
train_rajasthanimale_00339.wav,Rajasthani
train_rajasthanimale_00340.wav,Rajasthani
train_rajasthanimale_00341.wav,Rajasthani
train_rajasthanimale_00342.wav,Rajasthani
train_rajasthanimale_00343.wav,Rajasthani
train_rajasthanimale_00344.wav,Rajasthani
train_rajasthanimale_00345.wav,Rajasthani
train_rajasthanimale_00346.wav,Rajasthani
train_rajasthanimale_00347.wav,Rajasthani
train_rajasthanimale_00348.wav,Rajasthani
train_rajasthanimale_00349.wav,Rajasthani
train_rajasthanimale_00350.wav,Rajasthani
train_rajasthanimale_00351.wav,Rajasthani
train_rajasthanimale_00352.wav,Rajasthani
train_rajasthanimale_00353.wav,Rajasthani
train_rajasthanimale_00354.wav,Rajasthani
train_rajasthanimale_00355.wav,Rajasthani
train_rajasthanimale_00356.wav,Rajasthani
train_rajasthanimale_00357.wav,Rajasthani
train_rajasthanimale_00358.wav,Rajasthani
train_rajasthanimale_00359.wav,Rajasthani
train_rajasthanimale_00360.wav,Rajasthani
train_rajasthanimale_00361.wav,Rajasthani
train_rajasthanimale_00362.wav,Rajasthani
train_rajasthanimale_00363.wav,Rajasthani
train_rajasthanimale_00364.wav,Rajasthani
train_rajasthanimale_00365.wav,Rajasthani
train_rajasthanimale_00366.wav,Rajasthani
train_rajasthanimale_00367.wav,Rajasthani
train_rajasthanimale_00368.wav,Rajasthani
train_rajasthanimale_00369.wav,Rajasthani
train_rajasthanimale_00370.wav,Rajasthani
train_rajasthanimale_00371.wav,Rajasthani
train_rajasthanimale_00372.wav,Rajasthani
train_rajasthanimale_00373.wav,Rajasthani
train_rajasthanimale_00374.wav,Rajasthani
train_rajasthanimale_00375.wav,Rajasthani
train_rajasthanimale_00376.wav,Rajasthani
train_rajasthanimale_00377.wav,Rajasthani
train_rajasthanimale_00378.wav,Rajasthani
train_rajasthanimale_00379.wav,Rajasthani
train_rajasthanimale_00380.wav,Rajasthani
train_rajasthanimale_00381.wav,Rajasthani
train_rajasthanimale_00382.wav,Rajasthani
train_rajasthanimale_00383.wav,Rajasthani
train_rajasthanimale_00384.wav,Rajasthani
train_rajasthanimale_00385.wav,Rajasthani
train_rajasthanimale_00386.wav,Rajasthani
train_rajasthanimale_00387.wav,Rajasthani
train_rajasthanimale_00388.wav,Rajasthani
train_rajasthanimale_00389.wav,Rajasthani
train_rajasthanimale_00390.wav,Rajasthani
train_rajasthanimale_00391.wav,Rajasthani
train_rajasthanimale_00392.wav,Rajasthani
train_rajasthanimale_00393.wav,Rajasthani
train_rajasthanimale_00394.wav,Rajasthani
train_rajasthanimale_00395.wav,Rajasthani
train_rajasthanimale_00396.wav,Rajasthani
train_rajasthanimale_00397.wav,Rajasthani
train_rajasthanimale_00398.wav,Rajasthani
train_rajasthanimale_00399.wav,Rajasthani
train_rajasthanimale_00400.wav,Rajasthani
train_rajasthanimale_00401.wav,Rajasthani
train_rajasthanimale_00402.wav,Rajasthani
train_rajasthanimale_00403.wav,Rajasthani
train_rajasthanimale_00404.wav,Rajasthani
train_rajasthanimale_00405.wav,Rajasthani
train_rajasthanimale_00406.wav,Rajasthani
train_rajasthanimale_00407.wav,Rajasthani
train_rajasthanimale_00408.wav,Rajasthani
train_rajasthanimale_00409.wav,Rajasthani
train_rajasthanimale_00410.wav,Rajasthani
train_rajasthanimale_00411.wav,Rajasthani
train_rajasthanimale_00412.wav,Rajasthani
train_rajasthanimale_00413.wav,Rajasthani
train_rajasthanimale_00414.wav,Rajasthani
train_rajasthanimale_00415.wav,Rajasthani
train_rajasthanimale_00416.wav,Rajasthani
train_rajasthanimale_00417.wav,Rajasthani
train_rajasthanimale_00418.wav,Rajasthani
train_rajasthanimale_00419.wav,Rajasthani
train_rajasthanimale_00420.wav,Rajasthani
train_rajasthanimale_00421.wav,Rajasthani
train_rajasthanimale_00422.wav,Rajasthani
train_rajasthanimale_00423.wav,Rajasthani
train_rajasthanimale_00424.wav,Rajasthani
train_rajasthanimale_00425.wav,Rajasthani
train_rajasthanimale_00426.wav,Rajasthani
train_rajasthanimale_00427.wav,Rajasthani
train_rajasthanimale_00428.wav,Rajasthani
train_rajasthanimale_00429.wav,Rajasthani
train_rajasthanimale_00430.wav,Rajasthani
train_rajasthanimale_00431.wav,Rajasthani
train_rajasthanimale_00432.wav,Rajasthani
train_rajasthanimale_00433.wav,Rajasthani
train_rajasthanimale_00434.wav,Rajasthani
train_rajasthanimale_00435.wav,Rajasthani
train_rajasthanimale_00436.wav,Rajasthani
train_rajasthanimale_00437.wav,Rajasthani
train_rajasthanimale_00438.wav,Rajasthani
train_rajasthanimale_00439.wav,Rajasthani
train_rajasthanimale_00440.wav,Rajasthani
train_rajasthanimale_00441.wav,Rajasthani
train_rajasthanimale_00442.wav,Rajasthani
train_rajasthanimale_00443.wav,Rajasthani
train_rajasthanimale_00444.wav,Rajasthani
train_rajasthanimale_00445.wav,Rajasthani
train_rajasthanimale_00446.wav,Rajasthani
train_rajasthanimale_00447.wav,Rajasthani
train_rajasthanimale_00448.wav,Rajasthani
train_rajasthanimale_00449.wav,Rajasthani
train_rajasthanimale_00450.wav,Rajasthani
train_rajasthanimale_00451.wav,Rajasthani
train_rajasthanimale_00452.wav,Rajasthani
train_rajasthanimale_00453.wav,Rajasthani
train_rajasthanimale_00454.wav,Rajasthani
train_rajasthanimale_00455.wav,Rajasthani
train_rajasthanimale_00456.wav,Rajasthani
train_rajasthanimale_00457.wav,Rajasthani
train_rajasthanimale_00458.wav,Rajasthani
train_rajasthanimale_00459.wav,Rajasthani
train_rajasthanimale_00460.wav,Rajasthani
train_rajasthanimale_00461.wav,Rajasthani
train_rajasthanimale_00462.wav,Rajasthani
train_rajasthanimale_00463.wav,Rajasthani
train_rajasthanimale_00464.wav,Rajasthani
train_rajasthanimale_00465.wav,Rajasthani
train_rajasthanimale_00466.wav,Rajasthani
train_rajasthanimale_00467.wav,Rajasthani
train_rajasthanimale_00468.wav,Rajasthani
train_rajasthanimale_00469.wav,Rajasthani
train_rajasthanimale_00470.wav,Rajasthani
train_rajasthanimale_00471.wav,Rajasthani
train_rajasthanimale_00472.wav,Rajasthani
train_rajasthanimale_00473.wav,Rajasthani
train_rajasthanimale_00474.wav,Rajasthani
train_rajasthanimale_00475.wav,Rajasthani
train_rajasthanimale_00476.wav,Rajasthani
train_rajasthanimale_00477.wav,Rajasthani
train_rajasthanimale_00478.wav,Rajasthani
train_rajasthanimale_00479.wav,Rajasthani
train_rajasthanimale_00480.wav,Rajasthani
train_rajasthanimale_00481.wav,Rajasthani
train_rajasthanimale_00482.wav,Rajasthani
train_rajasthanimale_00483.wav,Rajasthani
train_rajasthanimale_00484.wav,Rajasthani
train_rajasthanimale_00485.wav,Rajasthani
train_rajasthanimale_00486.wav,Rajasthani
train_rajasthanimale_00487.wav,Rajasthani
train_rajasthanimale_00488.wav,Rajasthani
train_rajasthanimale_00489.wav,Rajasthani
train_rajasthanimale_00490.wav,Rajasthani
train_rajasthanimale_00491.wav,Rajasthani
train_rajasthanimale_00492.wav,Rajasthani
train_rajasthanimale_00493.wav,Rajasthani
train_rajasthanimale_00494.wav,Rajasthani
train_rajasthanimale_00495.wav,Rajasthani
train_rajasthanimale_00496.wav,Rajasthani
train_rajasthanimale_00497.wav,Rajasthani
train_rajasthanimale_00498.wav,Rajasthani
train_rajasthanimale_00499.wav,Rajasthani
train_rajasthanimale_00500.wav,Rajasthani
train_rajasthanimale_00501.wav,Rajasthani
train_rajasthanimale_00502.wav,Rajasthani
train_rajasthanimale_00503.wav,Rajasthani
train_rajasthanimale_00504.wav,Rajasthani
train_rajasthanimale_00505.wav,Rajasthani
train_rajasthanimale_00506.wav,Rajasthani
train_rajasthanimale_00507.wav,Rajasthani
train_rajasthanimale_00508.wav,Rajasthani
train_rajasthanimale_00509.wav,Rajasthani
train_rajasthanimale_00510.wav,Rajasthani
train_rajasthanimale_00511.wav,Rajasthani
train_rajasthanimale_00512.wav,Rajasthani
train_rajasthanimale_00513.wav,Rajasthani
train_rajasthanimale_00514.wav,Rajasthani
train_rajasthanimale_00515.wav,Rajasthani
train_rajasthanimale_00516.wav,Rajasthani
train_rajasthanimale_00517.wav,Rajasthani
train_rajasthanimale_00518.wav,Rajasthani
train_rajasthanimale_00519.wav,Rajasthani
train_rajasthanimale_00520.wav,Rajasthani
train_rajasthanimale_00521.wav,Rajasthani
train_rajasthanimale_00522.wav,Rajasthani
train_rajasthanimale_00523.wav,Rajasthani
train_rajasthanimale_00524.wav,Rajasthani
train_rajasthanimale_00525.wav,Rajasthani
train_rajasthanimale_00526.wav,Rajasthani
train_rajasthanimale_00527.wav,Rajasthani
train_rajasthanimale_00528.wav,Rajasthani
train_rajasthanimale_00529.wav,Rajasthani
train_rajasthanimale_00530.wav,Rajasthani
train_rajasthanimale_00531.wav,Rajasthani
train_rajasthanimale_00532.wav,Rajasthani
train_rajasthanimale_00533.wav,Rajasthani
train_rajasthanimale_00534.wav,Rajasthani
train_rajasthanimale_00535.wav,Rajasthani
train_rajasthanimale_00536.wav,Rajasthani
train_rajasthanimale_00537.wav,Rajasthani
train_rajasthanimale_00538.wav,Rajasthani
train_rajasthanimale_00539.wav,Rajasthani
train_rajasthanimale_00540.wav,Rajasthani
train_rajasthanimale_00541.wav,Rajasthani
train_rajasthanimale_00542.wav,Rajasthani
train_rajasthanimale_00543.wav,Rajasthani
train_rajasthanimale_00544.wav,Rajasthani
train_rajasthanimale_00545.wav,Rajasthani
train_rajasthanimale_00546.wav,Rajasthani
train_rajasthanimale_00547.wav,Rajasthani
train_rajasthanimale_00548.wav,Rajasthani
train_rajasthanimale_00549.wav,Rajasthani
train_rajasthanimale_00550.wav,Rajasthani
train_rajasthanimale_00551.wav,Rajasthani
train_rajasthanimale_00552.wav,Rajasthani
train_rajasthanimale_00553.wav,Rajasthani
train_rajasthanimale_00554.wav,Rajasthani
train_rajasthanimale_00555.wav,Rajasthani
train_rajasthanimale_00556.wav,Rajasthani
train_rajasthanimale_00557.wav,Rajasthani
train_rajasthanimale_00558.wav,Rajasthani
train_rajasthanimale_00559.wav,Rajasthani
train_rajasthanimale_00560.wav,Rajasthani
train_rajasthanimale_00561.wav,Rajasthani
train_rajasthanimale_00562.wav,Rajasthani
train_rajasthanimale_00563.wav,Rajasthani
train_rajasthanimale_00564.wav,Rajasthani
train_rajasthanimale_00565.wav,Rajasthani
train_rajasthanimale_00566.wav,Rajasthani
train_rajasthanimale_00567.wav,Rajasthani
train_rajasthanimale_00568.wav,Rajasthani
train_rajasthanimale_00569.wav,Rajasthani
train_rajasthanimale_00570.wav,Rajasthani
train_rajasthanimale_00571.wav,Rajasthani
train_rajasthanimale_00572.wav,Rajasthani
train_rajasthanimale_00573.wav,Rajasthani
train_rajasthanimale_00574.wav,Rajasthani
train_rajasthanimale_00575.wav,Rajasthani
train_rajasthanimale_00576.wav,Rajasthani
train_rajasthanimale_00577.wav,Rajasthani
train_rajasthanimale_00578.wav,Rajasthani
train_rajasthanimale_00579.wav,Rajasthani
train_rajasthanimale_00580.wav,Rajasthani
train_rajasthanimale_00581.wav,Rajasthani
train_rajasthanimale_00582.wav,Rajasthani
train_rajasthanimale_00583.wav,Rajasthani
train_rajasthanimale_00584.wav,Rajasthani
train_rajasthanimale_00585.wav,Rajasthani
train_rajasthanimale_00586.wav,Rajasthani
train_rajasthanimale_00587.wav,Rajasthani
train_rajasthanimale_00588.wav,Rajasthani
train_rajasthanimale_00589.wav,Rajasthani
train_rajasthanimale_00590.wav,Rajasthani
train_rajasthanimale_00591.wav,Rajasthani
train_rajasthanimale_00592.wav,Rajasthani
train_rajasthanimale_00593.wav,Rajasthani
train_rajasthanimale_00594.wav,Rajasthani
train_rajasthanimale_00595.wav,Rajasthani
train_rajasthanimale_00596.wav,Rajasthani
train_rajasthanimale_00597.wav,Rajasthani
train_rajasthanimale_00598.wav,Rajasthani
train_rajasthanimale_00599.wav,Rajasthani
train_rajasthanimale_00600.wav,Rajasthani
train_rajasthanimale_00601.wav,Rajasthani
train_rajasthanimale_00602.wav,Rajasthani
train_rajasthanimale_00603.wav,Rajasthani
train_rajasthanimale_00604.wav,Rajasthani
train_rajasthanimale_00605.wav,Rajasthani
train_rajasthanimale_00606.wav,Rajasthani
train_rajasthanimale_00607.wav,Rajasthani
train_rajasthanimale_00608.wav,Rajasthani
train_rajasthanimale_00609.wav,Rajasthani
train_rajasthanimale_00610.wav,Rajasthani
train_rajasthanimale_00611.wav,Rajasthani
train_rajasthanimale_00612.wav,Rajasthani
train_rajasthanimale_00613.wav,Rajasthani
train_rajasthanimale_00614.wav,Rajasthani
train_rajasthanimale_00615.wav,Rajasthani
train_rajasthanimale_00616.wav,Rajasthani
train_rajasthanimale_00617.wav,Rajasthani
train_rajasthanimale_00618.wav,Rajasthani
train_rajasthanimale_00619.wav,Rajasthani
train_rajasthanimale_00620.wav,Rajasthani
train_rajasthanimale_00621.wav,Rajasthani
train_rajasthanimale_00622.wav,Rajasthani
train_rajasthanimale_00623.wav,Rajasthani
train_rajasthanimale_00624.wav,Rajasthani
train_rajasthanimale_00625.wav,Rajasthani
train_rajasthanimale_00626.wav,Rajasthani
train_rajasthanimale_00627.wav,Rajasthani
train_rajasthanimale_00628.wav,Rajasthani
train_rajasthanimale_00629.wav,Rajasthani
train_rajasthanimale_00630.wav,Rajasthani
train_rajasthanimale_00631.wav,Rajasthani
train_rajasthanimale_00632.wav,Rajasthani
train_rajasthanimale_00633.wav,Rajasthani
train_rajasthanimale_00634.wav,Rajasthani
train_rajasthanimale_00635.wav,Rajasthani
train_rajasthanimale_00636.wav,Rajasthani
train_rajasthanimale_00637.wav,Rajasthani
train_rajasthanimale_00638.wav,Rajasthani
train_rajasthanimale_00639.wav,Rajasthani
train_rajasthanimale_00640.wav,Rajasthani
train_rajasthanimale_00641.wav,Rajasthani
train_rajasthanimale_00642.wav,Rajasthani
train_rajasthanimale_00643.wav,Rajasthani
train_rajasthanimale_00644.wav,Rajasthani
train_rajasthanimale_00645.wav,Rajasthani
train_rajasthanimale_00646.wav,Rajasthani
train_rajasthanimale_00647.wav,Rajasthani
train_rajasthanimale_00648.wav,Rajasthani
train_rajasthanimale_00649.wav,Rajasthani
train_rajasthanimale_00650.wav,Rajasthani
train_rajasthanimale_00651.wav,Rajasthani
train_rajasthanimale_00652.wav,Rajasthani
train_rajasthanimale_00653.wav,Rajasthani
train_rajasthanimale_00654.wav,Rajasthani
train_rajasthanimale_00655.wav,Rajasthani
train_rajasthanimale_00656.wav,Rajasthani
train_rajasthanimale_00657.wav,Rajasthani
train_rajasthanimale_00658.wav,Rajasthani
train_rajasthanimale_00659.wav,Rajasthani
train_rajasthanimale_00660.wav,Rajasthani
train_rajasthanimale_00661.wav,Rajasthani
train_rajasthanimale_00662.wav,Rajasthani
train_rajasthanimale_00663.wav,Rajasthani
train_rajasthanimale_00664.wav,Rajasthani
train_rajasthanimale_00665.wav,Rajasthani
train_rajasthanimale_00666.wav,Rajasthani
train_rajasthanimale_00667.wav,Rajasthani
train_rajasthanimale_00668.wav,Rajasthani
train_rajasthanimale_00669.wav,Rajasthani
train_rajasthanimale_00670.wav,Rajasthani
train_rajasthanimale_00671.wav,Rajasthani
train_rajasthanimale_00672.wav,Rajasthani
train_rajasthanimale_00673.wav,Rajasthani
train_rajasthanimale_00674.wav,Rajasthani
train_rajasthanimale_00675.wav,Rajasthani
train_rajasthanimale_00676.wav,Rajasthani
train_rajasthanimale_00677.wav,Rajasthani
train_rajasthanimale_00678.wav,Rajasthani
train_rajasthanimale_00679.wav,Rajasthani
train_rajasthanimale_00680.wav,Rajasthani
train_rajasthanimale_00681.wav,Rajasthani
train_rajasthanimale_00682.wav,Rajasthani
train_rajasthanimale_00683.wav,Rajasthani
train_rajasthanimale_00684.wav,Rajasthani
train_rajasthanimale_00685.wav,Rajasthani
train_rajasthanimale_00686.wav,Rajasthani
train_rajasthanimale_00687.wav,Rajasthani
train_rajasthanimale_00688.wav,Rajasthani
train_rajasthanimale_00689.wav,Rajasthani
train_rajasthanimale_00690.wav,Rajasthani
train_rajasthanimale_00691.wav,Rajasthani
train_rajasthanimale_00692.wav,Rajasthani
train_rajasthanimale_00693.wav,Rajasthani
train_rajasthanimale_00694.wav,Rajasthani
train_rajasthanimale_00695.wav,Rajasthani
train_rajasthanimale_00696.wav,Rajasthani
train_rajasthanimale_00697.wav,Rajasthani
train_rajasthanimale_00698.wav,Rajasthani
train_rajasthanimale_00699.wav,Rajasthani
train_rajasthanimale_00700.wav,Rajasthani
train_rajasthanimale_00701.wav,Rajasthani
train_rajasthanimale_00702.wav,Rajasthani
train_rajasthanimale_00703.wav,Rajasthani
train_rajasthanimale_00704.wav,Rajasthani
train_rajasthanimale_00705.wav,Rajasthani
train_rajasthanimale_00706.wav,Rajasthani
train_rajasthanimale_00707.wav,Rajasthani
train_rajasthanimale_00708.wav,Rajasthani
train_rajasthanimale_00709.wav,Rajasthani
train_rajasthanimale_00710.wav,Rajasthani
train_rajasthanimale_00711.wav,Rajasthani
train_rajasthanimale_00712.wav,Rajasthani
train_rajasthanimale_00713.wav,Rajasthani
train_rajasthanimale_00714.wav,Rajasthani
train_rajasthanimale_00715.wav,Rajasthani
train_rajasthanimale_00716.wav,Rajasthani
train_rajasthanimale_00717.wav,Rajasthani
train_rajasthanimale_00718.wav,Rajasthani
train_rajasthanimale_00719.wav,Rajasthani
train_rajasthanimale_00720.wav,Rajasthani
train_rajasthanimale_00721.wav,Rajasthani
train_rajasthanimale_00722.wav,Rajasthani
train_rajasthanimale_00723.wav,Rajasthani
train_rajasthanimale_00724.wav,Rajasthani
train_rajasthanimale_00725.wav,Rajasthani
train_rajasthanimale_00726.wav,Rajasthani
train_rajasthanimale_00727.wav,Rajasthani
train_rajasthanimale_00728.wav,Rajasthani
train_rajasthanimale_00729.wav,Rajasthani
train_rajasthanimale_00730.wav,Rajasthani
train_rajasthanimale_00731.wav,Rajasthani
train_rajasthanimale_00732.wav,Rajasthani
train_rajasthanimale_00733.wav,Rajasthani
train_rajasthanimale_00734.wav,Rajasthani
train_rajasthanimale_00735.wav,Rajasthani
train_rajasthanimale_00736.wav,Rajasthani
train_rajasthanimale_00737.wav,Rajasthani
train_rajasthanimale_00738.wav,Rajasthani
train_rajasthanimale_00739.wav,Rajasthani
train_rajasthanimale_00740.wav,Rajasthani
train_rajasthanimale_00741.wav,Rajasthani
train_rajasthanimale_00742.wav,Rajasthani
train_rajasthanimale_00743.wav,Rajasthani
train_rajasthanimale_00744.wav,Rajasthani
train_rajasthanimale_00745.wav,Rajasthani
train_rajasthanimale_00746.wav,Rajasthani
train_rajasthanimale_00747.wav,Rajasthani
train_rajasthanimale_00748.wav,Rajasthani
train_rajasthanimale_00749.wav,Rajasthani
train_rajasthanimale_00750.wav,Rajasthani
train_rajasthanimale_00751.wav,Rajasthani
train_rajasthanimale_00752.wav,Rajasthani
train_rajasthanimale_00753.wav,Rajasthani
train_rajasthanimale_00754.wav,Rajasthani
train_rajasthanimale_00755.wav,Rajasthani
train_rajasthanimale_00756.wav,Rajasthani
train_rajasthanimale_00757.wav,Rajasthani
train_rajasthanimale_00758.wav,Rajasthani
train_rajasthanimale_00759.wav,Rajasthani
train_rajasthanimale_00760.wav,Rajasthani
train_rajasthanimale_00761.wav,Rajasthani
train_rajasthanimale_00762.wav,Rajasthani
train_rajasthanimale_00763.wav,Rajasthani
train_rajasthanimale_00764.wav,Rajasthani
train_rajasthanimale_00765.wav,Rajasthani
train_rajasthanimale_00766.wav,Rajasthani
train_rajasthanimale_00767.wav,Rajasthani
train_rajasthanimale_00768.wav,Rajasthani
train_rajasthanimale_00769.wav,Rajasthani
train_rajasthanimale_00770.wav,Rajasthani
train_rajasthanimale_00771.wav,Rajasthani
train_rajasthanimale_00772.wav,Rajasthani
train_rajasthanimale_00773.wav,Rajasthani
train_rajasthanimale_00774.wav,Rajasthani
train_rajasthanimale_00775.wav,Rajasthani
train_rajasthanimale_00776.wav,Rajasthani
train_rajasthanimale_00777.wav,Rajasthani
train_rajasthanimale_00778.wav,Rajasthani
train_rajasthanimale_00779.wav,Rajasthani
train_rajasthanimale_00780.wav,Rajasthani
train_rajasthanimale_00781.wav,Rajasthani
train_rajasthanimale_00782.wav,Rajasthani
train_rajasthanimale_00783.wav,Rajasthani
train_rajasthanimale_00784.wav,Rajasthani
train_rajasthanimale_00785.wav,Rajasthani
train_rajasthanimale_00786.wav,Rajasthani
train_rajasthanimale_00787.wav,Rajasthani
train_rajasthanimale_00788.wav,Rajasthani
train_rajasthanimale_00789.wav,Rajasthani
train_rajasthanimale_00790.wav,Rajasthani
train_rajasthanimale_00791.wav,Rajasthani
train_rajasthanimale_00792.wav,Rajasthani
train_rajasthanimale_00793.wav,Rajasthani
train_rajasthanimale_00794.wav,Rajasthani
train_rajasthanimale_00795.wav,Rajasthani
train_rajasthanimale_00796.wav,Rajasthani
train_rajasthanimale_00797.wav,Rajasthani
train_rajasthanimale_00798.wav,Rajasthani
train_rajasthanimale_00799.wav,Rajasthani
train_rajasthanimale_00800.wav,Rajasthani
train_rajasthanimale_00801.wav,Rajasthani
train_rajasthanimale_00802.wav,Rajasthani
train_rajasthanimale_00803.wav,Rajasthani
train_rajasthanimale_00804.wav,Rajasthani
train_rajasthanimale_00805.wav,Rajasthani
train_rajasthanimale_00806.wav,Rajasthani
train_rajasthanimale_00807.wav,Rajasthani
train_rajasthanimale_00808.wav,Rajasthani
train_rajasthanimale_00809.wav,Rajasthani
train_rajasthanimale_00810.wav,Rajasthani
train_rajasthanimale_00811.wav,Rajasthani
train_rajasthanimale_00812.wav,Rajasthani
train_rajasthanimale_00813.wav,Rajasthani
train_rajasthanimale_00814.wav,Rajasthani
train_rajasthanimale_00815.wav,Rajasthani
train_rajasthanimale_00816.wav,Rajasthani
train_rajasthanimale_00817.wav,Rajasthani
train_rajasthanimale_00818.wav,Rajasthani
train_rajasthanimale_00819.wav,Rajasthani
train_rajasthanimale_00820.wav,Rajasthani
train_rajasthanimale_00821.wav,Rajasthani
train_rajasthanimale_00822.wav,Rajasthani
train_rajasthanimale_00823.wav,Rajasthani
train_rajasthanimale_00824.wav,Rajasthani
train_rajasthanimale_00825.wav,Rajasthani
train_rajasthanimale_00826.wav,Rajasthani
train_rajasthanimale_00827.wav,Rajasthani
train_rajasthanimale_00828.wav,Rajasthani
train_rajasthanimale_00829.wav,Rajasthani
train_rajasthanimale_00830.wav,Rajasthani
train_rajasthanimale_00831.wav,Rajasthani
train_rajasthanimale_00832.wav,Rajasthani
train_rajasthanimale_00833.wav,Rajasthani
train_rajasthanimale_00834.wav,Rajasthani
train_rajasthanimale_00835.wav,Rajasthani
train_rajasthanimale_00836.wav,Rajasthani
train_rajasthanimale_00837.wav,Rajasthani
train_rajasthanimale_00838.wav,Rajasthani
train_rajasthanimale_00839.wav,Rajasthani
train_rajasthanimale_00840.wav,Rajasthani
train_rajasthanimale_00841.wav,Rajasthani
train_rajasthanimale_00842.wav,Rajasthani
train_rajasthanimale_00843.wav,Rajasthani
train_rajasthanimale_00844.wav,Rajasthani
train_rajasthanimale_00845.wav,Rajasthani
train_rajasthanimale_00846.wav,Rajasthani
train_rajasthanimale_00847.wav,Rajasthani
train_rajasthanimale_00848.wav,Rajasthani
train_rajasthanimale_00849.wav,Rajasthani
train_rajasthanimale_00850.wav,Rajasthani
train_rajasthanimale_00851.wav,Rajasthani
train_rajasthanimale_00852.wav,Rajasthani
train_rajasthanimale_00853.wav,Rajasthani
train_rajasthanimale_00854.wav,Rajasthani
train_rajasthanimale_00855.wav,Rajasthani
train_rajasthanimale_00856.wav,Rajasthani
train_rajasthanimale_00857.wav,Rajasthani
train_rajasthanimale_00858.wav,Rajasthani
train_rajasthanimale_00859.wav,Rajasthani
train_rajasthanimale_00860.wav,Rajasthani
train_rajasthanimale_00861.wav,Rajasthani
train_rajasthanimale_00862.wav,Rajasthani
train_rajasthanimale_00863.wav,Rajasthani
train_rajasthanimale_00864.wav,Rajasthani
train_rajasthanimale_00865.wav,Rajasthani
train_rajasthanimale_00866.wav,Rajasthani
train_rajasthanimale_00867.wav,Rajasthani
train_rajasthanimale_00868.wav,Rajasthani
train_rajasthanimale_00869.wav,Rajasthani
train_rajasthanimale_00870.wav,Rajasthani
train_rajasthanimale_00871.wav,Rajasthani
train_rajasthanimale_00872.wav,Rajasthani
train_rajasthanimale_00873.wav,Rajasthani
train_rajasthanimale_00874.wav,Rajasthani
train_rajasthanimale_00875.wav,Rajasthani
train_rajasthanimale_00876.wav,Rajasthani
train_rajasthanimale_00877.wav,Rajasthani
train_rajasthanimale_00878.wav,Rajasthani
train_rajasthanimale_00879.wav,Rajasthani
train_rajasthanimale_00880.wav,Rajasthani
train_rajasthanimale_00881.wav,Rajasthani
train_rajasthanimale_00882.wav,Rajasthani
train_rajasthanimale_00883.wav,Rajasthani
train_rajasthanimale_00884.wav,Rajasthani
train_rajasthanimale_00885.wav,Rajasthani
train_rajasthanimale_00886.wav,Rajasthani
train_rajasthanimale_00887.wav,Rajasthani
train_rajasthanimale_00888.wav,Rajasthani
train_rajasthanimale_00889.wav,Rajasthani
train_rajasthanimale_00890.wav,Rajasthani
train_rajasthanimale_00891.wav,Rajasthani
train_rajasthanimale_00892.wav,Rajasthani
train_rajasthanimale_00893.wav,Rajasthani
train_rajasthanimale_00894.wav,Rajasthani
train_rajasthanimale_00895.wav,Rajasthani
train_rajasthanimale_00896.wav,Rajasthani
train_rajasthanimale_00897.wav,Rajasthani
train_rajasthanimale_00898.wav,Rajasthani
train_rajasthanimale_00899.wav,Rajasthani
train_rajasthanimale_00900.wav,Rajasthani
train_rajasthanimale_00901.wav,Rajasthani
train_rajasthanimale_00902.wav,Rajasthani
train_rajasthanimale_00903.wav,Rajasthani
train_rajasthanimale_00904.wav,Rajasthani
train_rajasthanimale_00905.wav,Rajasthani
train_rajasthanimale_00906.wav,Rajasthani
train_rajasthanimale_00907.wav,Rajasthani
train_rajasthanimale_00908.wav,Rajasthani
train_rajasthanimale_00909.wav,Rajasthani
train_rajasthanimale_00910.wav,Rajasthani
train_rajasthanimale_00911.wav,Rajasthani
train_rajasthanimale_00912.wav,Rajasthani
train_rajasthanimale_00913.wav,Rajasthani
train_rajasthanimale_00914.wav,Rajasthani
train_rajasthanimale_00915.wav,Rajasthani
train_rajasthanimale_00916.wav,Rajasthani
train_rajasthanimale_00917.wav,Rajasthani
train_rajasthanimale_00918.wav,Rajasthani
train_rajasthanimale_00919.wav,Rajasthani
train_rajasthanimale_00920.wav,Rajasthani
train_rajasthanimale_00921.wav,Rajasthani
train_rajasthanimale_00922.wav,Rajasthani
train_rajasthanimale_00923.wav,Rajasthani
train_rajasthanimale_00924.wav,Rajasthani
train_rajasthanimale_00925.wav,Rajasthani
train_rajasthanimale_00926.wav,Rajasthani
train_rajasthanimale_00927.wav,Rajasthani
train_rajasthanimale_00928.wav,Rajasthani
train_rajasthanimale_00929.wav,Rajasthani
train_rajasthanimale_00930.wav,Rajasthani
train_rajasthanimale_00931.wav,Rajasthani
train_rajasthanimale_00932.wav,Rajasthani
train_rajasthanimale_00933.wav,Rajasthani
train_rajasthanimale_00934.wav,Rajasthani
train_rajasthanimale_00935.wav,Rajasthani
train_rajasthanimale_00936.wav,Rajasthani
train_rajasthanimale_00937.wav,Rajasthani
train_rajasthanimale_00938.wav,Rajasthani
train_rajasthanimale_00939.wav,Rajasthani
train_rajasthanimale_00940.wav,Rajasthani
train_rajasthanimale_00941.wav,Rajasthani
train_rajasthanimale_00942.wav,Rajasthani
train_rajasthanimale_00943.wav,Rajasthani
train_rajasthanimale_00944.wav,Rajasthani
train_rajasthanimale_00945.wav,Rajasthani
train_rajasthanimale_00946.wav,Rajasthani
train_rajasthanimale_00947.wav,Rajasthani
train_rajasthanimale_00948.wav,Rajasthani
train_rajasthanimale_00949.wav,Rajasthani
train_rajasthanimale_00950.wav,Rajasthani
train_rajasthanimale_00951.wav,Rajasthani
train_rajasthanimale_00952.wav,Rajasthani
train_rajasthanimale_00953.wav,Rajasthani
train_rajasthanimale_00954.wav,Rajasthani
train_rajasthanimale_00955.wav,Rajasthani
train_rajasthanimale_00956.wav,Rajasthani
train_rajasthanimale_00957.wav,Rajasthani
train_rajasthanimale_00958.wav,Rajasthani
train_rajasthanimale_00959.wav,Rajasthani
train_rajasthanimale_00960.wav,Rajasthani
train_rajasthanimale_00961.wav,Rajasthani
train_rajasthanimale_00962.wav,Rajasthani
train_rajasthanimale_00963.wav,Rajasthani
train_rajasthanimale_00964.wav,Rajasthani
train_rajasthanimale_00965.wav,Rajasthani
train_rajasthanimale_00966.wav,Rajasthani
train_rajasthanimale_00967.wav,Rajasthani
train_rajasthanimale_00968.wav,Rajasthani
train_rajasthanimale_00969.wav,Rajasthani
train_rajasthanimale_00970.wav,Rajasthani
train_rajasthanimale_00971.wav,Rajasthani
train_rajasthanimale_00972.wav,Rajasthani
train_rajasthanimale_00973.wav,Rajasthani
train_rajasthanimale_00974.wav,Rajasthani
train_rajasthanimale_00975.wav,Rajasthani
train_rajasthanimale_00976.wav,Rajasthani
train_rajasthanimale_00977.wav,Rajasthani
train_rajasthanimale_00978.wav,Rajasthani
train_rajasthanimale_00979.wav,Rajasthani
train_rajasthanimale_00980.wav,Rajasthani
train_rajasthanimale_00981.wav,Rajasthani
train_rajasthanimale_00982.wav,Rajasthani
train_rajasthanimale_00983.wav,Rajasthani
train_rajasthanimale_00984.wav,Rajasthani
train_rajasthanimale_00985.wav,Rajasthani
train_rajasthanimale_00986.wav,Rajasthani
train_rajasthanimale_00987.wav,Rajasthani
train_rajasthanimale_00988.wav,Rajasthani
train_rajasthanimale_00989.wav,Rajasthani
train_rajasthanimale_00990.wav,Rajasthani
train_rajasthanimale_00991.wav,Rajasthani
train_rajasthanimale_00992.wav,Rajasthani
train_rajasthanimale_00993.wav,Rajasthani
train_rajasthanimale_00994.wav,Rajasthani
train_rajasthanimale_00995.wav,Rajasthani
train_rajasthanimale_00996.wav,Rajasthani
train_rajasthanimale_00997.wav,Rajasthani
train_rajasthanimale_00998.wav,Rajasthani
train_rajasthanimale_00999.wav,Rajasthani
train_rajasthanimale_01000.wav,Rajasthani
train_tamilfemale_00001.wav,Tamil
train_tamilfemale_00002.wav,Tamil
train_tamilfemale_00003.wav,Tamil
train_tamilfemale_00004.wav,Tamil
train_tamilfemale_00005.wav,Tamil
train_tamilfemale_00006.wav,Tamil
train_tamilfemale_00007.wav,Tamil
train_tamilfemale_00008.wav,Tamil
train_tamilfemale_00009.wav,Tamil
train_tamilfemale_00010.wav,Tamil
train_tamilfemale_00011.wav,Tamil
train_tamilfemale_00012.wav,Tamil
train_tamilfemale_00013.wav,Tamil
train_tamilfemale_00014.wav,Tamil
train_tamilfemale_00015.wav,Tamil
train_tamilfemale_00016.wav,Tamil
train_tamilfemale_00017.wav,Tamil
train_tamilfemale_00018.wav,Tamil
train_tamilfemale_00019.wav,Tamil
train_tamilfemale_00020.wav,Tamil
train_tamilfemale_00021.wav,Tamil
train_tamilfemale_00022.wav,Tamil
train_tamilfemale_00023.wav,Tamil
train_tamilfemale_00024.wav,Tamil
train_tamilfemale_00025.wav,Tamil
train_tamilfemale_00026.wav,Tamil
train_tamilfemale_00027.wav,Tamil
train_tamilfemale_00028.wav,Tamil
train_tamilfemale_00029.wav,Tamil
train_tamilfemale_00030.wav,Tamil
train_tamilfemale_00031.wav,Tamil
train_tamilfemale_00032.wav,Tamil
train_tamilfemale_00033.wav,Tamil
train_tamilfemale_00034.wav,Tamil
train_tamilfemale_00035.wav,Tamil
train_tamilfemale_00036.wav,Tamil
train_tamilfemale_00037.wav,Tamil
train_tamilfemale_00038.wav,Tamil
train_tamilfemale_00039.wav,Tamil
train_tamilfemale_00040.wav,Tamil
train_tamilfemale_00041.wav,Tamil
train_tamilfemale_00042.wav,Tamil
train_tamilfemale_00043.wav,Tamil
train_tamilfemale_00044.wav,Tamil
train_tamilfemale_00045.wav,Tamil
train_tamilfemale_00046.wav,Tamil
train_tamilfemale_00047.wav,Tamil
train_tamilfemale_00048.wav,Tamil
train_tamilfemale_00049.wav,Tamil
train_tamilfemale_00050.wav,Tamil
train_tamilfemale_00051.wav,Tamil
train_tamilfemale_00052.wav,Tamil
train_tamilfemale_00053.wav,Tamil
train_tamilfemale_00054.wav,Tamil
train_tamilfemale_00055.wav,Tamil
train_tamilfemale_00056.wav,Tamil
train_tamilfemale_00057.wav,Tamil
train_tamilfemale_00058.wav,Tamil
train_tamilfemale_00059.wav,Tamil
train_tamilfemale_00060.wav,Tamil
train_tamilfemale_00061.wav,Tamil
train_tamilfemale_00062.wav,Tamil
train_tamilfemale_00063.wav,Tamil
train_tamilfemale_00064.wav,Tamil
train_tamilfemale_00065.wav,Tamil
train_tamilfemale_00066.wav,Tamil
train_tamilfemale_00067.wav,Tamil
train_tamilfemale_00068.wav,Tamil
train_tamilfemale_00069.wav,Tamil
train_tamilfemale_00070.wav,Tamil
train_tamilfemale_00071.wav,Tamil
train_tamilfemale_00072.wav,Tamil
train_tamilfemale_00073.wav,Tamil
train_tamilfemale_00074.wav,Tamil
train_tamilfemale_00075.wav,Tamil
train_tamilfemale_00076.wav,Tamil
train_tamilfemale_00077.wav,Tamil
train_tamilfemale_00078.wav,Tamil
train_tamilfemale_00079.wav,Tamil
train_tamilfemale_00080.wav,Tamil
train_tamilfemale_00081.wav,Tamil
train_tamilfemale_00082.wav,Tamil
train_tamilfemale_00083.wav,Tamil
train_tamilfemale_00084.wav,Tamil
train_tamilfemale_00085.wav,Tamil
train_tamilfemale_00086.wav,Tamil
train_tamilfemale_00087.wav,Tamil
train_tamilfemale_00088.wav,Tamil
train_tamilfemale_00089.wav,Tamil
train_tamilfemale_00090.wav,Tamil
train_tamilfemale_00091.wav,Tamil
train_tamilfemale_00092.wav,Tamil
train_tamilfemale_00093.wav,Tamil
train_tamilfemale_00094.wav,Tamil
train_tamilfemale_00095.wav,Tamil
train_tamilfemale_00096.wav,Tamil
train_tamilfemale_00097.wav,Tamil
train_tamilfemale_00098.wav,Tamil
train_tamilfemale_00099.wav,Tamil
train_tamilfemale_00100.wav,Tamil
train_tamilfemale_00101.wav,Tamil
train_tamilfemale_00102.wav,Tamil
train_tamilfemale_00103.wav,Tamil
train_tamilfemale_00104.wav,Tamil
train_tamilfemale_00105.wav,Tamil
train_tamilfemale_00106.wav,Tamil
train_tamilfemale_00107.wav,Tamil
train_tamilfemale_00108.wav,Tamil
train_tamilfemale_00109.wav,Tamil
train_tamilfemale_00110.wav,Tamil
train_tamilfemale_00111.wav,Tamil
train_tamilfemale_00112.wav,Tamil
train_tamilfemale_00113.wav,Tamil
train_tamilfemale_00114.wav,Tamil
train_tamilfemale_00115.wav,Tamil
train_tamilfemale_00116.wav,Tamil
train_tamilfemale_00117.wav,Tamil
train_tamilfemale_00118.wav,Tamil
train_tamilfemale_00119.wav,Tamil
train_tamilfemale_00120.wav,Tamil
train_tamilfemale_00121.wav,Tamil
train_tamilfemale_00122.wav,Tamil
train_tamilfemale_00123.wav,Tamil
train_tamilfemale_00124.wav,Tamil
train_tamilfemale_00125.wav,Tamil
train_tamilfemale_00126.wav,Tamil
train_tamilfemale_00127.wav,Tamil
train_tamilfemale_00128.wav,Tamil
train_tamilfemale_00129.wav,Tamil
train_tamilfemale_00130.wav,Tamil
train_tamilfemale_00131.wav,Tamil
train_tamilfemale_00132.wav,Tamil
train_tamilfemale_00133.wav,Tamil
train_tamilfemale_00134.wav,Tamil
train_tamilfemale_00135.wav,Tamil
train_tamilfemale_00136.wav,Tamil
train_tamilfemale_00137.wav,Tamil
train_tamilfemale_00138.wav,Tamil
train_tamilfemale_00139.wav,Tamil
train_tamilfemale_00140.wav,Tamil
train_tamilfemale_00141.wav,Tamil
train_tamilfemale_00142.wav,Tamil
train_tamilfemale_00143.wav,Tamil
train_tamilfemale_00144.wav,Tamil
train_tamilfemale_00145.wav,Tamil
train_tamilfemale_00146.wav,Tamil
train_tamilfemale_00147.wav,Tamil
train_tamilfemale_00148.wav,Tamil
train_tamilfemale_00149.wav,Tamil
train_tamilfemale_00150.wav,Tamil
train_tamilfemale_00151.wav,Tamil
train_tamilfemale_00152.wav,Tamil
train_tamilfemale_00153.wav,Tamil
train_tamilfemale_00154.wav,Tamil
train_tamilfemale_00155.wav,Tamil
train_tamilfemale_00156.wav,Tamil
train_tamilfemale_00157.wav,Tamil
train_tamilfemale_00158.wav,Tamil
train_tamilfemale_00159.wav,Tamil
train_tamilfemale_00160.wav,Tamil
train_tamilfemale_00161.wav,Tamil
train_tamilfemale_00162.wav,Tamil
train_tamilfemale_00163.wav,Tamil
train_tamilfemale_00164.wav,Tamil
train_tamilfemale_00165.wav,Tamil
train_tamilfemale_00166.wav,Tamil
train_tamilfemale_00167.wav,Tamil
train_tamilfemale_00168.wav,Tamil
train_tamilfemale_00169.wav,Tamil
train_tamilfemale_00170.wav,Tamil
train_tamilfemale_00171.wav,Tamil
train_tamilfemale_00172.wav,Tamil
train_tamilfemale_00173.wav,Tamil
train_tamilfemale_00174.wav,Tamil
train_tamilfemale_00175.wav,Tamil
train_tamilfemale_00176.wav,Tamil
train_tamilfemale_00177.wav,Tamil
train_tamilfemale_00178.wav,Tamil
train_tamilfemale_00179.wav,Tamil
train_tamilfemale_00180.wav,Tamil
train_tamilfemale_00181.wav,Tamil
train_tamilfemale_00182.wav,Tamil
train_tamilfemale_00183.wav,Tamil
train_tamilfemale_00184.wav,Tamil
train_tamilfemale_00185.wav,Tamil
train_tamilfemale_00186.wav,Tamil
train_tamilfemale_00187.wav,Tamil
train_tamilfemale_00188.wav,Tamil
train_tamilfemale_00189.wav,Tamil
train_tamilfemale_00190.wav,Tamil
train_tamilfemale_00191.wav,Tamil
train_tamilfemale_00192.wav,Tamil
train_tamilfemale_00193.wav,Tamil
train_tamilfemale_00194.wav,Tamil
train_tamilfemale_00195.wav,Tamil
train_tamilfemale_00196.wav,Tamil
train_tamilfemale_00197.wav,Tamil
train_tamilfemale_00198.wav,Tamil
train_tamilfemale_00199.wav,Tamil
train_tamilfemale_00200.wav,Tamil
train_tamilfemale_00201.wav,Tamil
train_tamilfemale_00202.wav,Tamil
train_tamilfemale_00203.wav,Tamil
train_tamilfemale_00204.wav,Tamil
train_tamilfemale_00205.wav,Tamil
train_tamilfemale_00206.wav,Tamil
train_tamilfemale_00207.wav,Tamil
train_tamilfemale_00208.wav,Tamil
train_tamilfemale_00209.wav,Tamil
train_tamilfemale_00210.wav,Tamil
train_tamilfemale_00211.wav,Tamil
train_tamilfemale_00212.wav,Tamil
train_tamilfemale_00213.wav,Tamil
train_tamilfemale_00214.wav,Tamil
train_tamilfemale_00215.wav,Tamil
train_tamilfemale_00216.wav,Tamil
train_tamilfemale_00217.wav,Tamil
train_tamilfemale_00218.wav,Tamil
train_tamilfemale_00219.wav,Tamil
train_tamilfemale_00220.wav,Tamil
train_tamilfemale_00221.wav,Tamil
train_tamilfemale_00222.wav,Tamil
train_tamilfemale_00223.wav,Tamil
train_tamilfemale_00224.wav,Tamil
train_tamilfemale_00225.wav,Tamil
train_tamilfemale_00226.wav,Tamil
train_tamilfemale_00227.wav,Tamil
train_tamilfemale_00228.wav,Tamil
train_tamilfemale_00229.wav,Tamil
train_tamilfemale_00230.wav,Tamil
train_tamilfemale_00231.wav,Tamil
train_tamilfemale_00232.wav,Tamil
train_tamilfemale_00233.wav,Tamil
train_tamilfemale_00234.wav,Tamil
train_tamilfemale_00235.wav,Tamil
train_tamilfemale_00236.wav,Tamil
train_tamilfemale_00237.wav,Tamil
train_tamilfemale_00238.wav,Tamil
train_tamilfemale_00239.wav,Tamil
train_tamilfemale_00240.wav,Tamil
train_tamilfemale_00241.wav,Tamil
train_tamilfemale_00242.wav,Tamil
train_tamilfemale_00243.wav,Tamil
train_tamilfemale_00244.wav,Tamil
train_tamilfemale_00245.wav,Tamil
train_tamilfemale_00246.wav,Tamil
train_tamilfemale_00247.wav,Tamil
train_tamilfemale_00248.wav,Tamil
train_tamilfemale_00249.wav,Tamil
train_tamilfemale_00250.wav,Tamil
train_tamilfemale_00251.wav,Tamil
train_tamilfemale_00252.wav,Tamil
train_tamilfemale_00253.wav,Tamil
train_tamilfemale_00254.wav,Tamil
train_tamilfemale_00255.wav,Tamil
train_tamilfemale_00256.wav,Tamil
train_tamilfemale_00257.wav,Tamil
train_tamilfemale_00258.wav,Tamil
train_tamilfemale_00259.wav,Tamil
train_tamilfemale_00260.wav,Tamil
train_tamilfemale_00261.wav,Tamil
train_tamilfemale_00262.wav,Tamil
train_tamilfemale_00263.wav,Tamil
train_tamilfemale_00264.wav,Tamil
train_tamilfemale_00265.wav,Tamil
train_tamilfemale_00266.wav,Tamil
train_tamilfemale_00267.wav,Tamil
train_tamilfemale_00268.wav,Tamil
train_tamilfemale_00269.wav,Tamil
train_tamilfemale_00270.wav,Tamil
train_tamilfemale_00271.wav,Tamil
train_tamilfemale_00272.wav,Tamil
train_tamilfemale_00273.wav,Tamil
train_tamilfemale_00274.wav,Tamil
train_tamilfemale_00275.wav,Tamil
train_tamilfemale_00276.wav,Tamil
train_tamilfemale_00277.wav,Tamil
train_tamilfemale_00278.wav,Tamil
train_tamilfemale_00279.wav,Tamil
train_tamilfemale_00280.wav,Tamil
train_tamilfemale_00281.wav,Tamil
train_tamilfemale_00282.wav,Tamil
train_tamilfemale_00283.wav,Tamil
train_tamilfemale_00284.wav,Tamil
train_tamilfemale_00285.wav,Tamil
train_tamilfemale_00286.wav,Tamil
train_tamilfemale_00287.wav,Tamil
train_tamilfemale_00288.wav,Tamil
train_tamilfemale_00289.wav,Tamil
train_tamilfemale_00290.wav,Tamil
train_tamilfemale_00291.wav,Tamil
train_tamilfemale_00292.wav,Tamil
train_tamilfemale_00293.wav,Tamil
train_tamilfemale_00294.wav,Tamil
train_tamilfemale_00295.wav,Tamil
train_tamilfemale_00296.wav,Tamil
train_tamilfemale_00297.wav,Tamil
train_tamilfemale_00298.wav,Tamil
train_tamilfemale_00299.wav,Tamil
train_tamilfemale_00300.wav,Tamil
train_tamilfemale_00301.wav,Tamil
train_tamilfemale_00302.wav,Tamil
train_tamilfemale_00303.wav,Tamil
train_tamilfemale_00304.wav,Tamil
train_tamilfemale_00305.wav,Tamil
train_tamilfemale_00306.wav,Tamil
train_tamilfemale_00307.wav,Tamil
train_tamilfemale_00308.wav,Tamil
train_tamilfemale_00309.wav,Tamil
train_tamilfemale_00310.wav,Tamil
train_tamilfemale_00311.wav,Tamil
train_tamilfemale_00312.wav,Tamil
train_tamilfemale_00313.wav,Tamil
train_tamilfemale_00314.wav,Tamil
train_tamilfemale_00315.wav,Tamil
train_tamilfemale_00316.wav,Tamil
train_tamilfemale_00317.wav,Tamil
train_tamilfemale_00318.wav,Tamil
train_tamilfemale_00319.wav,Tamil
train_tamilfemale_00320.wav,Tamil
train_tamilfemale_00321.wav,Tamil
train_tamilfemale_00322.wav,Tamil
train_tamilfemale_00323.wav,Tamil
train_tamilfemale_00324.wav,Tamil
train_tamilfemale_00325.wav,Tamil
train_tamilfemale_00326.wav,Tamil
train_tamilfemale_00327.wav,Tamil
train_tamilfemale_00328.wav,Tamil
train_tamilfemale_00329.wav,Tamil
train_tamilfemale_00330.wav,Tamil
train_tamilfemale_00331.wav,Tamil
train_tamilfemale_00332.wav,Tamil
train_tamilfemale_00333.wav,Tamil
train_tamilfemale_00334.wav,Tamil
train_tamilfemale_00335.wav,Tamil
train_tamilfemale_00336.wav,Tamil
train_tamilfemale_00337.wav,Tamil
train_tamilfemale_00338.wav,Tamil
train_tamilfemale_00339.wav,Tamil
train_tamilfemale_00340.wav,Tamil
train_tamilfemale_00341.wav,Tamil
train_tamilfemale_00342.wav,Tamil
train_tamilfemale_00343.wav,Tamil
train_tamilfemale_00344.wav,Tamil
train_tamilfemale_00345.wav,Tamil
train_tamilfemale_00346.wav,Tamil
train_tamilfemale_00347.wav,Tamil
train_tamilfemale_00348.wav,Tamil
train_tamilfemale_00349.wav,Tamil
train_tamilfemale_00350.wav,Tamil
train_tamilfemale_00351.wav,Tamil
train_tamilfemale_00352.wav,Tamil
train_tamilfemale_00353.wav,Tamil
train_tamilfemale_00354.wav,Tamil
train_tamilfemale_00355.wav,Tamil
train_tamilfemale_00356.wav,Tamil
train_tamilfemale_00357.wav,Tamil
train_tamilfemale_00358.wav,Tamil
train_tamilfemale_00359.wav,Tamil
train_tamilfemale_00360.wav,Tamil
train_tamilfemale_00361.wav,Tamil
train_tamilfemale_00362.wav,Tamil
train_tamilfemale_00363.wav,Tamil
train_tamilfemale_00364.wav,Tamil
train_tamilfemale_00365.wav,Tamil
train_tamilfemale_00366.wav,Tamil
train_tamilfemale_00367.wav,Tamil
train_tamilfemale_00368.wav,Tamil
train_tamilfemale_00369.wav,Tamil
train_tamilfemale_00370.wav,Tamil
train_tamilfemale_00371.wav,Tamil
train_tamilfemale_00372.wav,Tamil
train_tamilfemale_00373.wav,Tamil
train_tamilfemale_00374.wav,Tamil
train_tamilfemale_00375.wav,Tamil
train_tamilfemale_00376.wav,Tamil
train_tamilfemale_00377.wav,Tamil
train_tamilfemale_00378.wav,Tamil
train_tamilfemale_00379.wav,Tamil
train_tamilfemale_00380.wav,Tamil
train_tamilfemale_00381.wav,Tamil
train_tamilfemale_00382.wav,Tamil
train_tamilfemale_00383.wav,Tamil
train_tamilfemale_00384.wav,Tamil
train_tamilfemale_00385.wav,Tamil
train_tamilfemale_00386.wav,Tamil
train_tamilfemale_00387.wav,Tamil
train_tamilfemale_00388.wav,Tamil
train_tamilfemale_00389.wav,Tamil
train_tamilfemale_00390.wav,Tamil
train_tamilfemale_00391.wav,Tamil
train_tamilfemale_00392.wav,Tamil
train_tamilfemale_00393.wav,Tamil
train_tamilfemale_00394.wav,Tamil
train_tamilfemale_00395.wav,Tamil
train_tamilfemale_00396.wav,Tamil
train_tamilfemale_00397.wav,Tamil
train_tamilfemale_00398.wav,Tamil
train_tamilfemale_00399.wav,Tamil
train_tamilfemale_00400.wav,Tamil
train_tamilfemale_00401.wav,Tamil
train_tamilfemale_00402.wav,Tamil
train_tamilfemale_00403.wav,Tamil
train_tamilfemale_00404.wav,Tamil
train_tamilfemale_00405.wav,Tamil
train_tamilfemale_00406.wav,Tamil
train_tamilfemale_00407.wav,Tamil
train_tamilfemale_00408.wav,Tamil
train_tamilfemale_00409.wav,Tamil
train_tamilfemale_00410.wav,Tamil
train_tamilfemale_00411.wav,Tamil
train_tamilfemale_00412.wav,Tamil
train_tamilfemale_00413.wav,Tamil
train_tamilfemale_00414.wav,Tamil
train_tamilfemale_00415.wav,Tamil
train_tamilfemale_00416.wav,Tamil
train_tamilfemale_00417.wav,Tamil
train_tamilfemale_00418.wav,Tamil
train_tamilfemale_00419.wav,Tamil
train_tamilfemale_00420.wav,Tamil
train_tamilfemale_00421.wav,Tamil
train_tamilfemale_00422.wav,Tamil
train_tamilfemale_00423.wav,Tamil
train_tamilfemale_00424.wav,Tamil
train_tamilfemale_00425.wav,Tamil
train_tamilfemale_00426.wav,Tamil
train_tamilfemale_00427.wav,Tamil
train_tamilfemale_00428.wav,Tamil
train_tamilfemale_00429.wav,Tamil
train_tamilfemale_00430.wav,Tamil
train_tamilfemale_00431.wav,Tamil
train_tamilfemale_00432.wav,Tamil
train_tamilfemale_00433.wav,Tamil
train_tamilfemale_00434.wav,Tamil
train_tamilfemale_00435.wav,Tamil
train_tamilfemale_00436.wav,Tamil
train_tamilfemale_00437.wav,Tamil
train_tamilfemale_00438.wav,Tamil
train_tamilfemale_00439.wav,Tamil
train_tamilfemale_00440.wav,Tamil
train_tamilfemale_00441.wav,Tamil
train_tamilfemale_00442.wav,Tamil
train_tamilfemale_00443.wav,Tamil
train_tamilfemale_00444.wav,Tamil
train_tamilfemale_00445.wav,Tamil
train_tamilfemale_00446.wav,Tamil
train_tamilfemale_00447.wav,Tamil
train_tamilfemale_00448.wav,Tamil
train_tamilfemale_00449.wav,Tamil
train_tamilfemale_00450.wav,Tamil
train_tamilfemale_00451.wav,Tamil
train_tamilfemale_00452.wav,Tamil
train_tamilfemale_00453.wav,Tamil
train_tamilfemale_00454.wav,Tamil
train_tamilfemale_00455.wav,Tamil
train_tamilfemale_00456.wav,Tamil
train_tamilfemale_00457.wav,Tamil
train_tamilfemale_00458.wav,Tamil
train_tamilfemale_00459.wav,Tamil
train_tamilfemale_00460.wav,Tamil
train_tamilfemale_00461.wav,Tamil
train_tamilfemale_00462.wav,Tamil
train_tamilfemale_00463.wav,Tamil
train_tamilfemale_00464.wav,Tamil
train_tamilfemale_00465.wav,Tamil
train_tamilfemale_00466.wav,Tamil
train_tamilfemale_00467.wav,Tamil
train_tamilfemale_00468.wav,Tamil
train_tamilfemale_00469.wav,Tamil
train_tamilfemale_00470.wav,Tamil
train_tamilfemale_00471.wav,Tamil
train_tamilfemale_00472.wav,Tamil
train_tamilfemale_00473.wav,Tamil
train_tamilfemale_00474.wav,Tamil
train_tamilfemale_00475.wav,Tamil
train_tamilfemale_00476.wav,Tamil
train_tamilfemale_00477.wav,Tamil
train_tamilfemale_00478.wav,Tamil
train_tamilfemale_00479.wav,Tamil
train_tamilfemale_00480.wav,Tamil
train_tamilfemale_00481.wav,Tamil
train_tamilfemale_00482.wav,Tamil
train_tamilfemale_00483.wav,Tamil
train_tamilfemale_00484.wav,Tamil
train_tamilfemale_00485.wav,Tamil
train_tamilfemale_00486.wav,Tamil
train_tamilfemale_00487.wav,Tamil
train_tamilfemale_00488.wav,Tamil
train_tamilfemale_00489.wav,Tamil
train_tamilfemale_00490.wav,Tamil
train_tamilfemale_00491.wav,Tamil
train_tamilfemale_00492.wav,Tamil
train_tamilfemale_00493.wav,Tamil
train_tamilfemale_00494.wav,Tamil
train_tamilfemale_00495.wav,Tamil
train_tamilfemale_00496.wav,Tamil
train_tamilfemale_00497.wav,Tamil
train_tamilfemale_00498.wav,Tamil
train_tamilfemale_00499.wav,Tamil
train_tamilfemale_00500.wav,Tamil
train_tamilfemale_00501.wav,Tamil
train_tamilfemale_00502.wav,Tamil
train_tamilfemale_00503.wav,Tamil
train_tamilfemale_00504.wav,Tamil
train_tamilfemale_00505.wav,Tamil
train_tamilfemale_00506.wav,Tamil
train_tamilfemale_00507.wav,Tamil
train_tamilfemale_00508.wav,Tamil
train_tamilfemale_00509.wav,Tamil
train_tamilfemale_00510.wav,Tamil
train_tamilfemale_00511.wav,Tamil
train_tamilfemale_00512.wav,Tamil
train_tamilfemale_00513.wav,Tamil
train_tamilfemale_00514.wav,Tamil
train_tamilfemale_00515.wav,Tamil
train_tamilfemale_00516.wav,Tamil
train_tamilfemale_00517.wav,Tamil
train_tamilfemale_00518.wav,Tamil
train_tamilfemale_00519.wav,Tamil
train_tamilfemale_00520.wav,Tamil
train_tamilfemale_00521.wav,Tamil
train_tamilfemale_00522.wav,Tamil
train_tamilfemale_00523.wav,Tamil
train_tamilfemale_00524.wav,Tamil
train_tamilfemale_00525.wav,Tamil
train_tamilfemale_00526.wav,Tamil
train_tamilfemale_00527.wav,Tamil
train_tamilfemale_00528.wav,Tamil
train_tamilfemale_00529.wav,Tamil
train_tamilfemale_00530.wav,Tamil
train_tamilfemale_00531.wav,Tamil
train_tamilfemale_00532.wav,Tamil
train_tamilfemale_00533.wav,Tamil
train_tamilfemale_00534.wav,Tamil
train_tamilfemale_00535.wav,Tamil
train_tamilfemale_00536.wav,Tamil
train_tamilfemale_00537.wav,Tamil
train_tamilfemale_00538.wav,Tamil
train_tamilfemale_00539.wav,Tamil
train_tamilfemale_00540.wav,Tamil
train_tamilfemale_00541.wav,Tamil
train_tamilfemale_00542.wav,Tamil
train_tamilfemale_00543.wav,Tamil
train_tamilfemale_00544.wav,Tamil
train_tamilfemale_00545.wav,Tamil
train_tamilfemale_00546.wav,Tamil
train_tamilfemale_00547.wav,Tamil
train_tamilfemale_00548.wav,Tamil
train_tamilfemale_00549.wav,Tamil
train_tamilfemale_00550.wav,Tamil
train_tamilfemale_00551.wav,Tamil
train_tamilfemale_00552.wav,Tamil
train_tamilfemale_00553.wav,Tamil
train_tamilfemale_00554.wav,Tamil
train_tamilfemale_00555.wav,Tamil
train_tamilfemale_00556.wav,Tamil
train_tamilfemale_00557.wav,Tamil
train_tamilfemale_00558.wav,Tamil
train_tamilfemale_00559.wav,Tamil
train_tamilfemale_00560.wav,Tamil
train_tamilfemale_00561.wav,Tamil
train_tamilfemale_00562.wav,Tamil
train_tamilfemale_00563.wav,Tamil
train_tamilfemale_00564.wav,Tamil
train_tamilfemale_00565.wav,Tamil
train_tamilfemale_00566.wav,Tamil
train_tamilfemale_00567.wav,Tamil
train_tamilfemale_00568.wav,Tamil
train_tamilfemale_00569.wav,Tamil
train_tamilfemale_00570.wav,Tamil
train_tamilfemale_00571.wav,Tamil
train_tamilfemale_00572.wav,Tamil
train_tamilfemale_00573.wav,Tamil
train_tamilfemale_00574.wav,Tamil
train_tamilfemale_00575.wav,Tamil
train_tamilfemale_00576.wav,Tamil
train_tamilfemale_00577.wav,Tamil
train_tamilfemale_00578.wav,Tamil
train_tamilfemale_00579.wav,Tamil
train_tamilfemale_00580.wav,Tamil
train_tamilfemale_00581.wav,Tamil
train_tamilfemale_00582.wav,Tamil
train_tamilfemale_00583.wav,Tamil
train_tamilfemale_00584.wav,Tamil
train_tamilfemale_00585.wav,Tamil
train_tamilfemale_00586.wav,Tamil
train_tamilfemale_00587.wav,Tamil
train_tamilfemale_00588.wav,Tamil
train_tamilfemale_00589.wav,Tamil
train_tamilfemale_00590.wav,Tamil
train_tamilfemale_00591.wav,Tamil
train_tamilfemale_00592.wav,Tamil
train_tamilfemale_00593.wav,Tamil
train_tamilfemale_00594.wav,Tamil
train_tamilfemale_00595.wav,Tamil
train_tamilfemale_00596.wav,Tamil
train_tamilfemale_00597.wav,Tamil
train_tamilfemale_00598.wav,Tamil
train_tamilfemale_00599.wav,Tamil
train_tamilfemale_00600.wav,Tamil
train_tamilfemale_00601.wav,Tamil
train_tamilfemale_00602.wav,Tamil
train_tamilfemale_00603.wav,Tamil
train_tamilfemale_00604.wav,Tamil
train_tamilfemale_00605.wav,Tamil
train_tamilfemale_00606.wav,Tamil
train_tamilfemale_00607.wav,Tamil
train_tamilfemale_00608.wav,Tamil
train_tamilfemale_00609.wav,Tamil
train_tamilfemale_00610.wav,Tamil
train_tamilfemale_00611.wav,Tamil
train_tamilfemale_00612.wav,Tamil
train_tamilfemale_00613.wav,Tamil
train_tamilfemale_00614.wav,Tamil
train_tamilfemale_00615.wav,Tamil
train_tamilfemale_00616.wav,Tamil
train_tamilfemale_00617.wav,Tamil
train_tamilfemale_00618.wav,Tamil
train_tamilfemale_00619.wav,Tamil
train_tamilfemale_00620.wav,Tamil
train_tamilfemale_00621.wav,Tamil
train_tamilfemale_00622.wav,Tamil
train_tamilfemale_00623.wav,Tamil
train_tamilfemale_00624.wav,Tamil
train_tamilfemale_00625.wav,Tamil
train_tamilfemale_00626.wav,Tamil
train_tamilfemale_00627.wav,Tamil
train_tamilfemale_00628.wav,Tamil
train_tamilfemale_00629.wav,Tamil
train_tamilfemale_00630.wav,Tamil
train_tamilfemale_00631.wav,Tamil
train_tamilfemale_00632.wav,Tamil
train_tamilfemale_00633.wav,Tamil
train_tamilfemale_00634.wav,Tamil
train_tamilfemale_00635.wav,Tamil
train_tamilfemale_00636.wav,Tamil
train_tamilfemale_00637.wav,Tamil
train_tamilfemale_00638.wav,Tamil
train_tamilfemale_00639.wav,Tamil
train_tamilfemale_00640.wav,Tamil
train_tamilfemale_00641.wav,Tamil
train_tamilfemale_00642.wav,Tamil
train_tamilfemale_00643.wav,Tamil
train_tamilfemale_00644.wav,Tamil
train_tamilfemale_00645.wav,Tamil
train_tamilfemale_00646.wav,Tamil
train_tamilfemale_00647.wav,Tamil
train_tamilfemale_00648.wav,Tamil
train_tamilfemale_00649.wav,Tamil
train_tamilfemale_00650.wav,Tamil
train_tamilfemale_00651.wav,Tamil
train_tamilfemale_00652.wav,Tamil
train_tamilfemale_00653.wav,Tamil
train_tamilfemale_00654.wav,Tamil
train_tamilfemale_00655.wav,Tamil
train_tamilfemale_00656.wav,Tamil
train_tamilfemale_00657.wav,Tamil
train_tamilfemale_00658.wav,Tamil
train_tamilfemale_00659.wav,Tamil
train_tamilfemale_00660.wav,Tamil
train_tamilfemale_00661.wav,Tamil
train_tamilfemale_00662.wav,Tamil
train_tamilfemale_00663.wav,Tamil
train_tamilfemale_00664.wav,Tamil
train_tamilfemale_00665.wav,Tamil
train_tamilfemale_00666.wav,Tamil
train_tamilfemale_00667.wav,Tamil
train_tamilfemale_00668.wav,Tamil
train_tamilfemale_00669.wav,Tamil
train_tamilfemale_00670.wav,Tamil
train_tamilfemale_00671.wav,Tamil
train_tamilfemale_00672.wav,Tamil
train_tamilfemale_00673.wav,Tamil
train_tamilfemale_00674.wav,Tamil
train_tamilfemale_00675.wav,Tamil
train_tamilfemale_00676.wav,Tamil
train_tamilfemale_00677.wav,Tamil
train_tamilfemale_00678.wav,Tamil
train_tamilfemale_00679.wav,Tamil
train_tamilfemale_00680.wav,Tamil
train_tamilfemale_00681.wav,Tamil
train_tamilfemale_00682.wav,Tamil
train_tamilfemale_00683.wav,Tamil
train_tamilfemale_00684.wav,Tamil
train_tamilfemale_00685.wav,Tamil
train_tamilfemale_00686.wav,Tamil
train_tamilfemale_00687.wav,Tamil
train_tamilfemale_00688.wav,Tamil
train_tamilfemale_00689.wav,Tamil
train_tamilfemale_00690.wav,Tamil
train_tamilfemale_00691.wav,Tamil
train_tamilfemale_00692.wav,Tamil
train_tamilfemale_00693.wav,Tamil
train_tamilfemale_00694.wav,Tamil
train_tamilfemale_00695.wav,Tamil
train_tamilfemale_00696.wav,Tamil
train_tamilfemale_00697.wav,Tamil
train_tamilfemale_00698.wav,Tamil
train_tamilfemale_00699.wav,Tamil
train_tamilfemale_00700.wav,Tamil
train_tamilfemale_00701.wav,Tamil
train_tamilfemale_00702.wav,Tamil
train_tamilfemale_00703.wav,Tamil
train_tamilfemale_00704.wav,Tamil
train_tamilfemale_00705.wav,Tamil
train_tamilfemale_00706.wav,Tamil
train_tamilfemale_00707.wav,Tamil
train_tamilfemale_00708.wav,Tamil
train_tamilfemale_00709.wav,Tamil
train_tamilfemale_00710.wav,Tamil
train_tamilfemale_00711.wav,Tamil
train_tamilfemale_00712.wav,Tamil
train_tamilfemale_00713.wav,Tamil
train_tamilfemale_00714.wav,Tamil
train_tamilfemale_00715.wav,Tamil
train_tamilfemale_00716.wav,Tamil
train_tamilfemale_00717.wav,Tamil
train_tamilfemale_00718.wav,Tamil
train_tamilfemale_00719.wav,Tamil
train_tamilfemale_00720.wav,Tamil
train_tamilfemale_00721.wav,Tamil
train_tamilfemale_00722.wav,Tamil
train_tamilfemale_00723.wav,Tamil
train_tamilfemale_00724.wav,Tamil
train_tamilfemale_00725.wav,Tamil
train_tamilfemale_00726.wav,Tamil
train_tamilfemale_00727.wav,Tamil
train_tamilfemale_00728.wav,Tamil
train_tamilfemale_00729.wav,Tamil
train_tamilfemale_00730.wav,Tamil
train_tamilfemale_00731.wav,Tamil
train_tamilfemale_00732.wav,Tamil
train_tamilfemale_00733.wav,Tamil
train_tamilfemale_00734.wav,Tamil
train_tamilfemale_00735.wav,Tamil
train_tamilfemale_00736.wav,Tamil
train_tamilfemale_00737.wav,Tamil
train_tamilfemale_00738.wav,Tamil
train_tamilfemale_00739.wav,Tamil
train_tamilfemale_00740.wav,Tamil
train_tamilfemale_00741.wav,Tamil
train_tamilfemale_00742.wav,Tamil
train_tamilfemale_00743.wav,Tamil
train_tamilfemale_00744.wav,Tamil
train_tamilfemale_00745.wav,Tamil
train_tamilfemale_00746.wav,Tamil
train_tamilfemale_00747.wav,Tamil
train_tamilfemale_00748.wav,Tamil
train_tamilfemale_00749.wav,Tamil
train_tamilfemale_00750.wav,Tamil
train_tamilfemale_00751.wav,Tamil
train_tamilfemale_00752.wav,Tamil
train_tamilfemale_00753.wav,Tamil
train_tamilfemale_00754.wav,Tamil
train_tamilfemale_00755.wav,Tamil
train_tamilfemale_00756.wav,Tamil
train_tamilfemale_00757.wav,Tamil
train_tamilfemale_00758.wav,Tamil
train_tamilfemale_00759.wav,Tamil
train_tamilfemale_00760.wav,Tamil
train_tamilfemale_00761.wav,Tamil
train_tamilfemale_00762.wav,Tamil
train_tamilfemale_00763.wav,Tamil
train_tamilfemale_00764.wav,Tamil
train_tamilfemale_00765.wav,Tamil
train_tamilfemale_00766.wav,Tamil
train_tamilfemale_00767.wav,Tamil
train_tamilfemale_00768.wav,Tamil
train_tamilfemale_00769.wav,Tamil
train_tamilfemale_00770.wav,Tamil
train_tamilfemale_00771.wav,Tamil
train_tamilfemale_00772.wav,Tamil
train_tamilfemale_00773.wav,Tamil
train_tamilfemale_00774.wav,Tamil
train_tamilfemale_00775.wav,Tamil
train_tamilfemale_00776.wav,Tamil
train_tamilfemale_00777.wav,Tamil
train_tamilfemale_00778.wav,Tamil
train_tamilfemale_00779.wav,Tamil
train_tamilfemale_00780.wav,Tamil
train_tamilfemale_00781.wav,Tamil
train_tamilfemale_00782.wav,Tamil
train_tamilfemale_00783.wav,Tamil
train_tamilfemale_00784.wav,Tamil
train_tamilfemale_00785.wav,Tamil
train_tamilfemale_00786.wav,Tamil
train_tamilfemale_00787.wav,Tamil
train_tamilfemale_00788.wav,Tamil
train_tamilfemale_00789.wav,Tamil
train_tamilfemale_00790.wav,Tamil
train_tamilfemale_00791.wav,Tamil
train_tamilfemale_00792.wav,Tamil
train_tamilfemale_00793.wav,Tamil
train_tamilfemale_00794.wav,Tamil
train_tamilfemale_00795.wav,Tamil
train_tamilfemale_00796.wav,Tamil
train_tamilfemale_00797.wav,Tamil
train_tamilfemale_00798.wav,Tamil
train_tamilfemale_00799.wav,Tamil
train_tamilfemale_00800.wav,Tamil
train_tamilfemale_00801.wav,Tamil
train_tamilfemale_00802.wav,Tamil
train_tamilfemale_00803.wav,Tamil
train_tamilfemale_00804.wav,Tamil
train_tamilfemale_00805.wav,Tamil
train_tamilfemale_00806.wav,Tamil
train_tamilfemale_00807.wav,Tamil
train_tamilfemale_00808.wav,Tamil
train_tamilfemale_00809.wav,Tamil
train_tamilfemale_00810.wav,Tamil
train_tamilfemale_00811.wav,Tamil
train_tamilfemale_00812.wav,Tamil
train_tamilfemale_00813.wav,Tamil
train_tamilfemale_00814.wav,Tamil
train_tamilfemale_00815.wav,Tamil
train_tamilfemale_00816.wav,Tamil
train_tamilfemale_00817.wav,Tamil
train_tamilfemale_00818.wav,Tamil
train_tamilfemale_00819.wav,Tamil
train_tamilfemale_00820.wav,Tamil
train_tamilfemale_00821.wav,Tamil
train_tamilfemale_00822.wav,Tamil
train_tamilfemale_00823.wav,Tamil
train_tamilfemale_00824.wav,Tamil
train_tamilfemale_00825.wav,Tamil
train_tamilfemale_00826.wav,Tamil
train_tamilfemale_00827.wav,Tamil
train_tamilfemale_00828.wav,Tamil
train_tamilfemale_00829.wav,Tamil
train_tamilfemale_00830.wav,Tamil
train_tamilfemale_00831.wav,Tamil
train_tamilfemale_00832.wav,Tamil
train_tamilfemale_00833.wav,Tamil
train_tamilfemale_00834.wav,Tamil
train_tamilfemale_00835.wav,Tamil
train_tamilfemale_00836.wav,Tamil
train_tamilfemale_00837.wav,Tamil
train_tamilfemale_00838.wav,Tamil
train_tamilfemale_00839.wav,Tamil
train_tamilfemale_00840.wav,Tamil
train_tamilfemale_00841.wav,Tamil
train_tamilfemale_00842.wav,Tamil
train_tamilfemale_00843.wav,Tamil
train_tamilfemale_00844.wav,Tamil
train_tamilfemale_00845.wav,Tamil
train_tamilfemale_00846.wav,Tamil
train_tamilfemale_00847.wav,Tamil
train_tamilfemale_00848.wav,Tamil
train_tamilfemale_00849.wav,Tamil
train_tamilfemale_00850.wav,Tamil
train_tamilfemale_00851.wav,Tamil
train_tamilfemale_00852.wav,Tamil
train_tamilfemale_00853.wav,Tamil
train_tamilfemale_00854.wav,Tamil
train_tamilfemale_00855.wav,Tamil
train_tamilfemale_00856.wav,Tamil
train_tamilfemale_00857.wav,Tamil
train_tamilfemale_00858.wav,Tamil
train_tamilfemale_00859.wav,Tamil
train_tamilfemale_00860.wav,Tamil
train_tamilfemale_00861.wav,Tamil
train_tamilfemale_00862.wav,Tamil
train_tamilfemale_00863.wav,Tamil
train_tamilfemale_00864.wav,Tamil
train_tamilfemale_00865.wav,Tamil
train_tamilfemale_00866.wav,Tamil
train_tamilfemale_00867.wav,Tamil
train_tamilfemale_00868.wav,Tamil
train_tamilfemale_00869.wav,Tamil
train_tamilfemale_00870.wav,Tamil
train_tamilfemale_00871.wav,Tamil
train_tamilfemale_00872.wav,Tamil
train_tamilfemale_00873.wav,Tamil
train_tamilfemale_00874.wav,Tamil
train_tamilfemale_00875.wav,Tamil
train_tamilfemale_00876.wav,Tamil
train_tamilfemale_00877.wav,Tamil
train_tamilfemale_00878.wav,Tamil
train_tamilfemale_00879.wav,Tamil
train_tamilfemale_00880.wav,Tamil
train_tamilfemale_00881.wav,Tamil
train_tamilfemale_00882.wav,Tamil
train_tamilfemale_00883.wav,Tamil
train_tamilfemale_00884.wav,Tamil
train_tamilfemale_00885.wav,Tamil
train_tamilfemale_00886.wav,Tamil
train_tamilfemale_00887.wav,Tamil
train_tamilfemale_00888.wav,Tamil
train_tamilfemale_00889.wav,Tamil
train_tamilfemale_00890.wav,Tamil
train_tamilfemale_00891.wav,Tamil
train_tamilfemale_00892.wav,Tamil
train_tamilfemale_00893.wav,Tamil
train_tamilfemale_00894.wav,Tamil
train_tamilfemale_00895.wav,Tamil
train_tamilfemale_00896.wav,Tamil
train_tamilfemale_00897.wav,Tamil
train_tamilfemale_00898.wav,Tamil
train_tamilfemale_00899.wav,Tamil
train_tamilfemale_00900.wav,Tamil
train_tamilfemale_00901.wav,Tamil
train_tamilfemale_00902.wav,Tamil
train_tamilfemale_00903.wav,Tamil
train_tamilfemale_00904.wav,Tamil
train_tamilfemale_00905.wav,Tamil
train_tamilfemale_00906.wav,Tamil
train_tamilfemale_00907.wav,Tamil
train_tamilfemale_00908.wav,Tamil
train_tamilfemale_00909.wav,Tamil
train_tamilfemale_00910.wav,Tamil
train_tamilfemale_00911.wav,Tamil
train_tamilfemale_00912.wav,Tamil
train_tamilfemale_00913.wav,Tamil
train_tamilfemale_00914.wav,Tamil
train_tamilfemale_00915.wav,Tamil
train_tamilfemale_00916.wav,Tamil
train_tamilfemale_00917.wav,Tamil
train_tamilfemale_00918.wav,Tamil
train_tamilfemale_00919.wav,Tamil
train_tamilfemale_00920.wav,Tamil
train_tamilfemale_00921.wav,Tamil
train_tamilfemale_00922.wav,Tamil
train_tamilfemale_00923.wav,Tamil
train_tamilfemale_00924.wav,Tamil
train_tamilfemale_00925.wav,Tamil
train_tamilfemale_00926.wav,Tamil
train_tamilfemale_00927.wav,Tamil
train_tamilfemale_00928.wav,Tamil
train_tamilfemale_00929.wav,Tamil
train_tamilfemale_00930.wav,Tamil
train_tamilfemale_00931.wav,Tamil
train_tamilfemale_00932.wav,Tamil
train_tamilfemale_00933.wav,Tamil
train_tamilfemale_00934.wav,Tamil
train_tamilfemale_00935.wav,Tamil
train_tamilfemale_00936.wav,Tamil
train_tamilfemale_00937.wav,Tamil
train_tamilfemale_00938.wav,Tamil
train_tamilfemale_00939.wav,Tamil
train_tamilfemale_00940.wav,Tamil
train_tamilfemale_00941.wav,Tamil
train_tamilfemale_00942.wav,Tamil
train_tamilfemale_00943.wav,Tamil
train_tamilfemale_00944.wav,Tamil
train_tamilfemale_00945.wav,Tamil
train_tamilfemale_00946.wav,Tamil
train_tamilfemale_00947.wav,Tamil
train_tamilfemale_00948.wav,Tamil
train_tamilfemale_00949.wav,Tamil
train_tamilfemale_00950.wav,Tamil
train_tamilfemale_00951.wav,Tamil
train_tamilfemale_00952.wav,Tamil
train_tamilfemale_00953.wav,Tamil
train_tamilfemale_00954.wav,Tamil
train_tamilfemale_00955.wav,Tamil
train_tamilfemale_00956.wav,Tamil
train_tamilfemale_00957.wav,Tamil
train_tamilfemale_00958.wav,Tamil
train_tamilfemale_00959.wav,Tamil
train_tamilfemale_00960.wav,Tamil
train_tamilfemale_00961.wav,Tamil
train_tamilfemale_00962.wav,Tamil
train_tamilfemale_00963.wav,Tamil
train_tamilfemale_00964.wav,Tamil
train_tamilfemale_00965.wav,Tamil
train_tamilfemale_00966.wav,Tamil
train_tamilfemale_00967.wav,Tamil
train_tamilfemale_00968.wav,Tamil
train_tamilfemale_00969.wav,Tamil
train_tamilfemale_00970.wav,Tamil
train_tamilfemale_00971.wav,Tamil
train_tamilfemale_00972.wav,Tamil
train_tamilfemale_00973.wav,Tamil
train_tamilfemale_00974.wav,Tamil
train_tamilfemale_00975.wav,Tamil
train_tamilfemale_00976.wav,Tamil
train_tamilfemale_00977.wav,Tamil
train_tamilfemale_00978.wav,Tamil
train_tamilfemale_00979.wav,Tamil
train_tamilfemale_00980.wav,Tamil
train_tamilfemale_00981.wav,Tamil
train_tamilfemale_00982.wav,Tamil
train_tamilfemale_00983.wav,Tamil
train_tamilfemale_00984.wav,Tamil
train_tamilfemale_00985.wav,Tamil
train_tamilfemale_00986.wav,Tamil
train_tamilfemale_00987.wav,Tamil
train_tamilfemale_00988.wav,Tamil
train_tamilfemale_00989.wav,Tamil
train_tamilfemale_00990.wav,Tamil
train_tamilfemale_00991.wav,Tamil
train_tamilfemale_00992.wav,Tamil
train_tamilfemale_00993.wav,Tamil
train_tamilfemale_00994.wav,Tamil
train_tamilfemale_00995.wav,Tamil
train_tamilfemale_00996.wav,Tamil
train_tamilfemale_00997.wav,Tamil
train_tamilfemale_00998.wav,Tamil
train_tamilfemale_00999.wav,Tamil
train_tamilfemale_01000.wav,Tamil
train_tamilmale_00001.wav,Tamil
train_tamilmale_00002.wav,Tamil
train_tamilmale_00003.wav,Tamil
train_tamilmale_00004.wav,Tamil
train_tamilmale_00005.wav,Tamil
train_tamilmale_00006.wav,Tamil
train_tamilmale_00007.wav,Tamil
train_tamilmale_00008.wav,Tamil
train_tamilmale_00009.wav,Tamil
train_tamilmale_00010.wav,Tamil
train_tamilmale_00011.wav,Tamil
train_tamilmale_00012.wav,Tamil
train_tamilmale_00013.wav,Tamil
train_tamilmale_00014.wav,Tamil
train_tamilmale_00015.wav,Tamil
train_tamilmale_00016.wav,Tamil
train_tamilmale_00017.wav,Tamil
train_tamilmale_00018.wav,Tamil
train_tamilmale_00019.wav,Tamil
train_tamilmale_00020.wav,Tamil
train_tamilmale_00021.wav,Tamil
train_tamilmale_00022.wav,Tamil
train_tamilmale_00023.wav,Tamil
train_tamilmale_00024.wav,Tamil
train_tamilmale_00025.wav,Tamil
train_tamilmale_00026.wav,Tamil
train_tamilmale_00027.wav,Tamil
train_tamilmale_00028.wav,Tamil
train_tamilmale_00029.wav,Tamil
train_tamilmale_00030.wav,Tamil
train_tamilmale_00031.wav,Tamil
train_tamilmale_00032.wav,Tamil
train_tamilmale_00033.wav,Tamil
train_tamilmale_00034.wav,Tamil
train_tamilmale_00035.wav,Tamil
train_tamilmale_00036.wav,Tamil
train_tamilmale_00037.wav,Tamil
train_tamilmale_00038.wav,Tamil
train_tamilmale_00039.wav,Tamil
train_tamilmale_00040.wav,Tamil
train_tamilmale_00041.wav,Tamil
train_tamilmale_00042.wav,Tamil
train_tamilmale_00043.wav,Tamil
train_tamilmale_00044.wav,Tamil
train_tamilmale_00045.wav,Tamil
train_tamilmale_00046.wav,Tamil
train_tamilmale_00047.wav,Tamil
train_tamilmale_00048.wav,Tamil
train_tamilmale_00049.wav,Tamil
train_tamilmale_00050.wav,Tamil
train_tamilmale_00051.wav,Tamil
train_tamilmale_00052.wav,Tamil
train_tamilmale_00053.wav,Tamil
train_tamilmale_00054.wav,Tamil
train_tamilmale_00055.wav,Tamil
train_tamilmale_00056.wav,Tamil
train_tamilmale_00057.wav,Tamil
train_tamilmale_00058.wav,Tamil
train_tamilmale_00059.wav,Tamil
train_tamilmale_00060.wav,Tamil
train_tamilmale_00061.wav,Tamil
train_tamilmale_00062.wav,Tamil
train_tamilmale_00063.wav,Tamil
train_tamilmale_00064.wav,Tamil
train_tamilmale_00065.wav,Tamil
train_tamilmale_00066.wav,Tamil
train_tamilmale_00067.wav,Tamil
train_tamilmale_00068.wav,Tamil
train_tamilmale_00069.wav,Tamil
train_tamilmale_00070.wav,Tamil
train_tamilmale_00071.wav,Tamil
train_tamilmale_00072.wav,Tamil
train_tamilmale_00073.wav,Tamil
train_tamilmale_00074.wav,Tamil
train_tamilmale_00075.wav,Tamil
train_tamilmale_00076.wav,Tamil
train_tamilmale_00077.wav,Tamil
train_tamilmale_00078.wav,Tamil
train_tamilmale_00079.wav,Tamil
train_tamilmale_00080.wav,Tamil
train_tamilmale_00081.wav,Tamil
train_tamilmale_00082.wav,Tamil
train_tamilmale_00083.wav,Tamil
train_tamilmale_00084.wav,Tamil
train_tamilmale_00085.wav,Tamil
train_tamilmale_00086.wav,Tamil
train_tamilmale_00087.wav,Tamil
train_tamilmale_00088.wav,Tamil
train_tamilmale_00089.wav,Tamil
train_tamilmale_00090.wav,Tamil
train_tamilmale_00091.wav,Tamil
train_tamilmale_00092.wav,Tamil
train_tamilmale_00093.wav,Tamil
train_tamilmale_00094.wav,Tamil
train_tamilmale_00095.wav,Tamil
train_tamilmale_00096.wav,Tamil
train_tamilmale_00097.wav,Tamil
train_tamilmale_00098.wav,Tamil
train_tamilmale_00099.wav,Tamil
train_tamilmale_00100.wav,Tamil
train_tamilmale_00101.wav,Tamil
train_tamilmale_00102.wav,Tamil
train_tamilmale_00103.wav,Tamil
train_tamilmale_00104.wav,Tamil
train_tamilmale_00105.wav,Tamil
train_tamilmale_00106.wav,Tamil
train_tamilmale_00107.wav,Tamil
train_tamilmale_00108.wav,Tamil
train_tamilmale_00109.wav,Tamil
train_tamilmale_00110.wav,Tamil
train_tamilmale_00111.wav,Tamil
train_tamilmale_00112.wav,Tamil
train_tamilmale_00113.wav,Tamil
train_tamilmale_00114.wav,Tamil
train_tamilmale_00115.wav,Tamil
train_tamilmale_00116.wav,Tamil
train_tamilmale_00117.wav,Tamil
train_tamilmale_00118.wav,Tamil
train_tamilmale_00119.wav,Tamil
train_tamilmale_00120.wav,Tamil
train_tamilmale_00121.wav,Tamil
train_tamilmale_00122.wav,Tamil
train_tamilmale_00123.wav,Tamil
train_tamilmale_00124.wav,Tamil
train_tamilmale_00125.wav,Tamil
train_tamilmale_00126.wav,Tamil
train_tamilmale_00127.wav,Tamil
train_tamilmale_00128.wav,Tamil
train_tamilmale_00129.wav,Tamil
train_tamilmale_00130.wav,Tamil
train_tamilmale_00131.wav,Tamil
train_tamilmale_00132.wav,Tamil
train_tamilmale_00133.wav,Tamil
train_tamilmale_00134.wav,Tamil
train_tamilmale_00135.wav,Tamil
train_tamilmale_00136.wav,Tamil
train_tamilmale_00137.wav,Tamil
train_tamilmale_00138.wav,Tamil
train_tamilmale_00139.wav,Tamil
train_tamilmale_00140.wav,Tamil
train_tamilmale_00141.wav,Tamil
train_tamilmale_00142.wav,Tamil
train_tamilmale_00143.wav,Tamil
train_tamilmale_00144.wav,Tamil
train_tamilmale_00145.wav,Tamil
train_tamilmale_00146.wav,Tamil
train_tamilmale_00147.wav,Tamil
train_tamilmale_00148.wav,Tamil
train_tamilmale_00149.wav,Tamil
train_tamilmale_00150.wav,Tamil
train_tamilmale_00151.wav,Tamil
train_tamilmale_00152.wav,Tamil
train_tamilmale_00153.wav,Tamil
train_tamilmale_00154.wav,Tamil
train_tamilmale_00155.wav,Tamil
train_tamilmale_00156.wav,Tamil
train_tamilmale_00157.wav,Tamil
train_tamilmale_00158.wav,Tamil
train_tamilmale_00159.wav,Tamil
train_tamilmale_00160.wav,Tamil
train_tamilmale_00161.wav,Tamil
train_tamilmale_00162.wav,Tamil
train_tamilmale_00163.wav,Tamil
train_tamilmale_00164.wav,Tamil
train_tamilmale_00165.wav,Tamil
train_tamilmale_00166.wav,Tamil
train_tamilmale_00167.wav,Tamil
train_tamilmale_00168.wav,Tamil
train_tamilmale_00169.wav,Tamil
train_tamilmale_00170.wav,Tamil
train_tamilmale_00171.wav,Tamil
train_tamilmale_00172.wav,Tamil
train_tamilmale_00173.wav,Tamil
train_tamilmale_00174.wav,Tamil
train_tamilmale_00175.wav,Tamil
train_tamilmale_00176.wav,Tamil
train_tamilmale_00177.wav,Tamil
train_tamilmale_00178.wav,Tamil
train_tamilmale_00179.wav,Tamil
train_tamilmale_00180.wav,Tamil
train_tamilmale_00181.wav,Tamil
train_tamilmale_00182.wav,Tamil
train_tamilmale_00183.wav,Tamil
train_tamilmale_00184.wav,Tamil
train_tamilmale_00185.wav,Tamil
train_tamilmale_00186.wav,Tamil
train_tamilmale_00187.wav,Tamil
train_tamilmale_00188.wav,Tamil
train_tamilmale_00189.wav,Tamil
train_tamilmale_00190.wav,Tamil
train_tamilmale_00191.wav,Tamil
train_tamilmale_00192.wav,Tamil
train_tamilmale_00193.wav,Tamil
train_tamilmale_00194.wav,Tamil
train_tamilmale_00195.wav,Tamil
train_tamilmale_00196.wav,Tamil
train_tamilmale_00197.wav,Tamil
train_tamilmale_00198.wav,Tamil
train_tamilmale_00199.wav,Tamil
train_tamilmale_00200.wav,Tamil
train_tamilmale_00201.wav,Tamil
train_tamilmale_00202.wav,Tamil
train_tamilmale_00203.wav,Tamil
train_tamilmale_00204.wav,Tamil
train_tamilmale_00205.wav,Tamil
train_tamilmale_00206.wav,Tamil
train_tamilmale_00207.wav,Tamil
train_tamilmale_00208.wav,Tamil
train_tamilmale_00209.wav,Tamil
train_tamilmale_00210.wav,Tamil
train_tamilmale_00211.wav,Tamil
train_tamilmale_00212.wav,Tamil
train_tamilmale_00213.wav,Tamil
train_tamilmale_00214.wav,Tamil
train_tamilmale_00215.wav,Tamil
train_tamilmale_00216.wav,Tamil
train_tamilmale_00217.wav,Tamil
train_tamilmale_00218.wav,Tamil
train_tamilmale_00219.wav,Tamil
train_tamilmale_00220.wav,Tamil
train_tamilmale_00221.wav,Tamil
train_tamilmale_00222.wav,Tamil
train_tamilmale_00223.wav,Tamil
train_tamilmale_00224.wav,Tamil
train_tamilmale_00225.wav,Tamil
train_tamilmale_00226.wav,Tamil
train_tamilmale_00227.wav,Tamil
train_tamilmale_00228.wav,Tamil
train_tamilmale_00229.wav,Tamil
train_tamilmale_00230.wav,Tamil
train_tamilmale_00231.wav,Tamil
train_tamilmale_00232.wav,Tamil
train_tamilmale_00233.wav,Tamil
train_tamilmale_00234.wav,Tamil
train_tamilmale_00235.wav,Tamil
train_tamilmale_00236.wav,Tamil
train_tamilmale_00237.wav,Tamil
train_tamilmale_00238.wav,Tamil
train_tamilmale_00239.wav,Tamil
train_tamilmale_00240.wav,Tamil
train_tamilmale_00241.wav,Tamil
train_tamilmale_00242.wav,Tamil
train_tamilmale_00243.wav,Tamil
train_tamilmale_00244.wav,Tamil
train_tamilmale_00245.wav,Tamil
train_tamilmale_00246.wav,Tamil
train_tamilmale_00247.wav,Tamil
train_tamilmale_00248.wav,Tamil
train_tamilmale_00249.wav,Tamil
train_tamilmale_00250.wav,Tamil
train_tamilmale_00251.wav,Tamil
train_tamilmale_00252.wav,Tamil
train_tamilmale_00253.wav,Tamil
train_tamilmale_00254.wav,Tamil
train_tamilmale_00255.wav,Tamil
train_tamilmale_00256.wav,Tamil
train_tamilmale_00257.wav,Tamil
train_tamilmale_00258.wav,Tamil
train_tamilmale_00259.wav,Tamil
train_tamilmale_00260.wav,Tamil
train_tamilmale_00261.wav,Tamil
train_tamilmale_00262.wav,Tamil
train_tamilmale_00263.wav,Tamil
train_tamilmale_00264.wav,Tamil
train_tamilmale_00265.wav,Tamil
train_tamilmale_00266.wav,Tamil
train_tamilmale_00267.wav,Tamil
train_tamilmale_00268.wav,Tamil
train_tamilmale_00269.wav,Tamil
train_tamilmale_00270.wav,Tamil
train_tamilmale_00271.wav,Tamil
train_tamilmale_00272.wav,Tamil
train_tamilmale_00273.wav,Tamil
train_tamilmale_00274.wav,Tamil
train_tamilmale_00275.wav,Tamil
train_tamilmale_00276.wav,Tamil
train_tamilmale_00277.wav,Tamil
train_tamilmale_00278.wav,Tamil
train_tamilmale_00279.wav,Tamil
train_tamilmale_00280.wav,Tamil
train_tamilmale_00281.wav,Tamil
train_tamilmale_00282.wav,Tamil
train_tamilmale_00283.wav,Tamil
train_tamilmale_00284.wav,Tamil
train_tamilmale_00285.wav,Tamil
train_tamilmale_00286.wav,Tamil
train_tamilmale_00287.wav,Tamil
train_tamilmale_00288.wav,Tamil
train_tamilmale_00289.wav,Tamil
train_tamilmale_00290.wav,Tamil
train_tamilmale_00291.wav,Tamil
train_tamilmale_00292.wav,Tamil
train_tamilmale_00293.wav,Tamil
train_tamilmale_00294.wav,Tamil
train_tamilmale_00295.wav,Tamil
train_tamilmale_00296.wav,Tamil
train_tamilmale_00297.wav,Tamil
train_tamilmale_00298.wav,Tamil
train_tamilmale_00299.wav,Tamil
train_tamilmale_00300.wav,Tamil
train_tamilmale_00301.wav,Tamil
train_tamilmale_00302.wav,Tamil
train_tamilmale_00303.wav,Tamil
train_tamilmale_00304.wav,Tamil
train_tamilmale_00305.wav,Tamil
train_tamilmale_00306.wav,Tamil
train_tamilmale_00307.wav,Tamil
train_tamilmale_00308.wav,Tamil
train_tamilmale_00309.wav,Tamil
train_tamilmale_00310.wav,Tamil
train_tamilmale_00311.wav,Tamil
train_tamilmale_00312.wav,Tamil
train_tamilmale_00313.wav,Tamil
train_tamilmale_00314.wav,Tamil
train_tamilmale_00315(1).wav,Tamil
train_tamilmale_00315.wav,Tamil
train_tamilmale_00316.wav,Tamil
train_tamilmale_00317.wav,Tamil
train_tamilmale_00318.wav,Tamil
train_tamilmale_00319.wav,Tamil
train_tamilmale_00320.wav,Tamil
train_tamilmale_00321.wav,Tamil
train_tamilmale_00322.wav,Tamil
train_tamilmale_00323.wav,Tamil
train_tamilmale_00324.wav,Tamil
train_tamilmale_00325.wav,Tamil
train_tamilmale_00326.wav,Tamil
train_tamilmale_00327.wav,Tamil
train_tamilmale_00328.wav,Tamil
train_tamilmale_00329.wav,Tamil
train_tamilmale_00330.wav,Tamil
train_tamilmale_00331.wav,Tamil
train_tamilmale_00332.wav,Tamil
train_tamilmale_00333.wav,Tamil
train_tamilmale_00334.wav,Tamil
train_tamilmale_00335.wav,Tamil
train_tamilmale_00336.wav,Tamil
train_tamilmale_00337.wav,Tamil
train_tamilmale_00338.wav,Tamil
train_tamilmale_00339.wav,Tamil
train_tamilmale_00340.wav,Tamil
train_tamilmale_00341.wav,Tamil
train_tamilmale_00342.wav,Tamil
train_tamilmale_00343.wav,Tamil
train_tamilmale_00344.wav,Tamil
train_tamilmale_00345.wav,Tamil
train_tamilmale_00346.wav,Tamil
train_tamilmale_00347.wav,Tamil
train_tamilmale_00348.wav,Tamil
train_tamilmale_00349.wav,Tamil
train_tamilmale_00350.wav,Tamil
train_tamilmale_00351.wav,Tamil
train_tamilmale_00352.wav,Tamil
train_tamilmale_00353.wav,Tamil
train_tamilmale_00354.wav,Tamil
train_tamilmale_00355.wav,Tamil
train_tamilmale_00356.wav,Tamil
train_tamilmale_00357.wav,Tamil
train_tamilmale_00358.wav,Tamil
train_tamilmale_00359.wav,Tamil
train_tamilmale_00360.wav,Tamil
train_tamilmale_00361.wav,Tamil
train_tamilmale_00362.wav,Tamil
train_tamilmale_00363.wav,Tamil
train_tamilmale_00364.wav,Tamil
train_tamilmale_00365.wav,Tamil
train_tamilmale_00366.wav,Tamil
train_tamilmale_00367.wav,Tamil
train_tamilmale_00368.wav,Tamil
train_tamilmale_00369.wav,Tamil
train_tamilmale_00370.wav,Tamil
train_tamilmale_00371.wav,Tamil
train_tamilmale_00372.wav,Tamil
train_tamilmale_00373.wav,Tamil
train_tamilmale_00374.wav,Tamil
train_tamilmale_00375.wav,Tamil
train_tamilmale_00376.wav,Tamil
train_tamilmale_00377.wav,Tamil
train_tamilmale_00378.wav,Tamil
train_tamilmale_00379.wav,Tamil
train_tamilmale_00380.wav,Tamil
train_tamilmale_00381.wav,Tamil
train_tamilmale_00382.wav,Tamil
train_tamilmale_00383.wav,Tamil
train_tamilmale_00384.wav,Tamil
train_tamilmale_00385.wav,Tamil
train_tamilmale_00386.wav,Tamil
train_tamilmale_00387.wav,Tamil
train_tamilmale_00388.wav,Tamil
train_tamilmale_00389.wav,Tamil
train_tamilmale_00390.wav,Tamil
train_tamilmale_00391.wav,Tamil
train_tamilmale_00392.wav,Tamil
train_tamilmale_00393.wav,Tamil
train_tamilmale_00394.wav,Tamil
train_tamilmale_00395.wav,Tamil
train_tamilmale_00396.wav,Tamil
train_tamilmale_00397.wav,Tamil
train_tamilmale_00398.wav,Tamil
train_tamilmale_00399.wav,Tamil
train_tamilmale_00400.wav,Tamil
train_tamilmale_00401.wav,Tamil
train_tamilmale_00402.wav,Tamil
train_tamilmale_00403.wav,Tamil
train_tamilmale_00404.wav,Tamil
train_tamilmale_00405.wav,Tamil
train_tamilmale_00406.wav,Tamil
train_tamilmale_00407.wav,Tamil
train_tamilmale_00408.wav,Tamil
train_tamilmale_00409.wav,Tamil
train_tamilmale_00410.wav,Tamil
train_tamilmale_00411.wav,Tamil
train_tamilmale_00412.wav,Tamil
train_tamilmale_00413.wav,Tamil
train_tamilmale_00414.wav,Tamil
train_tamilmale_00415.wav,Tamil
train_tamilmale_00416.wav,Tamil
train_tamilmale_00417.wav,Tamil
train_tamilmale_00418.wav,Tamil
train_tamilmale_00419.wav,Tamil
train_tamilmale_00420.wav,Tamil
train_tamilmale_00421.wav,Tamil
train_tamilmale_00422.wav,Tamil
train_tamilmale_00423.wav,Tamil
train_tamilmale_00424.wav,Tamil
train_tamilmale_00425.wav,Tamil
train_tamilmale_00426.wav,Tamil
train_tamilmale_00427.wav,Tamil
train_tamilmale_00428.wav,Tamil
train_tamilmale_00429.wav,Tamil
train_tamilmale_00430.wav,Tamil
train_tamilmale_00431.wav,Tamil
train_tamilmale_00432.wav,Tamil
train_tamilmale_00433.wav,Tamil
train_tamilmale_00434.wav,Tamil
train_tamilmale_00435.wav,Tamil
train_tamilmale_00436.wav,Tamil
train_tamilmale_00437.wav,Tamil
train_tamilmale_00438.wav,Tamil
train_tamilmale_00439.wav,Tamil
train_tamilmale_00440.wav,Tamil
train_tamilmale_00441.wav,Tamil
train_tamilmale_00442.wav,Tamil
train_tamilmale_00443.wav,Tamil
train_tamilmale_00444.wav,Tamil
train_tamilmale_00445.wav,Tamil
train_tamilmale_00446.wav,Tamil
train_tamilmale_00447.wav,Tamil
train_tamilmale_00448.wav,Tamil
train_tamilmale_00449.wav,Tamil
train_tamilmale_00450.wav,Tamil
train_tamilmale_00451.wav,Tamil
train_tamilmale_00452.wav,Tamil
train_tamilmale_00453.wav,Tamil
train_tamilmale_00454.wav,Tamil
train_tamilmale_00455.wav,Tamil
train_tamilmale_00456.wav,Tamil
train_tamilmale_00457.wav,Tamil
train_tamilmale_00458.wav,Tamil
train_tamilmale_00459.wav,Tamil
train_tamilmale_00460.wav,Tamil
train_tamilmale_00461.wav,Tamil
train_tamilmale_00462.wav,Tamil
train_tamilmale_00463.wav,Tamil
train_tamilmale_00464.wav,Tamil
train_tamilmale_00465.wav,Tamil
train_tamilmale_00466.wav,Tamil
train_tamilmale_00467.wav,Tamil
train_tamilmale_00468.wav,Tamil
train_tamilmale_00469.wav,Tamil
train_tamilmale_00470.wav,Tamil
train_tamilmale_00471.wav,Tamil
train_tamilmale_00472.wav,Tamil
train_tamilmale_00473.wav,Tamil
train_tamilmale_00474.wav,Tamil
train_tamilmale_00475.wav,Tamil
train_tamilmale_00476.wav,Tamil
train_tamilmale_00477.wav,Tamil
train_tamilmale_00478.wav,Tamil
train_tamilmale_00479.wav,Tamil
train_tamilmale_00480.wav,Tamil
train_tamilmale_00481.wav,Tamil
train_tamilmale_00482.wav,Tamil
train_tamilmale_00483.wav,Tamil
train_tamilmale_00484.wav,Tamil
train_tamilmale_00485.wav,Tamil
train_tamilmale_00486.wav,Tamil
train_tamilmale_00487.wav,Tamil
train_tamilmale_00488.wav,Tamil
train_tamilmale_00489.wav,Tamil
train_tamilmale_00490.wav,Tamil
train_tamilmale_00491.wav,Tamil
train_tamilmale_00492.wav,Tamil
train_tamilmale_00493.wav,Tamil
train_tamilmale_00494.wav,Tamil
train_tamilmale_00495.wav,Tamil
train_tamilmale_00496.wav,Tamil
train_tamilmale_00497.wav,Tamil
train_tamilmale_00498.wav,Tamil
train_tamilmale_00499.wav,Tamil
train_tamilmale_00500.wav,Tamil
train_tamilmale_00501.wav,Tamil
train_tamilmale_00502.wav,Tamil
train_tamilmale_00503.wav,Tamil
train_tamilmale_00504.wav,Tamil
train_tamilmale_00505.wav,Tamil
train_tamilmale_00506.wav,Tamil
train_tamilmale_00507.wav,Tamil
train_tamilmale_00508.wav,Tamil
train_tamilmale_00509.wav,Tamil
train_tamilmale_00510.wav,Tamil
train_tamilmale_00511.wav,Tamil
train_tamilmale_00512.wav,Tamil
train_tamilmale_00513.wav,Tamil
train_tamilmale_00514.wav,Tamil
train_tamilmale_00515.wav,Tamil
train_tamilmale_00516.wav,Tamil
train_tamilmale_00517.wav,Tamil
train_tamilmale_00518.wav,Tamil
train_tamilmale_00519.wav,Tamil
train_tamilmale_00520.wav,Tamil
train_tamilmale_00521.wav,Tamil
train_tamilmale_00522.wav,Tamil
train_tamilmale_00523.wav,Tamil
train_tamilmale_00524.wav,Tamil
train_tamilmale_00525.wav,Tamil
train_tamilmale_00526.wav,Tamil
train_tamilmale_00527.wav,Tamil
train_tamilmale_00528.wav,Tamil
train_tamilmale_00529.wav,Tamil
train_tamilmale_00530.wav,Tamil
train_tamilmale_00531.wav,Tamil
train_tamilmale_00532.wav,Tamil
train_tamilmale_00533.wav,Tamil
train_tamilmale_00534.wav,Tamil
train_tamilmale_00535.wav,Tamil
train_tamilmale_00536.wav,Tamil
train_tamilmale_00537.wav,Tamil
train_tamilmale_00538.wav,Tamil
train_tamilmale_00539.wav,Tamil
train_tamilmale_00540.wav,Tamil
train_tamilmale_00541.wav,Tamil
train_tamilmale_00542.wav,Tamil
train_tamilmale_00543.wav,Tamil
train_tamilmale_00544.wav,Tamil
train_tamilmale_00545.wav,Tamil
train_tamilmale_00546.wav,Tamil
train_tamilmale_00547.wav,Tamil
train_tamilmale_00548.wav,Tamil
train_tamilmale_00549.wav,Tamil
train_tamilmale_00550.wav,Tamil
train_tamilmale_00551.wav,Tamil
train_tamilmale_00552.wav,Tamil
train_tamilmale_00553.wav,Tamil
train_tamilmale_00554.wav,Tamil
train_tamilmale_00555.wav,Tamil
train_tamilmale_00556.wav,Tamil
train_tamilmale_00557.wav,Tamil
train_tamilmale_00558.wav,Tamil
train_tamilmale_00559.wav,Tamil
train_tamilmale_00560.wav,Tamil
train_tamilmale_00561.wav,Tamil
train_tamilmale_00562.wav,Tamil
train_tamilmale_00563.wav,Tamil
train_tamilmale_00564.wav,Tamil
train_tamilmale_00565.wav,Tamil
train_tamilmale_00566.wav,Tamil
train_tamilmale_00567.wav,Tamil
train_tamilmale_00568.wav,Tamil
train_tamilmale_00569.wav,Tamil
train_tamilmale_00570.wav,Tamil
train_tamilmale_00571.wav,Tamil
train_tamilmale_00572.wav,Tamil
train_tamilmale_00573.wav,Tamil
train_tamilmale_00574.wav,Tamil
train_tamilmale_00575.wav,Tamil
train_tamilmale_00576.wav,Tamil
train_tamilmale_00577.wav,Tamil
train_tamilmale_00578.wav,Tamil
train_tamilmale_00579.wav,Tamil
train_tamilmale_00580.wav,Tamil
train_tamilmale_00581.wav,Tamil
train_tamilmale_00582.wav,Tamil
train_tamilmale_00583.wav,Tamil
train_tamilmale_00584.wav,Tamil
train_tamilmale_00585.wav,Tamil
train_tamilmale_00586.wav,Tamil
train_tamilmale_00587.wav,Tamil
train_tamilmale_00588.wav,Tamil
train_tamilmale_00589.wav,Tamil
train_tamilmale_00590.wav,Tamil
train_tamilmale_00591.wav,Tamil
train_tamilmale_00592.wav,Tamil
train_tamilmale_00593.wav,Tamil
train_tamilmale_00594.wav,Tamil
train_tamilmale_00595.wav,Tamil
train_tamilmale_00596.wav,Tamil
train_tamilmale_00597.wav,Tamil
train_tamilmale_00598.wav,Tamil
train_tamilmale_00599.wav,Tamil
train_tamilmale_00600.wav,Tamil
train_tamilmale_00601.wav,Tamil
train_tamilmale_00602.wav,Tamil
train_tamilmale_00603.wav,Tamil
train_tamilmale_00604.wav,Tamil
train_tamilmale_00605.wav,Tamil
train_tamilmale_00606.wav,Tamil
train_tamilmale_00607.wav,Tamil
train_tamilmale_00608.wav,Tamil
train_tamilmale_00609.wav,Tamil
train_tamilmale_00610.wav,Tamil
train_tamilmale_00611.wav,Tamil
train_tamilmale_00612.wav,Tamil
train_tamilmale_00613.wav,Tamil
train_tamilmale_00614.wav,Tamil
train_tamilmale_00615.wav,Tamil
train_tamilmale_00616.wav,Tamil
train_tamilmale_00617.wav,Tamil
train_tamilmale_00618.wav,Tamil
train_tamilmale_00619.wav,Tamil
train_tamilmale_00620.wav,Tamil
train_tamilmale_00621.wav,Tamil
train_tamilmale_00622.wav,Tamil
train_tamilmale_00623.wav,Tamil
train_tamilmale_00624.wav,Tamil
train_tamilmale_00625.wav,Tamil
train_tamilmale_00626.wav,Tamil
train_tamilmale_00627.wav,Tamil
train_tamilmale_00628.wav,Tamil
train_tamilmale_00629.wav,Tamil
train_tamilmale_00630.wav,Tamil
train_tamilmale_00631.wav,Tamil
train_tamilmale_00632.wav,Tamil
train_tamilmale_00633.wav,Tamil
train_tamilmale_00634.wav,Tamil
train_tamilmale_00635.wav,Tamil
train_tamilmale_00636.wav,Tamil
train_tamilmale_00637.wav,Tamil
train_tamilmale_00638.wav,Tamil
train_tamilmale_00639.wav,Tamil
train_tamilmale_00640.wav,Tamil
train_tamilmale_00641.wav,Tamil
train_tamilmale_00642.wav,Tamil
train_tamilmale_00643.wav,Tamil
train_tamilmale_00644.wav,Tamil
train_tamilmale_00645.wav,Tamil
train_tamilmale_00646.wav,Tamil
train_tamilmale_00647.wav,Tamil
train_tamilmale_00648.wav,Tamil
train_tamilmale_00649.wav,Tamil
train_tamilmale_00650.wav,Tamil
train_tamilmale_00651.wav,Tamil
train_tamilmale_00652.wav,Tamil
train_tamilmale_00653.wav,Tamil
train_tamilmale_00654.wav,Tamil
train_tamilmale_00655.wav,Tamil
train_tamilmale_00656.wav,Tamil
train_tamilmale_00657.wav,Tamil
train_tamilmale_00658.wav,Tamil
train_tamilmale_00659.wav,Tamil
train_tamilmale_00660.wav,Tamil
train_tamilmale_00661.wav,Tamil
train_tamilmale_00662.wav,Tamil
train_tamilmale_00663.wav,Tamil
train_tamilmale_00664.wav,Tamil
train_tamilmale_00665.wav,Tamil
train_tamilmale_00666.wav,Tamil
train_tamilmale_00667.wav,Tamil
train_tamilmale_00668.wav,Tamil
train_tamilmale_00669.wav,Tamil
train_tamilmale_00670.wav,Tamil
train_tamilmale_00671.wav,Tamil
train_tamilmale_00672.wav,Tamil
train_tamilmale_00673.wav,Tamil
train_tamilmale_00674.wav,Tamil
train_tamilmale_00675.wav,Tamil
train_tamilmale_00676.wav,Tamil
train_tamilmale_00677.wav,Tamil
train_tamilmale_00678.wav,Tamil
train_tamilmale_00679.wav,Tamil
train_tamilmale_00680.wav,Tamil
train_tamilmale_00681.wav,Tamil
train_tamilmale_00682.wav,Tamil
train_tamilmale_00683.wav,Tamil
train_tamilmale_00684.wav,Tamil
train_tamilmale_00685.wav,Tamil
train_tamilmale_00686.wav,Tamil
train_tamilmale_00687.wav,Tamil
train_tamilmale_00688.wav,Tamil
train_tamilmale_00689.wav,Tamil
train_tamilmale_00690.wav,Tamil
train_tamilmale_00691.wav,Tamil
train_tamilmale_00692.wav,Tamil
train_tamilmale_00693.wav,Tamil
train_tamilmale_00694.wav,Tamil
train_tamilmale_00695.wav,Tamil
train_tamilmale_00696.wav,Tamil
train_tamilmale_00697.wav,Tamil
train_tamilmale_00698.wav,Tamil
train_tamilmale_00699.wav,Tamil
train_tamilmale_00700.wav,Tamil
train_tamilmale_00701.wav,Tamil
train_tamilmale_00702.wav,Tamil
train_tamilmale_00703.wav,Tamil
train_tamilmale_00704.wav,Tamil
train_tamilmale_00705.wav,Tamil
train_tamilmale_00706.wav,Tamil
train_tamilmale_00707.wav,Tamil
train_tamilmale_00708.wav,Tamil
train_tamilmale_00709.wav,Tamil
train_tamilmale_00710.wav,Tamil
train_tamilmale_00711.wav,Tamil
train_tamilmale_00712.wav,Tamil
train_tamilmale_00713.wav,Tamil
train_tamilmale_00714.wav,Tamil
train_tamilmale_00715.wav,Tamil
train_tamilmale_00716.wav,Tamil
train_tamilmale_00717.wav,Tamil
train_tamilmale_00718.wav,Tamil
train_tamilmale_00719.wav,Tamil
train_tamilmale_00720.wav,Tamil
train_tamilmale_00721.wav,Tamil
train_tamilmale_00722.wav,Tamil
train_tamilmale_00723.wav,Tamil
train_tamilmale_00724.wav,Tamil
train_tamilmale_00725.wav,Tamil
train_tamilmale_00726.wav,Tamil
train_tamilmale_00727.wav,Tamil
train_tamilmale_00728.wav,Tamil
train_tamilmale_00729.wav,Tamil
train_tamilmale_00730.wav,Tamil
train_tamilmale_00731.wav,Tamil
train_tamilmale_00732.wav,Tamil
train_tamilmale_00733.wav,Tamil
train_tamilmale_00734.wav,Tamil
train_tamilmale_00735.wav,Tamil
train_tamilmale_00736.wav,Tamil
train_tamilmale_00737.wav,Tamil
train_tamilmale_00738.wav,Tamil
train_tamilmale_00739.wav,Tamil
train_tamilmale_00740.wav,Tamil
train_tamilmale_00741.wav,Tamil
train_tamilmale_00742.wav,Tamil
train_tamilmale_00743.wav,Tamil
train_tamilmale_00744.wav,Tamil
train_tamilmale_00745.wav,Tamil
train_tamilmale_00746.wav,Tamil
train_tamilmale_00747.wav,Tamil
train_tamilmale_00748.wav,Tamil
train_tamilmale_00749.wav,Tamil
train_tamilmale_00750.wav,Tamil
train_tamilmale_00751.wav,Tamil
train_tamilmale_00752.wav,Tamil
train_tamilmale_00753.wav,Tamil
train_tamilmale_00754.wav,Tamil
train_tamilmale_00755.wav,Tamil
train_tamilmale_00756.wav,Tamil
train_tamilmale_00757.wav,Tamil
train_tamilmale_00758.wav,Tamil
train_tamilmale_00759.wav,Tamil
train_tamilmale_00760.wav,Tamil
train_tamilmale_00761.wav,Tamil
train_tamilmale_00762.wav,Tamil
train_tamilmale_00763.wav,Tamil
train_tamilmale_00764.wav,Tamil
train_tamilmale_00765.wav,Tamil
train_tamilmale_00766.wav,Tamil
train_tamilmale_00767.wav,Tamil
train_tamilmale_00768.wav,Tamil
train_tamilmale_00769.wav,Tamil
train_tamilmale_00770.wav,Tamil
train_tamilmale_00771.wav,Tamil
train_tamilmale_00772.wav,Tamil
train_tamilmale_00773.wav,Tamil
train_tamilmale_00774.wav,Tamil
train_tamilmale_00775.wav,Tamil
train_tamilmale_00776.wav,Tamil
train_tamilmale_00777.wav,Tamil
train_tamilmale_00778.wav,Tamil
train_tamilmale_00779.wav,Tamil
train_tamilmale_00780.wav,Tamil
train_tamilmale_00781.wav,Tamil
train_tamilmale_00782.wav,Tamil
train_tamilmale_00783.wav,Tamil
train_tamilmale_00784.wav,Tamil
train_tamilmale_00785.wav,Tamil
train_tamilmale_00786.wav,Tamil
train_tamilmale_00787.wav,Tamil
train_tamilmale_00788.wav,Tamil
train_tamilmale_00789.wav,Tamil
train_tamilmale_00790.wav,Tamil
train_tamilmale_00791.wav,Tamil
train_tamilmale_00792.wav,Tamil
train_tamilmale_00793.wav,Tamil
train_tamilmale_00794.wav,Tamil
train_tamilmale_00795.wav,Tamil
train_tamilmale_00796.wav,Tamil
train_tamilmale_00797.wav,Tamil
train_tamilmale_00798.wav,Tamil
train_tamilmale_00799.wav,Tamil
train_tamilmale_00800.wav,Tamil
train_tamilmale_00801.wav,Tamil
train_tamilmale_00802.wav,Tamil
train_tamilmale_00803.wav,Tamil
train_tamilmale_00804.wav,Tamil
train_tamilmale_00805.wav,Tamil
train_tamilmale_00806.wav,Tamil
train_tamilmale_00807.wav,Tamil
train_tamilmale_00808.wav,Tamil
train_tamilmale_00809.wav,Tamil
train_tamilmale_00810.wav,Tamil
train_tamilmale_00811.wav,Tamil
train_tamilmale_00812.wav,Tamil
train_tamilmale_00813.wav,Tamil
train_tamilmale_00814.wav,Tamil
train_tamilmale_00815.wav,Tamil
train_tamilmale_00816.wav,Tamil
train_tamilmale_00817.wav,Tamil
train_tamilmale_00818.wav,Tamil
train_tamilmale_00819.wav,Tamil
train_tamilmale_00820.wav,Tamil
train_tamilmale_00821.wav,Tamil
train_tamilmale_00822.wav,Tamil
train_tamilmale_00823.wav,Tamil
train_tamilmale_00824.wav,Tamil
train_tamilmale_00825.wav,Tamil
train_tamilmale_00826.wav,Tamil
train_tamilmale_00827.wav,Tamil
train_tamilmale_00828.wav,Tamil
train_tamilmale_00829.wav,Tamil
train_tamilmale_00830.wav,Tamil
train_tamilmale_00831.wav,Tamil
train_tamilmale_00832.wav,Tamil
train_tamilmale_00833.wav,Tamil
train_tamilmale_00834.wav,Tamil
train_tamilmale_00835.wav,Tamil
train_tamilmale_00836.wav,Tamil
train_tamilmale_00837.wav,Tamil
train_tamilmale_00838.wav,Tamil
train_tamilmale_00839.wav,Tamil
train_tamilmale_00840.wav,Tamil
train_tamilmale_00841.wav,Tamil
train_tamilmale_00842.wav,Tamil
train_tamilmale_00843.wav,Tamil
train_tamilmale_00844.wav,Tamil
train_tamilmale_00845.wav,Tamil
train_tamilmale_00846.wav,Tamil
train_tamilmale_00847.wav,Tamil
train_tamilmale_00848.wav,Tamil
train_tamilmale_00849.wav,Tamil
train_tamilmale_00850.wav,Tamil
train_tamilmale_00851.wav,Tamil
train_tamilmale_00852.wav,Tamil
train_tamilmale_00853.wav,Tamil
train_tamilmale_00854.wav,Tamil
train_tamilmale_00855.wav,Tamil
train_tamilmale_00856.wav,Tamil
train_tamilmale_00857.wav,Tamil
train_tamilmale_00858.wav,Tamil
train_tamilmale_00859.wav,Tamil
train_tamilmale_00860.wav,Tamil
train_tamilmale_00861.wav,Tamil
train_tamilmale_00862.wav,Tamil
train_tamilmale_00863.wav,Tamil
train_tamilmale_00864.wav,Tamil
train_tamilmale_00865.wav,Tamil
train_tamilmale_00866.wav,Tamil
train_tamilmale_00867.wav,Tamil
train_tamilmale_00868.wav,Tamil
train_tamilmale_00869.wav,Tamil
train_tamilmale_00870.wav,Tamil
train_tamilmale_00871.wav,Tamil
train_tamilmale_00872.wav,Tamil
train_tamilmale_00873.wav,Tamil
train_tamilmale_00874.wav,Tamil
train_tamilmale_00875.wav,Tamil
train_tamilmale_00876.wav,Tamil
train_tamilmale_00877.wav,Tamil
train_tamilmale_00878.wav,Tamil
train_tamilmale_00879.wav,Tamil
train_tamilmale_00880.wav,Tamil
train_tamilmale_00881.wav,Tamil
train_tamilmale_00882.wav,Tamil
train_tamilmale_00883.wav,Tamil
train_tamilmale_00884.wav,Tamil
train_tamilmale_00885.wav,Tamil
train_tamilmale_00886.wav,Tamil
train_tamilmale_00887.wav,Tamil
train_tamilmale_00888.wav,Tamil
train_tamilmale_00889.wav,Tamil
train_tamilmale_00890.wav,Tamil
train_tamilmale_00891.wav,Tamil
train_tamilmale_00892.wav,Tamil
train_tamilmale_00893.wav,Tamil
train_tamilmale_00894.wav,Tamil
train_tamilmale_00895.wav,Tamil
train_tamilmale_00896.wav,Tamil
train_tamilmale_00897.wav,Tamil
train_tamilmale_00898.wav,Tamil
train_tamilmale_00899.wav,Tamil
train_tamilmale_00900.wav,Tamil
train_tamilmale_00901.wav,Tamil
train_tamilmale_00902.wav,Tamil
train_tamilmale_00903.wav,Tamil
train_tamilmale_00904.wav,Tamil
train_tamilmale_00905.wav,Tamil
train_tamilmale_00906.wav,Tamil
train_tamilmale_00907.wav,Tamil
train_tamilmale_00908.wav,Tamil
train_tamilmale_00909.wav,Tamil
train_tamilmale_00910.wav,Tamil
train_tamilmale_00911.wav,Tamil
train_tamilmale_00912.wav,Tamil
train_tamilmale_00913.wav,Tamil
train_tamilmale_00914.wav,Tamil
train_tamilmale_00915.wav,Tamil
train_tamilmale_00916.wav,Tamil
train_tamilmale_00917.wav,Tamil
train_tamilmale_00918.wav,Tamil
train_tamilmale_00919.wav,Tamil
train_tamilmale_00920.wav,Tamil
train_tamilmale_00921.wav,Tamil
train_tamilmale_00922.wav,Tamil
train_tamilmale_00923.wav,Tamil
train_tamilmale_00924.wav,Tamil
train_tamilmale_00925.wav,Tamil
train_tamilmale_00926.wav,Tamil
train_tamilmale_00927.wav,Tamil
train_tamilmale_00928.wav,Tamil
train_tamilmale_00929.wav,Tamil
train_tamilmale_00930.wav,Tamil
train_tamilmale_00931.wav,Tamil
train_tamilmale_00932.wav,Tamil
train_tamilmale_00933.wav,Tamil
train_tamilmale_00934.wav,Tamil
train_tamilmale_00935.wav,Tamil
train_tamilmale_00936.wav,Tamil
train_tamilmale_00937.wav,Tamil
train_tamilmale_00938.wav,Tamil
train_tamilmale_00939.wav,Tamil
train_tamilmale_00940.wav,Tamil
train_tamilmale_00941.wav,Tamil
train_tamilmale_00942.wav,Tamil
train_tamilmale_00943.wav,Tamil
train_tamilmale_00944.wav,Tamil
train_tamilmale_00945.wav,Tamil
train_tamilmale_00946.wav,Tamil
train_tamilmale_00947.wav,Tamil
train_tamilmale_00948.wav,Tamil
train_tamilmale_00949.wav,Tamil
train_tamilmale_00950.wav,Tamil
train_tamilmale_00951.wav,Tamil
train_tamilmale_00952.wav,Tamil
train_tamilmale_00953.wav,Tamil
train_tamilmale_00954.wav,Tamil
train_tamilmale_00955.wav,Tamil
train_tamilmale_00956.wav,Tamil
train_tamilmale_00957.wav,Tamil
train_tamilmale_00958.wav,Tamil
train_tamilmale_00959.wav,Tamil
train_tamilmale_00960.wav,Tamil
train_tamilmale_00961.wav,Tamil
train_tamilmale_00962.wav,Tamil
train_tamilmale_00963.wav,Tamil
train_tamilmale_00964.wav,Tamil
train_tamilmale_00965.wav,Tamil
train_tamilmale_00966.wav,Tamil
train_tamilmale_00967.wav,Tamil
train_tamilmale_00968.wav,Tamil
train_tamilmale_00969.wav,Tamil
train_tamilmale_00970.wav,Tamil
train_tamilmale_00971.wav,Tamil
train_tamilmale_00972.wav,Tamil
train_tamilmale_00973.wav,Tamil
train_tamilmale_00974.wav,Tamil
train_tamilmale_00975.wav,Tamil
train_tamilmale_00976.wav,Tamil
train_tamilmale_00977.wav,Tamil
train_tamilmale_00978.wav,Tamil
train_tamilmale_00979.wav,Tamil
train_tamilmale_00980.wav,Tamil
train_tamilmale_00981.wav,Tamil
train_tamilmale_00982.wav,Tamil
train_tamilmale_00983.wav,Tamil
train_tamilmale_00984.wav,Tamil
train_tamilmale_00985.wav,Tamil
train_tamilmale_00986.wav,Tamil
train_tamilmale_00987.wav,Tamil
train_tamilmale_00988.wav,Tamil
train_tamilmale_00989.wav,Tamil
train_tamilmale_00990.wav,Tamil
train_tamilmale_00991.wav,Tamil
train_tamilmale_00992.wav,Tamil
train_tamilmale_00993.wav,Tamil
train_tamilmale_00994.wav,Tamil
train_tamilmale_00995.wav,Tamil
train_tamilmale_00996.wav,Tamil
train_tamilmale_00997.wav,Tamil
train_tamilmale_00998.wav,Tamil
train_tamilmale_00999.wav,Tamil
train_tamilmale_01000.wav,Tamil
train_telugufemale_00001.wav,Telugu
train_telugufemale_00002.wav,Telugu
train_telugufemale_00003.wav,Telugu
train_telugufemale_00004.wav,Telugu
train_telugufemale_00005.wav,Telugu
train_telugufemale_00006.wav,Telugu
train_telugufemale_00007.wav,Telugu
train_telugufemale_00008.wav,Telugu
train_telugufemale_00009.wav,Telugu
train_telugufemale_00010.wav,Telugu
train_telugufemale_00011.wav,Telugu
train_telugufemale_00012.wav,Telugu
train_telugufemale_00013.wav,Telugu
train_telugufemale_00014.wav,Telugu
train_telugufemale_00015.wav,Telugu
train_telugufemale_00016.wav,Telugu
train_telugufemale_00017.wav,Telugu
train_telugufemale_00018.wav,Telugu
train_telugufemale_00019.wav,Telugu
train_telugufemale_00020.wav,Telugu
train_telugufemale_00021.wav,Telugu
train_telugufemale_00022.wav,Telugu
train_telugufemale_00023.wav,Telugu
train_telugufemale_00024.wav,Telugu
train_telugufemale_00025.wav,Telugu
train_telugufemale_00026.wav,Telugu
train_telugufemale_00027.wav,Telugu
train_telugufemale_00028.wav,Telugu
train_telugufemale_00029.wav,Telugu
train_telugufemale_00030.wav,Telugu
train_telugufemale_00031.wav,Telugu
train_telugufemale_00032.wav,Telugu
train_telugufemale_00033.wav,Telugu
train_telugufemale_00034.wav,Telugu
train_telugufemale_00035.wav,Telugu
train_telugufemale_00036.wav,Telugu
train_telugufemale_00037.wav,Telugu
train_telugufemale_00038.wav,Telugu
train_telugufemale_00039.wav,Telugu
train_telugufemale_00040.wav,Telugu
train_telugufemale_00041.wav,Telugu
train_telugufemale_00042.wav,Telugu
train_telugufemale_00043.wav,Telugu
train_telugufemale_00044.wav,Telugu
train_telugufemale_00045.wav,Telugu
train_telugufemale_00046.wav,Telugu
train_telugufemale_00047.wav,Telugu
train_telugufemale_00048.wav,Telugu
train_telugufemale_00049.wav,Telugu
train_telugufemale_00050.wav,Telugu
train_telugufemale_00051.wav,Telugu
train_telugufemale_00052.wav,Telugu
train_telugufemale_00053.wav,Telugu
train_telugufemale_00054.wav,Telugu
train_telugufemale_00055.wav,Telugu
train_telugufemale_00056.wav,Telugu
train_telugufemale_00057.wav,Telugu
train_telugufemale_00058.wav,Telugu
train_telugufemale_00059.wav,Telugu
train_telugufemale_00060.wav,Telugu
train_telugufemale_00061.wav,Telugu
train_telugufemale_00062.wav,Telugu
train_telugufemale_00063.wav,Telugu
train_telugufemale_00064.wav,Telugu
train_telugufemale_00065.wav,Telugu
train_telugufemale_00066.wav,Telugu
train_telugufemale_00067.wav,Telugu
train_telugufemale_00068.wav,Telugu
train_telugufemale_00069.wav,Telugu
train_telugufemale_00070.wav,Telugu
train_telugufemale_00071.wav,Telugu
train_telugufemale_00072.wav,Telugu
train_telugufemale_00073.wav,Telugu
train_telugufemale_00074.wav,Telugu
train_telugufemale_00075.wav,Telugu
train_telugufemale_00076.wav,Telugu
train_telugufemale_00077.wav,Telugu
train_telugufemale_00078.wav,Telugu
train_telugufemale_00079.wav,Telugu
train_telugufemale_00080.wav,Telugu
train_telugufemale_00081.wav,Telugu
train_telugufemale_00082.wav,Telugu
train_telugufemale_00083.wav,Telugu
train_telugufemale_00084.wav,Telugu
train_telugufemale_00085.wav,Telugu
train_telugufemale_00086.wav,Telugu
train_telugufemale_00087.wav,Telugu
train_telugufemale_00088.wav,Telugu
train_telugufemale_00089.wav,Telugu
train_telugufemale_00090.wav,Telugu
train_telugufemale_00091.wav,Telugu
train_telugufemale_00092.wav,Telugu
train_telugufemale_00093.wav,Telugu
train_telugufemale_00094.wav,Telugu
train_telugufemale_00095.wav,Telugu
train_telugufemale_00096.wav,Telugu
train_telugufemale_00097.wav,Telugu
train_telugufemale_00098.wav,Telugu
train_telugufemale_00099.wav,Telugu
train_telugufemale_00100.wav,Telugu
train_telugufemale_00101.wav,Telugu
train_telugufemale_00102.wav,Telugu
train_telugufemale_00103.wav,Telugu
train_telugufemale_00104.wav,Telugu
train_telugufemale_00105.wav,Telugu
train_telugufemale_00106.wav,Telugu
train_telugufemale_00107.wav,Telugu
train_telugufemale_00108.wav,Telugu
train_telugufemale_00109.wav,Telugu
train_telugufemale_00110.wav,Telugu
train_telugufemale_00111.wav,Telugu
train_telugufemale_00112.wav,Telugu
train_telugufemale_00113.wav,Telugu
train_telugufemale_00114.wav,Telugu
train_telugufemale_00115.wav,Telugu
train_telugufemale_00116.wav,Telugu
train_telugufemale_00117.wav,Telugu
train_telugufemale_00118.wav,Telugu
train_telugufemale_00119.wav,Telugu
train_telugufemale_00120.wav,Telugu
train_telugufemale_00121.wav,Telugu
train_telugufemale_00122.wav,Telugu
train_telugufemale_00123.wav,Telugu
train_telugufemale_00124.wav,Telugu
train_telugufemale_00125.wav,Telugu
train_telugufemale_00126.wav,Telugu
train_telugufemale_00127.wav,Telugu
train_telugufemale_00128.wav,Telugu
train_telugufemale_00129.wav,Telugu
train_telugufemale_00130.wav,Telugu
train_telugufemale_00131.wav,Telugu
train_telugufemale_00132.wav,Telugu
train_telugufemale_00133.wav,Telugu
train_telugufemale_00134.wav,Telugu
train_telugufemale_00135.wav,Telugu
train_telugufemale_00136.wav,Telugu
train_telugufemale_00137.wav,Telugu
train_telugufemale_00138.wav,Telugu
train_telugufemale_00139.wav,Telugu
train_telugufemale_00140.wav,Telugu
train_telugufemale_00141.wav,Telugu
train_telugufemale_00142.wav,Telugu
train_telugufemale_00143.wav,Telugu
train_telugufemale_00144.wav,Telugu
train_telugufemale_00145.wav,Telugu
train_telugufemale_00146.wav,Telugu
train_telugufemale_00147.wav,Telugu
train_telugufemale_00148.wav,Telugu
train_telugufemale_00149.wav,Telugu
train_telugufemale_00150.wav,Telugu
train_telugufemale_00151.wav,Telugu
train_telugufemale_00152.wav,Telugu
train_telugufemale_00153.wav,Telugu
train_telugufemale_00154.wav,Telugu
train_telugufemale_00155.wav,Telugu
train_telugufemale_00156.wav,Telugu
train_telugufemale_00157.wav,Telugu
train_telugufemale_00158.wav,Telugu
train_telugufemale_00159.wav,Telugu
train_telugufemale_00160.wav,Telugu
train_telugufemale_00161.wav,Telugu
train_telugufemale_00162.wav,Telugu
train_telugufemale_00163.wav,Telugu
train_telugufemale_00164.wav,Telugu
train_telugufemale_00165.wav,Telugu
train_telugufemale_00166.wav,Telugu
train_telugufemale_00167.wav,Telugu
train_telugufemale_00168.wav,Telugu
train_telugufemale_00169.wav,Telugu
train_telugufemale_00170.wav,Telugu
train_telugufemale_00171.wav,Telugu
train_telugufemale_00172.wav,Telugu
train_telugufemale_00173.wav,Telugu
train_telugufemale_00174.wav,Telugu
train_telugufemale_00175.wav,Telugu
train_telugufemale_00176.wav,Telugu
train_telugufemale_00177.wav,Telugu
train_telugufemale_00178.wav,Telugu
train_telugufemale_00179.wav,Telugu
train_telugufemale_00180.wav,Telugu
train_telugufemale_00181.wav,Telugu
train_telugufemale_00182.wav,Telugu
train_telugufemale_00183.wav,Telugu
train_telugufemale_00184.wav,Telugu
train_telugufemale_00185.wav,Telugu
train_telugufemale_00186.wav,Telugu
train_telugufemale_00187.wav,Telugu
train_telugufemale_00188.wav,Telugu
train_telugufemale_00189.wav,Telugu
train_telugufemale_00190.wav,Telugu
train_telugufemale_00191.wav,Telugu
train_telugufemale_00192.wav,Telugu
train_telugufemale_00193.wav,Telugu
train_telugufemale_00194.wav,Telugu
train_telugufemale_00195.wav,Telugu
train_telugufemale_00196.wav,Telugu
train_telugufemale_00197.wav,Telugu
train_telugufemale_00198.wav,Telugu
train_telugufemale_00199.wav,Telugu
train_telugufemale_00200.wav,Telugu
train_telugufemale_00201.wav,Telugu
train_telugufemale_00202.wav,Telugu
train_telugufemale_00203.wav,Telugu
train_telugufemale_00204.wav,Telugu
train_telugufemale_00205.wav,Telugu
train_telugufemale_00206.wav,Telugu
train_telugufemale_00207.wav,Telugu
train_telugufemale_00208.wav,Telugu
train_telugufemale_00209.wav,Telugu
train_telugufemale_00210.wav,Telugu
train_telugufemale_00211.wav,Telugu
train_telugufemale_00212.wav,Telugu
train_telugufemale_00213.wav,Telugu
train_telugufemale_00214.wav,Telugu
train_telugufemale_00215.wav,Telugu
train_telugufemale_00216.wav,Telugu
train_telugufemale_00217.wav,Telugu
train_telugufemale_00218.wav,Telugu
train_telugufemale_00219.wav,Telugu
train_telugufemale_00220.wav,Telugu
train_telugufemale_00221.wav,Telugu
train_telugufemale_00222.wav,Telugu
train_telugufemale_00223.wav,Telugu
train_telugufemale_00224.wav,Telugu
train_telugufemale_00225.wav,Telugu
train_telugufemale_00226.wav,Telugu
train_telugufemale_00227.wav,Telugu
train_telugufemale_00228.wav,Telugu
train_telugufemale_00229.wav,Telugu
train_telugufemale_00230.wav,Telugu
train_telugufemale_00231.wav,Telugu
train_telugufemale_00232.wav,Telugu
train_telugufemale_00233.wav,Telugu
train_telugufemale_00234.wav,Telugu
train_telugufemale_00235.wav,Telugu
train_telugufemale_00236.wav,Telugu
train_telugufemale_00237.wav,Telugu
train_telugufemale_00238.wav,Telugu
train_telugufemale_00239.wav,Telugu
train_telugufemale_00240.wav,Telugu
train_telugufemale_00241.wav,Telugu
train_telugufemale_00242.wav,Telugu
train_telugufemale_00243.wav,Telugu
train_telugufemale_00244.wav,Telugu
train_telugufemale_00245.wav,Telugu
train_telugufemale_00246.wav,Telugu
train_telugufemale_00247.wav,Telugu
train_telugufemale_00248.wav,Telugu
train_telugufemale_00249.wav,Telugu
train_telugufemale_00250.wav,Telugu
train_telugufemale_00251.wav,Telugu
train_telugufemale_00252.wav,Telugu
train_telugufemale_00253.wav,Telugu
train_telugufemale_00254.wav,Telugu
train_telugufemale_00255.wav,Telugu
train_telugufemale_00256.wav,Telugu
train_telugufemale_00257.wav,Telugu
train_telugufemale_00258.wav,Telugu
train_telugufemale_00259.wav,Telugu
train_telugufemale_00260.wav,Telugu
train_telugufemale_00261.wav,Telugu
train_telugufemale_00262.wav,Telugu
train_telugufemale_00263.wav,Telugu
train_telugufemale_00264.wav,Telugu
train_telugufemale_00265.wav,Telugu
train_telugufemale_00266.wav,Telugu
train_telugufemale_00267.wav,Telugu
train_telugufemale_00268.wav,Telugu
train_telugufemale_00269.wav,Telugu
train_telugufemale_00270.wav,Telugu
train_telugufemale_00271.wav,Telugu
train_telugufemale_00272.wav,Telugu
train_telugufemale_00273.wav,Telugu
train_telugufemale_00274.wav,Telugu
train_telugufemale_00275.wav,Telugu
train_telugufemale_00276.wav,Telugu
train_telugufemale_00277.wav,Telugu
train_telugufemale_00278.wav,Telugu
train_telugufemale_00279.wav,Telugu
train_telugufemale_00280.wav,Telugu
train_telugufemale_00281.wav,Telugu
train_telugufemale_00282.wav,Telugu
train_telugufemale_00283.wav,Telugu
train_telugufemale_00284.wav,Telugu
train_telugufemale_00285.wav,Telugu
train_telugufemale_00286.wav,Telugu
train_telugufemale_00287.wav,Telugu
train_telugufemale_00288.wav,Telugu
train_telugufemale_00289.wav,Telugu
train_telugufemale_00290.wav,Telugu
train_telugufemale_00291.wav,Telugu
train_telugufemale_00292.wav,Telugu
train_telugufemale_00293.wav,Telugu
train_telugufemale_00294.wav,Telugu
train_telugufemale_00295.wav,Telugu
train_telugufemale_00296.wav,Telugu
train_telugufemale_00297.wav,Telugu
train_telugufemale_00298.wav,Telugu
train_telugufemale_00299.wav,Telugu
train_telugufemale_00300.wav,Telugu
train_telugufemale_00301.wav,Telugu
train_telugufemale_00302.wav,Telugu
train_telugufemale_00303.wav,Telugu
train_telugufemale_00304.wav,Telugu
train_telugufemale_00305.wav,Telugu
train_telugufemale_00306.wav,Telugu
train_telugufemale_00307.wav,Telugu
train_telugufemale_00308.wav,Telugu
train_telugufemale_00309.wav,Telugu
train_telugufemale_00310.wav,Telugu
train_telugufemale_00311.wav,Telugu
train_telugufemale_00312.wav,Telugu
train_telugufemale_00313.wav,Telugu
train_telugufemale_00314.wav,Telugu
train_telugufemale_00315.wav,Telugu
train_telugufemale_00316.wav,Telugu
train_telugufemale_00317.wav,Telugu
train_telugufemale_00318.wav,Telugu
train_telugufemale_00319.wav,Telugu
train_telugufemale_00320.wav,Telugu
train_telugufemale_00321.wav,Telugu
train_telugufemale_00322.wav,Telugu
train_telugufemale_00323.wav,Telugu
train_telugufemale_00324.wav,Telugu
train_telugufemale_00325.wav,Telugu
train_telugufemale_00326.wav,Telugu
train_telugufemale_00327.wav,Telugu
train_telugufemale_00328.wav,Telugu
train_telugufemale_00329.wav,Telugu
train_telugufemale_00330.wav,Telugu
train_telugufemale_00331.wav,Telugu
train_telugufemale_00332.wav,Telugu
train_telugufemale_00333.wav,Telugu
train_telugufemale_00334.wav,Telugu
train_telugufemale_00335.wav,Telugu
train_telugufemale_00336.wav,Telugu
train_telugufemale_00337.wav,Telugu
train_telugufemale_00338.wav,Telugu
train_telugufemale_00339.wav,Telugu
train_telugufemale_00340.wav,Telugu
train_telugufemale_00341.wav,Telugu
train_telugufemale_00342.wav,Telugu
train_telugufemale_00343.wav,Telugu
train_telugufemale_00344.wav,Telugu
train_telugufemale_00345.wav,Telugu
train_telugufemale_00346.wav,Telugu
train_telugufemale_00347.wav,Telugu
train_telugufemale_00348.wav,Telugu
train_telugufemale_00349.wav,Telugu
train_telugufemale_00350.wav,Telugu
train_telugufemale_00351.wav,Telugu
train_telugufemale_00352.wav,Telugu
train_telugufemale_00353.wav,Telugu
train_telugufemale_00354.wav,Telugu
train_telugufemale_00355.wav,Telugu
train_telugufemale_00356.wav,Telugu
train_telugufemale_00357.wav,Telugu
train_telugufemale_00358.wav,Telugu
train_telugufemale_00359.wav,Telugu
train_telugufemale_00360.wav,Telugu
train_telugufemale_00361.wav,Telugu
train_telugufemale_00362.wav,Telugu
train_telugufemale_00363.wav,Telugu
train_telugufemale_00364.wav,Telugu
train_telugufemale_00365.wav,Telugu
train_telugufemale_00366.wav,Telugu
train_telugufemale_00367.wav,Telugu
train_telugufemale_00368.wav,Telugu
train_telugufemale_00369.wav,Telugu
train_telugufemale_00370.wav,Telugu
train_telugufemale_00371.wav,Telugu
train_telugufemale_00372.wav,Telugu
train_telugufemale_00373.wav,Telugu
train_telugufemale_00374.wav,Telugu
train_telugufemale_00375.wav,Telugu
train_telugufemale_00376.wav,Telugu
train_telugufemale_00377.wav,Telugu
train_telugufemale_00378.wav,Telugu
train_telugufemale_00379.wav,Telugu
train_telugufemale_00380.wav,Telugu
train_telugufemale_00381.wav,Telugu
train_telugufemale_00382.wav,Telugu
train_telugufemale_00383.wav,Telugu
train_telugufemale_00384.wav,Telugu
train_telugufemale_00385.wav,Telugu
train_telugufemale_00386.wav,Telugu
train_telugufemale_00387.wav,Telugu
train_telugufemale_00388.wav,Telugu
train_telugufemale_00389.wav,Telugu
train_telugufemale_00390.wav,Telugu
train_telugufemale_00391.wav,Telugu
train_telugufemale_00392.wav,Telugu
train_telugufemale_00393.wav,Telugu
train_telugufemale_00394.wav,Telugu
train_telugufemale_00395.wav,Telugu
train_telugufemale_00396.wav,Telugu
train_telugufemale_00397.wav,Telugu
train_telugufemale_00398.wav,Telugu
train_telugufemale_00399.wav,Telugu
train_telugufemale_00400.wav,Telugu
train_telugufemale_00401.wav,Telugu
train_telugufemale_00402.wav,Telugu
train_telugufemale_00403.wav,Telugu
train_telugufemale_00404.wav,Telugu
train_telugufemale_00405.wav,Telugu
train_telugufemale_00406.wav,Telugu
train_telugufemale_00407.wav,Telugu
train_telugufemale_00408.wav,Telugu
train_telugufemale_00409.wav,Telugu
train_telugufemale_00410.wav,Telugu
train_telugufemale_00411.wav,Telugu
train_telugufemale_00412.wav,Telugu
train_telugufemale_00413.wav,Telugu
train_telugufemale_00414.wav,Telugu
train_telugufemale_00415.wav,Telugu
train_telugufemale_00416.wav,Telugu
train_telugufemale_00417.wav,Telugu
train_telugufemale_00418.wav,Telugu
train_telugufemale_00419.wav,Telugu
train_telugufemale_00420.wav,Telugu
train_telugufemale_00421.wav,Telugu
train_telugufemale_00422.wav,Telugu
train_telugufemale_00423.wav,Telugu
train_telugufemale_00424.wav,Telugu
train_telugufemale_00425.wav,Telugu
train_telugufemale_00426.wav,Telugu
train_telugufemale_00427.wav,Telugu
train_telugufemale_00428.wav,Telugu
train_telugufemale_00429.wav,Telugu
train_telugufemale_00430.wav,Telugu
train_telugufemale_00431.wav,Telugu
train_telugufemale_00432.wav,Telugu
train_telugufemale_00433.wav,Telugu
train_telugufemale_00434.wav,Telugu
train_telugufemale_00435.wav,Telugu
train_telugufemale_00436.wav,Telugu
train_telugufemale_00437.wav,Telugu
train_telugufemale_00438.wav,Telugu
train_telugufemale_00439.wav,Telugu
train_telugufemale_00440.wav,Telugu
train_telugufemale_00441.wav,Telugu
train_telugufemale_00442.wav,Telugu
train_telugufemale_00443.wav,Telugu
train_telugufemale_00444.wav,Telugu
train_telugufemale_00445.wav,Telugu
train_telugufemale_00446.wav,Telugu
train_telugufemale_00447.wav,Telugu
train_telugufemale_00448.wav,Telugu
train_telugufemale_00449.wav,Telugu
train_telugufemale_00450.wav,Telugu
train_telugufemale_00451.wav,Telugu
train_telugufemale_00452.wav,Telugu
train_telugufemale_00453.wav,Telugu
train_telugufemale_00454.wav,Telugu
train_telugufemale_00455.wav,Telugu
train_telugufemale_00456.wav,Telugu
train_telugufemale_00457.wav,Telugu
train_telugufemale_00458.wav,Telugu
train_telugufemale_00459.wav,Telugu
train_telugufemale_00460.wav,Telugu
train_telugufemale_00461.wav,Telugu
train_telugufemale_00462.wav,Telugu
train_telugufemale_00463.wav,Telugu
train_telugufemale_00464.wav,Telugu
train_telugufemale_00465.wav,Telugu
train_telugufemale_00466.wav,Telugu
train_telugufemale_00467.wav,Telugu
train_telugufemale_00468.wav,Telugu
train_telugufemale_00469.wav,Telugu
train_telugufemale_00470.wav,Telugu
train_telugufemale_00471.wav,Telugu
train_telugufemale_00472.wav,Telugu
train_telugufemale_00473.wav,Telugu
train_telugufemale_00474.wav,Telugu
train_telugufemale_00475.wav,Telugu
train_telugufemale_00476.wav,Telugu
train_telugufemale_00477.wav,Telugu
train_telugufemale_00478.wav,Telugu
train_telugufemale_00479.wav,Telugu
train_telugufemale_00480.wav,Telugu
train_telugufemale_00481.wav,Telugu
train_telugufemale_00482.wav,Telugu
train_telugufemale_00483.wav,Telugu
train_telugufemale_00484.wav,Telugu
train_telugufemale_00485.wav,Telugu
train_telugufemale_00486.wav,Telugu
train_telugufemale_00487.wav,Telugu
train_telugufemale_00488.wav,Telugu
train_telugufemale_00489.wav,Telugu
train_telugufemale_00490.wav,Telugu
train_telugufemale_00491.wav,Telugu
train_telugufemale_00492.wav,Telugu
train_telugufemale_00493.wav,Telugu
train_telugufemale_00494.wav,Telugu
train_telugufemale_00495.wav,Telugu
train_telugufemale_00496.wav,Telugu
train_telugufemale_00497.wav,Telugu
train_telugufemale_00498.wav,Telugu
train_telugufemale_00499.wav,Telugu
train_telugufemale_00500.wav,Telugu
train_telugufemale_00501.wav,Telugu
train_telugufemale_00502.wav,Telugu
train_telugufemale_00503.wav,Telugu
train_telugufemale_00504.wav,Telugu
train_telugufemale_00505.wav,Telugu
train_telugufemale_00506.wav,Telugu
train_telugufemale_00507.wav,Telugu
train_telugufemale_00508.wav,Telugu
train_telugufemale_00509.wav,Telugu
train_telugufemale_00510.wav,Telugu
train_telugufemale_00511.wav,Telugu
train_telugufemale_00512.wav,Telugu
train_telugufemale_00513.wav,Telugu
train_telugufemale_00514.wav,Telugu
train_telugufemale_00515.wav,Telugu
train_telugufemale_00516.wav,Telugu
train_telugufemale_00517.wav,Telugu
train_telugufemale_00518.wav,Telugu
train_telugufemale_00519.wav,Telugu
train_telugufemale_00520.wav,Telugu
train_telugufemale_00521.wav,Telugu
train_telugufemale_00522.wav,Telugu
train_telugufemale_00523.wav,Telugu
train_telugufemale_00524.wav,Telugu
train_telugufemale_00525.wav,Telugu
train_telugufemale_00526.wav,Telugu
train_telugufemale_00527.wav,Telugu
train_telugufemale_00528.wav,Telugu
train_telugufemale_00529.wav,Telugu
train_telugufemale_00530.wav,Telugu
train_telugufemale_00531.wav,Telugu
train_telugufemale_00532.wav,Telugu
train_telugufemale_00533.wav,Telugu
train_telugufemale_00534.wav,Telugu
train_telugufemale_00535.wav,Telugu
train_telugufemale_00536.wav,Telugu
train_telugufemale_00537.wav,Telugu
train_telugufemale_00538.wav,Telugu
train_telugufemale_00539.wav,Telugu
train_telugufemale_00540.wav,Telugu
train_telugufemale_00541.wav,Telugu
train_telugufemale_00542.wav,Telugu
train_telugufemale_00543.wav,Telugu
train_telugufemale_00544.wav,Telugu
train_telugufemale_00545.wav,Telugu
train_telugufemale_00546.wav,Telugu
train_telugufemale_00547.wav,Telugu
train_telugufemale_00548.wav,Telugu
train_telugufemale_00549.wav,Telugu
train_telugufemale_00550.wav,Telugu
train_telugufemale_00551.wav,Telugu
train_telugufemale_00552.wav,Telugu
train_telugufemale_00553.wav,Telugu
train_telugufemale_00554.wav,Telugu
train_telugufemale_00555.wav,Telugu
train_telugufemale_00556.wav,Telugu
train_telugufemale_00557.wav,Telugu
train_telugufemale_00558.wav,Telugu
train_telugufemale_00559.wav,Telugu
train_telugufemale_00560.wav,Telugu
train_telugufemale_00561.wav,Telugu
train_telugufemale_00562.wav,Telugu
train_telugufemale_00563.wav,Telugu
train_telugufemale_00564.wav,Telugu
train_telugufemale_00565.wav,Telugu
train_telugufemale_00566.wav,Telugu
train_telugufemale_00567.wav,Telugu
train_telugufemale_00568.wav,Telugu
train_telugufemale_00569.wav,Telugu
train_telugufemale_00570.wav,Telugu
train_telugufemale_00571.wav,Telugu
train_telugufemale_00572.wav,Telugu
train_telugufemale_00573.wav,Telugu
train_telugufemale_00574.wav,Telugu
train_telugufemale_00575.wav,Telugu
train_telugufemale_00576.wav,Telugu
train_telugufemale_00577.wav,Telugu
train_telugufemale_00578.wav,Telugu
train_telugufemale_00579.wav,Telugu
train_telugufemale_00580.wav,Telugu
train_telugufemale_00581.wav,Telugu
train_telugufemale_00582.wav,Telugu
train_telugufemale_00583.wav,Telugu
train_telugufemale_00584.wav,Telugu
train_telugufemale_00585.wav,Telugu
train_telugufemale_00586.wav,Telugu
train_telugufemale_00587.wav,Telugu
train_telugufemale_00588.wav,Telugu
train_telugufemale_00589.wav,Telugu
train_telugufemale_00590.wav,Telugu
train_telugufemale_00591.wav,Telugu
train_telugufemale_00592.wav,Telugu
train_telugufemale_00593.wav,Telugu
train_telugufemale_00594.wav,Telugu
train_telugufemale_00595.wav,Telugu
train_telugufemale_00596.wav,Telugu
train_telugufemale_00597.wav,Telugu
train_telugufemale_00598.wav,Telugu
train_telugufemale_00599.wav,Telugu
train_telugufemale_00600.wav,Telugu
train_telugufemale_00601.wav,Telugu
train_telugufemale_00602.wav,Telugu
train_telugufemale_00603.wav,Telugu
train_telugufemale_00604.wav,Telugu
train_telugufemale_00605.wav,Telugu
train_telugufemale_00606.wav,Telugu
train_telugufemale_00607.wav,Telugu
train_telugufemale_00608.wav,Telugu
train_telugufemale_00609.wav,Telugu
train_telugufemale_00610.wav,Telugu
train_telugufemale_00611.wav,Telugu
train_telugufemale_00612.wav,Telugu
train_telugufemale_00613.wav,Telugu
train_telugufemale_00614.wav,Telugu
train_telugufemale_00615.wav,Telugu
train_telugufemale_00616.wav,Telugu
train_telugufemale_00617.wav,Telugu
train_telugufemale_00618.wav,Telugu
train_telugufemale_00619.wav,Telugu
train_telugufemale_00620.wav,Telugu
train_telugufemale_00621.wav,Telugu
train_telugufemale_00622.wav,Telugu
train_telugufemale_00623.wav,Telugu
train_telugufemale_00624.wav,Telugu
train_telugufemale_00625.wav,Telugu
train_telugufemale_00626.wav,Telugu
train_telugufemale_00627.wav,Telugu
train_telugufemale_00628.wav,Telugu
train_telugufemale_00629.wav,Telugu
train_telugufemale_00630.wav,Telugu
train_telugufemale_00631.wav,Telugu
train_telugufemale_00632.wav,Telugu
train_telugufemale_00633.wav,Telugu
train_telugufemale_00634.wav,Telugu
train_telugufemale_00635.wav,Telugu
train_telugufemale_00636.wav,Telugu
train_telugufemale_00637.wav,Telugu
train_telugufemale_00638.wav,Telugu
train_telugufemale_00639.wav,Telugu
train_telugufemale_00640.wav,Telugu
train_telugufemale_00641.wav,Telugu
train_telugufemale_00642.wav,Telugu
train_telugufemale_00643.wav,Telugu
train_telugufemale_00644.wav,Telugu
train_telugufemale_00645.wav,Telugu
train_telugufemale_00646.wav,Telugu
train_telugufemale_00647.wav,Telugu
train_telugufemale_00648.wav,Telugu
train_telugufemale_00649.wav,Telugu
train_telugufemale_00650.wav,Telugu
train_telugufemale_00651.wav,Telugu
train_telugufemale_00652.wav,Telugu
train_telugufemale_00653.wav,Telugu
train_telugufemale_00654.wav,Telugu
train_telugufemale_00655.wav,Telugu
train_telugufemale_00656.wav,Telugu
train_telugufemale_00657.wav,Telugu
train_telugufemale_00658.wav,Telugu
train_telugufemale_00659.wav,Telugu
train_telugufemale_00660.wav,Telugu
train_telugufemale_00661.wav,Telugu
train_telugufemale_00662.wav,Telugu
train_telugufemale_00663.wav,Telugu
train_telugufemale_00664.wav,Telugu
train_telugufemale_00665.wav,Telugu
train_telugufemale_00666.wav,Telugu
train_telugufemale_00667.wav,Telugu
train_telugufemale_00668.wav,Telugu
train_telugufemale_00669.wav,Telugu
train_telugufemale_00670.wav,Telugu
train_telugufemale_00671.wav,Telugu
train_telugufemale_00672.wav,Telugu
train_telugufemale_00673.wav,Telugu
train_telugufemale_00674.wav,Telugu
train_telugufemale_00675.wav,Telugu
train_telugufemale_00676.wav,Telugu
train_telugufemale_00677.wav,Telugu
train_telugufemale_00678.wav,Telugu
train_telugufemale_00679.wav,Telugu
train_telugufemale_00680.wav,Telugu
train_telugufemale_00681.wav,Telugu
train_telugufemale_00682.wav,Telugu
train_telugufemale_00683.wav,Telugu
train_telugufemale_00684.wav,Telugu
train_telugufemale_00685.wav,Telugu
train_telugufemale_00686.wav,Telugu
train_telugufemale_00687.wav,Telugu
train_telugufemale_00688.wav,Telugu
train_telugufemale_00689.wav,Telugu
train_telugufemale_00690.wav,Telugu
train_telugufemale_00691.wav,Telugu
train_telugufemale_00692.wav,Telugu
train_telugufemale_00693.wav,Telugu
train_telugufemale_00694.wav,Telugu
train_telugufemale_00695.wav,Telugu
train_telugufemale_00696.wav,Telugu
train_telugufemale_00697.wav,Telugu
train_telugufemale_00698.wav,Telugu
train_telugufemale_00699.wav,Telugu
train_telugufemale_00700.wav,Telugu
train_telugufemale_00701.wav,Telugu
train_telugufemale_00702.wav,Telugu
train_telugufemale_00703.wav,Telugu
train_telugufemale_00704.wav,Telugu
train_telugufemale_00705.wav,Telugu
train_telugufemale_00706.wav,Telugu
train_telugufemale_00707.wav,Telugu
train_telugufemale_00708.wav,Telugu
train_telugufemale_00709.wav,Telugu
train_telugufemale_00710.wav,Telugu
train_telugufemale_00711.wav,Telugu
train_telugufemale_00712.wav,Telugu
train_telugufemale_00713.wav,Telugu
train_telugufemale_00714.wav,Telugu
train_telugufemale_00715.wav,Telugu
train_telugufemale_00716.wav,Telugu
train_telugufemale_00717.wav,Telugu
train_telugufemale_00718.wav,Telugu
train_telugufemale_00719.wav,Telugu
train_telugufemale_00720.wav,Telugu
train_telugufemale_00721.wav,Telugu
train_telugufemale_00722.wav,Telugu
train_telugufemale_00723.wav,Telugu
train_telugufemale_00724.wav,Telugu
train_telugufemale_00725.wav,Telugu
train_telugufemale_00726.wav,Telugu
train_telugufemale_00727.wav,Telugu
train_telugufemale_00728.wav,Telugu
train_telugufemale_00729.wav,Telugu
train_telugufemale_00730.wav,Telugu
train_telugufemale_00731.wav,Telugu
train_telugufemale_00732.wav,Telugu
train_telugufemale_00733.wav,Telugu
train_telugufemale_00734.wav,Telugu
train_telugufemale_00735.wav,Telugu
train_telugufemale_00736.wav,Telugu
train_telugufemale_00737.wav,Telugu
train_telugufemale_00738.wav,Telugu
train_telugufemale_00739.wav,Telugu
train_telugufemale_00740.wav,Telugu
train_telugufemale_00741.wav,Telugu
train_telugufemale_00742.wav,Telugu
train_telugufemale_00743.wav,Telugu
train_telugufemale_00744.wav,Telugu
train_telugufemale_00745.wav,Telugu
train_telugufemale_00746.wav,Telugu
train_telugufemale_00747.wav,Telugu
train_telugufemale_00748.wav,Telugu
train_telugufemale_00749.wav,Telugu
train_telugufemale_00750.wav,Telugu
train_telugufemale_00751.wav,Telugu
train_telugufemale_00752.wav,Telugu
train_telugufemale_00753.wav,Telugu
train_telugufemale_00754.wav,Telugu
train_telugufemale_00755.wav,Telugu
train_telugufemale_00756.wav,Telugu
train_telugufemale_00757.wav,Telugu
train_telugufemale_00758.wav,Telugu
train_telugufemale_00759.wav,Telugu
train_telugufemale_00760.wav,Telugu
train_telugufemale_00761.wav,Telugu
train_telugufemale_00762.wav,Telugu
train_telugufemale_00763.wav,Telugu
train_telugufemale_00764.wav,Telugu
train_telugufemale_00765.wav,Telugu
train_telugufemale_00766.wav,Telugu
train_telugufemale_00767.wav,Telugu
train_telugufemale_00768.wav,Telugu
train_telugufemale_00769.wav,Telugu
train_telugufemale_00770.wav,Telugu
train_telugufemale_00771.wav,Telugu
train_telugufemale_00772.wav,Telugu
train_telugufemale_00773.wav,Telugu
train_telugufemale_00774.wav,Telugu
train_telugufemale_00775.wav,Telugu
train_telugufemale_00776.wav,Telugu
train_telugufemale_00777.wav,Telugu
train_telugufemale_00778.wav,Telugu
train_telugufemale_00779.wav,Telugu
train_telugufemale_00780.wav,Telugu
train_telugufemale_00781.wav,Telugu
train_telugufemale_00782.wav,Telugu
train_telugufemale_00783.wav,Telugu
train_telugufemale_00784.wav,Telugu
train_telugufemale_00785.wav,Telugu
train_telugufemale_00786.wav,Telugu
train_telugufemale_00787.wav,Telugu
train_telugufemale_00788.wav,Telugu
train_telugufemale_00789.wav,Telugu
train_telugufemale_00790.wav,Telugu
train_telugufemale_00791.wav,Telugu
train_telugufemale_00792.wav,Telugu
train_telugufemale_00793.wav,Telugu
train_telugufemale_00794.wav,Telugu
train_telugufemale_00795.wav,Telugu
train_telugufemale_00796.wav,Telugu
train_telugufemale_00797.wav,Telugu
train_telugufemale_00798.wav,Telugu
train_telugufemale_00799.wav,Telugu
train_telugufemale_00800.wav,Telugu
train_telugufemale_00801.wav,Telugu
train_telugufemale_00802.wav,Telugu
train_telugufemale_00803.wav,Telugu
train_telugufemale_00804.wav,Telugu
train_telugufemale_00805.wav,Telugu
train_telugufemale_00806.wav,Telugu
train_telugufemale_00807.wav,Telugu
train_telugufemale_00808.wav,Telugu
train_telugufemale_00809.wav,Telugu
train_telugufemale_00810.wav,Telugu
train_telugufemale_00811.wav,Telugu
train_telugufemale_00812.wav,Telugu
train_telugufemale_00813.wav,Telugu
train_telugufemale_00814.wav,Telugu
train_telugufemale_00815.wav,Telugu
train_telugufemale_00816.wav,Telugu
train_telugufemale_00817.wav,Telugu
train_telugufemale_00818.wav,Telugu
train_telugufemale_00819.wav,Telugu
train_telugufemale_00820.wav,Telugu
train_telugufemale_00821.wav,Telugu
train_telugufemale_00822.wav,Telugu
train_telugufemale_00823.wav,Telugu
train_telugufemale_00824.wav,Telugu
train_telugufemale_00825.wav,Telugu
train_telugufemale_00826.wav,Telugu
train_telugufemale_00827.wav,Telugu
train_telugufemale_00828.wav,Telugu
train_telugufemale_00829.wav,Telugu
train_telugufemale_00830.wav,Telugu
train_telugufemale_00831.wav,Telugu
train_telugufemale_00832.wav,Telugu
train_telugufemale_00833.wav,Telugu
train_telugufemale_00834.wav,Telugu
train_telugufemale_00835.wav,Telugu
train_telugufemale_00836.wav,Telugu
train_telugufemale_00837.wav,Telugu
train_telugufemale_00838.wav,Telugu
train_telugufemale_00839.wav,Telugu
train_telugufemale_00840.wav,Telugu
train_telugufemale_00841.wav,Telugu
train_telugufemale_00842.wav,Telugu
train_telugufemale_00843.wav,Telugu
train_telugufemale_00844.wav,Telugu
train_telugufemale_00845.wav,Telugu
train_telugufemale_00846.wav,Telugu
train_telugufemale_00847.wav,Telugu
train_telugufemale_00848.wav,Telugu
train_telugufemale_00849.wav,Telugu
train_telugufemale_00850.wav,Telugu
train_telugufemale_00851.wav,Telugu
train_telugufemale_00852.wav,Telugu
train_telugufemale_00853.wav,Telugu
train_telugufemale_00854.wav,Telugu
train_telugufemale_00855.wav,Telugu
train_telugufemale_00856.wav,Telugu
train_telugufemale_00857.wav,Telugu
train_telugufemale_00858.wav,Telugu
train_telugufemale_00859.wav,Telugu
train_telugufemale_00860.wav,Telugu
train_telugufemale_00861.wav,Telugu
train_telugufemale_00862.wav,Telugu
train_telugufemale_00863.wav,Telugu
train_telugufemale_00864.wav,Telugu
train_telugufemale_00865.wav,Telugu
train_telugufemale_00866.wav,Telugu
train_telugufemale_00867.wav,Telugu
train_telugufemale_00868.wav,Telugu
train_telugufemale_00869.wav,Telugu
train_telugufemale_00870.wav,Telugu
train_telugufemale_00871.wav,Telugu
train_telugufemale_00872.wav,Telugu
train_telugufemale_00873.wav,Telugu
train_telugufemale_00874.wav,Telugu
train_telugufemale_00875.wav,Telugu
train_telugufemale_00876.wav,Telugu
train_telugufemale_00877.wav,Telugu
train_telugufemale_00878.wav,Telugu
train_telugufemale_00879.wav,Telugu
train_telugufemale_00880.wav,Telugu
train_telugufemale_00881.wav,Telugu
train_telugufemale_00882.wav,Telugu
train_telugufemale_00883.wav,Telugu
train_telugufemale_00884.wav,Telugu
train_telugufemale_00885.wav,Telugu
train_telugufemale_00886.wav,Telugu
train_telugufemale_00887.wav,Telugu
train_telugufemale_00888.wav,Telugu
train_telugufemale_00889.wav,Telugu
train_telugufemale_00890.wav,Telugu
train_telugufemale_00891.wav,Telugu
train_telugufemale_00892.wav,Telugu
train_telugufemale_00893.wav,Telugu
train_telugufemale_00894.wav,Telugu
train_telugufemale_00895.wav,Telugu
train_telugufemale_00896.wav,Telugu
train_telugufemale_00897.wav,Telugu
train_telugufemale_00898.wav,Telugu
train_telugufemale_00899.wav,Telugu
train_telugufemale_00900.wav,Telugu
train_telugufemale_00901.wav,Telugu
train_telugufemale_00902.wav,Telugu
train_telugufemale_00903.wav,Telugu
train_telugufemale_00904.wav,Telugu
train_telugufemale_00905.wav,Telugu
train_telugufemale_00906.wav,Telugu
train_telugufemale_00907.wav,Telugu
train_telugufemale_00908.wav,Telugu
train_telugufemale_00909.wav,Telugu
train_telugufemale_00910.wav,Telugu
train_telugufemale_00911.wav,Telugu
train_telugufemale_00912.wav,Telugu
train_telugufemale_00913.wav,Telugu
train_telugufemale_00914.wav,Telugu
train_telugufemale_00915.wav,Telugu
train_telugufemale_00916.wav,Telugu
train_telugufemale_00917.wav,Telugu
train_telugufemale_00918.wav,Telugu
train_telugufemale_00919.wav,Telugu
train_telugufemale_00920.wav,Telugu
train_telugufemale_00921.wav,Telugu
train_telugufemale_00922.wav,Telugu
train_telugufemale_00923.wav,Telugu
train_telugufemale_00924.wav,Telugu
train_telugufemale_00925.wav,Telugu
train_telugufemale_00926.wav,Telugu
train_telugufemale_00927.wav,Telugu
train_telugufemale_00928.wav,Telugu
train_telugufemale_00929.wav,Telugu
train_telugufemale_00930.wav,Telugu
train_telugufemale_00931.wav,Telugu
train_telugufemale_00932.wav,Telugu
train_telugufemale_00933.wav,Telugu
train_telugufemale_00934.wav,Telugu
train_telugufemale_00935.wav,Telugu
train_telugufemale_00936.wav,Telugu
train_telugufemale_00937.wav,Telugu
train_telugufemale_00938.wav,Telugu
train_telugufemale_00939.wav,Telugu
train_telugufemale_00940.wav,Telugu
train_telugufemale_00941.wav,Telugu
train_telugufemale_00942.wav,Telugu
train_telugufemale_00943.wav,Telugu
train_telugufemale_00944.wav,Telugu
train_telugufemale_00945.wav,Telugu
train_telugufemale_00946.wav,Telugu
train_telugufemale_00947.wav,Telugu
train_telugufemale_00948.wav,Telugu
train_telugufemale_00949.wav,Telugu
train_telugufemale_00950.wav,Telugu
train_telugufemale_00951.wav,Telugu
train_telugufemale_00952.wav,Telugu
train_telugufemale_00953.wav,Telugu
train_telugufemale_00954.wav,Telugu
train_telugufemale_00955.wav,Telugu
train_telugufemale_00956.wav,Telugu
train_telugufemale_00957.wav,Telugu
train_telugufemale_00958.wav,Telugu
train_telugufemale_00959.wav,Telugu
train_telugufemale_00960.wav,Telugu
train_telugufemale_00961.wav,Telugu
train_telugufemale_00962.wav,Telugu
train_telugufemale_00963.wav,Telugu
train_telugufemale_00964.wav,Telugu
train_telugufemale_00965.wav,Telugu
train_telugufemale_00966.wav,Telugu
train_telugufemale_00967.wav,Telugu
train_telugufemale_00968.wav,Telugu
train_telugufemale_00969.wav,Telugu
train_telugufemale_00970.wav,Telugu
train_telugufemale_00971.wav,Telugu
train_telugufemale_00972.wav,Telugu
train_telugufemale_00973.wav,Telugu
train_telugufemale_00974.wav,Telugu
train_telugufemale_00975.wav,Telugu
train_telugufemale_00976.wav,Telugu
train_telugufemale_00977.wav,Telugu
train_telugufemale_00978.wav,Telugu
train_telugufemale_00979.wav,Telugu
train_telugufemale_00980.wav,Telugu
train_telugufemale_00981.wav,Telugu
train_telugufemale_00982.wav,Telugu
train_telugufemale_00983.wav,Telugu
train_telugufemale_00984.wav,Telugu
train_telugufemale_00985.wav,Telugu
train_telugufemale_00986.wav,Telugu
train_telugufemale_00987.wav,Telugu
train_telugufemale_00988.wav,Telugu
train_telugufemale_00989.wav,Telugu
train_telugufemale_00990.wav,Telugu
train_telugufemale_00991.wav,Telugu
train_telugufemale_00992.wav,Telugu
train_telugufemale_00993.wav,Telugu
train_telugufemale_00994.wav,Telugu
train_telugufemale_00995.wav,Telugu
train_telugufemale_00996.wav,Telugu
train_telugufemale_00997.wav,Telugu
train_telugufemale_00998.wav,Telugu
train_telugufemale_00999.wav,Telugu
train_telugufemale_01000.wav,Telugu
train_telugumale_00001.wav,Telugu
train_telugumale_00002.wav,Telugu
train_telugumale_00003.wav,Telugu
train_telugumale_00004.wav,Telugu
train_telugumale_00005.wav,Telugu
train_telugumale_00006.wav,Telugu
train_telugumale_00007.wav,Telugu
train_telugumale_00008.wav,Telugu
train_telugumale_00009.wav,Telugu
train_telugumale_00010.wav,Telugu
train_telugumale_00011.wav,Telugu
train_telugumale_00012.wav,Telugu
train_telugumale_00013.wav,Telugu
train_telugumale_00014.wav,Telugu
train_telugumale_00015.wav,Telugu
train_telugumale_00016.wav,Telugu
train_telugumale_00017.wav,Telugu
train_telugumale_00018.wav,Telugu
train_telugumale_00019.wav,Telugu
train_telugumale_00020.wav,Telugu
train_telugumale_00021.wav,Telugu
train_telugumale_00022.wav,Telugu
train_telugumale_00023.wav,Telugu
train_telugumale_00024.wav,Telugu
train_telugumale_00025.wav,Telugu
train_telugumale_00026.wav,Telugu
train_telugumale_00027.wav,Telugu
train_telugumale_00028.wav,Telugu
train_telugumale_00029.wav,Telugu
train_telugumale_00030.wav,Telugu
train_telugumale_00031.wav,Telugu
train_telugumale_00032.wav,Telugu
train_telugumale_00033.wav,Telugu
train_telugumale_00034.wav,Telugu
train_telugumale_00035.wav,Telugu
train_telugumale_00036.wav,Telugu
train_telugumale_00037.wav,Telugu
train_telugumale_00038.wav,Telugu
train_telugumale_00039.wav,Telugu
train_telugumale_00040.wav,Telugu
train_telugumale_00041.wav,Telugu
train_telugumale_00042.wav,Telugu
train_telugumale_00043.wav,Telugu
train_telugumale_00044.wav,Telugu
train_telugumale_00045.wav,Telugu
train_telugumale_00046.wav,Telugu
train_telugumale_00047.wav,Telugu
train_telugumale_00048.wav,Telugu
train_telugumale_00049.wav,Telugu
train_telugumale_00050.wav,Telugu
train_telugumale_00051.wav,Telugu
train_telugumale_00052.wav,Telugu
train_telugumale_00053.wav,Telugu
train_telugumale_00054.wav,Telugu
train_telugumale_00055.wav,Telugu
train_telugumale_00056.wav,Telugu
train_telugumale_00057.wav,Telugu
train_telugumale_00058.wav,Telugu
train_telugumale_00059.wav,Telugu
train_telugumale_00060.wav,Telugu
train_telugumale_00061.wav,Telugu
train_telugumale_00062.wav,Telugu
train_telugumale_00063.wav,Telugu
train_telugumale_00064.wav,Telugu
train_telugumale_00065.wav,Telugu
train_telugumale_00066.wav,Telugu
train_telugumale_00067.wav,Telugu
train_telugumale_00068.wav,Telugu
train_telugumale_00069.wav,Telugu
train_telugumale_00070.wav,Telugu
train_telugumale_00071.wav,Telugu
train_telugumale_00072.wav,Telugu
train_telugumale_00073.wav,Telugu
train_telugumale_00074.wav,Telugu
train_telugumale_00075.wav,Telugu
train_telugumale_00076.wav,Telugu
train_telugumale_00077.wav,Telugu
train_telugumale_00078.wav,Telugu
train_telugumale_00079.wav,Telugu
train_telugumale_00080.wav,Telugu
train_telugumale_00081.wav,Telugu
train_telugumale_00082.wav,Telugu
train_telugumale_00083.wav,Telugu
train_telugumale_00084.wav,Telugu
train_telugumale_00085.wav,Telugu
train_telugumale_00086.wav,Telugu
train_telugumale_00087.wav,Telugu
train_telugumale_00088.wav,Telugu
train_telugumale_00089.wav,Telugu
train_telugumale_00090.wav,Telugu
train_telugumale_00091.wav,Telugu
train_telugumale_00092.wav,Telugu
train_telugumale_00093.wav,Telugu
train_telugumale_00094.wav,Telugu
train_telugumale_00095.wav,Telugu
train_telugumale_00096.wav,Telugu
train_telugumale_00097.wav,Telugu
train_telugumale_00098.wav,Telugu
train_telugumale_00099.wav,Telugu
train_telugumale_00100.wav,Telugu
train_telugumale_00101.wav,Telugu
train_telugumale_00102.wav,Telugu
train_telugumale_00103.wav,Telugu
train_telugumale_00104.wav,Telugu
train_telugumale_00105.wav,Telugu
train_telugumale_00106.wav,Telugu
train_telugumale_00107.wav,Telugu
train_telugumale_00108.wav,Telugu
train_telugumale_00109.wav,Telugu
train_telugumale_00110.wav,Telugu
train_telugumale_00111.wav,Telugu
train_telugumale_00112.wav,Telugu
train_telugumale_00113.wav,Telugu
train_telugumale_00114.wav,Telugu
train_telugumale_00115.wav,Telugu
train_telugumale_00116.wav,Telugu
train_telugumale_00117.wav,Telugu
train_telugumale_00118.wav,Telugu
train_telugumale_00119.wav,Telugu
train_telugumale_00120.wav,Telugu
train_telugumale_00121.wav,Telugu
train_telugumale_00122.wav,Telugu
train_telugumale_00123.wav,Telugu
train_telugumale_00124.wav,Telugu
train_telugumale_00125.wav,Telugu
train_telugumale_00126.wav,Telugu
train_telugumale_00127.wav,Telugu
train_telugumale_00128.wav,Telugu
train_telugumale_00129.wav,Telugu
train_telugumale_00130.wav,Telugu
train_telugumale_00131.wav,Telugu
train_telugumale_00132.wav,Telugu
train_telugumale_00133.wav,Telugu
train_telugumale_00134.wav,Telugu
train_telugumale_00135.wav,Telugu
train_telugumale_00136.wav,Telugu
train_telugumale_00137.wav,Telugu
train_telugumale_00138.wav,Telugu
train_telugumale_00139.wav,Telugu
train_telugumale_00140.wav,Telugu
train_telugumale_00141.wav,Telugu
train_telugumale_00142.wav,Telugu
train_telugumale_00143.wav,Telugu
train_telugumale_00144.wav,Telugu
train_telugumale_00145.wav,Telugu
train_telugumale_00146.wav,Telugu
train_telugumale_00147.wav,Telugu
train_telugumale_00148.wav,Telugu
train_telugumale_00149.wav,Telugu
train_telugumale_00150.wav,Telugu
train_telugumale_00151.wav,Telugu
train_telugumale_00152.wav,Telugu
train_telugumale_00153.wav,Telugu
train_telugumale_00154.wav,Telugu
train_telugumale_00155.wav,Telugu
train_telugumale_00156.wav,Telugu
train_telugumale_00157.wav,Telugu
train_telugumale_00158.wav,Telugu
train_telugumale_00159.wav,Telugu
train_telugumale_00160.wav,Telugu
train_telugumale_00161.wav,Telugu
train_telugumale_00162.wav,Telugu
train_telugumale_00163.wav,Telugu
train_telugumale_00164.wav,Telugu
train_telugumale_00165.wav,Telugu
train_telugumale_00166.wav,Telugu
train_telugumale_00167.wav,Telugu
train_telugumale_00168.wav,Telugu
train_telugumale_00169.wav,Telugu
train_telugumale_00170.wav,Telugu
train_telugumale_00171.wav,Telugu
train_telugumale_00172.wav,Telugu
train_telugumale_00173.wav,Telugu
train_telugumale_00174.wav,Telugu
train_telugumale_00175.wav,Telugu
train_telugumale_00176.wav,Telugu
train_telugumale_00177.wav,Telugu
train_telugumale_00178.wav,Telugu
train_telugumale_00179.wav,Telugu
train_telugumale_00180.wav,Telugu
train_telugumale_00181.wav,Telugu
train_telugumale_00182.wav,Telugu
train_telugumale_00183.wav,Telugu
train_telugumale_00184.wav,Telugu
train_telugumale_00185.wav,Telugu
train_telugumale_00186.wav,Telugu
train_telugumale_00187.wav,Telugu
train_telugumale_00188.wav,Telugu
train_telugumale_00189.wav,Telugu
train_telugumale_00190.wav,Telugu
train_telugumale_00191.wav,Telugu
train_telugumale_00192.wav,Telugu
train_telugumale_00193.wav,Telugu
train_telugumale_00194.wav,Telugu
train_telugumale_00195.wav,Telugu
train_telugumale_00196.wav,Telugu
train_telugumale_00197.wav,Telugu
train_telugumale_00198.wav,Telugu
train_telugumale_00199.wav,Telugu
train_telugumale_00200.wav,Telugu
train_telugumale_00201.wav,Telugu
train_telugumale_00202.wav,Telugu
train_telugumale_00203.wav,Telugu
train_telugumale_00204.wav,Telugu
train_telugumale_00205.wav,Telugu
train_telugumale_00206.wav,Telugu
train_telugumale_00207.wav,Telugu
train_telugumale_00208.wav,Telugu
train_telugumale_00209.wav,Telugu
train_telugumale_00210.wav,Telugu
train_telugumale_00211.wav,Telugu
train_telugumale_00212.wav,Telugu
train_telugumale_00213.wav,Telugu
train_telugumale_00214.wav,Telugu
train_telugumale_00215.wav,Telugu
train_telugumale_00216.wav,Telugu
train_telugumale_00217.wav,Telugu
train_telugumale_00218.wav,Telugu
train_telugumale_00219.wav,Telugu
train_telugumale_00220.wav,Telugu
train_telugumale_00221.wav,Telugu
train_telugumale_00222.wav,Telugu
train_telugumale_00223.wav,Telugu
train_telugumale_00224.wav,Telugu
train_telugumale_00225.wav,Telugu
train_telugumale_00226.wav,Telugu
train_telugumale_00227.wav,Telugu
train_telugumale_00228.wav,Telugu
train_telugumale_00229.wav,Telugu
train_telugumale_00230.wav,Telugu
train_telugumale_00231.wav,Telugu
train_telugumale_00232.wav,Telugu
train_telugumale_00233.wav,Telugu
train_telugumale_00234.wav,Telugu
train_telugumale_00235.wav,Telugu
train_telugumale_00236.wav,Telugu
train_telugumale_00237.wav,Telugu
train_telugumale_00238.wav,Telugu
train_telugumale_00239.wav,Telugu
train_telugumale_00240.wav,Telugu
train_telugumale_00241.wav,Telugu
train_telugumale_00242.wav,Telugu
train_telugumale_00243.wav,Telugu
train_telugumale_00244.wav,Telugu
train_telugumale_00245.wav,Telugu
train_telugumale_00246.wav,Telugu
train_telugumale_00247.wav,Telugu
train_telugumale_00248.wav,Telugu
train_telugumale_00249.wav,Telugu
train_telugumale_00250.wav,Telugu
train_telugumale_00251.wav,Telugu
train_telugumale_00252.wav,Telugu
train_telugumale_00253.wav,Telugu
train_telugumale_00254.wav,Telugu
train_telugumale_00255.wav,Telugu
train_telugumale_00256.wav,Telugu
train_telugumale_00257.wav,Telugu
train_telugumale_00258.wav,Telugu
train_telugumale_00259.wav,Telugu
train_telugumale_00260.wav,Telugu
train_telugumale_00261.wav,Telugu
train_telugumale_00262.wav,Telugu
train_telugumale_00263.wav,Telugu
train_telugumale_00264.wav,Telugu
train_telugumale_00265.wav,Telugu
train_telugumale_00266.wav,Telugu
train_telugumale_00267.wav,Telugu
train_telugumale_00268.wav,Telugu
train_telugumale_00269.wav,Telugu
train_telugumale_00270.wav,Telugu
train_telugumale_00271.wav,Telugu
train_telugumale_00272.wav,Telugu
train_telugumale_00273.wav,Telugu
train_telugumale_00274.wav,Telugu
train_telugumale_00275.wav,Telugu
train_telugumale_00276.wav,Telugu
train_telugumale_00277.wav,Telugu
train_telugumale_00278.wav,Telugu
train_telugumale_00279.wav,Telugu
train_telugumale_00280.wav,Telugu
train_telugumale_00281.wav,Telugu
train_telugumale_00282.wav,Telugu
train_telugumale_00283.wav,Telugu
train_telugumale_00284.wav,Telugu
train_telugumale_00285.wav,Telugu
train_telugumale_00286.wav,Telugu
train_telugumale_00287.wav,Telugu
train_telugumale_00288.wav,Telugu
train_telugumale_00289.wav,Telugu
train_telugumale_00290.wav,Telugu
train_telugumale_00291.wav,Telugu
train_telugumale_00292.wav,Telugu
train_telugumale_00293.wav,Telugu
train_telugumale_00294.wav,Telugu
train_telugumale_00295.wav,Telugu
train_telugumale_00296.wav,Telugu
train_telugumale_00297.wav,Telugu
train_telugumale_00298.wav,Telugu
train_telugumale_00299.wav,Telugu
train_telugumale_00300.wav,Telugu
train_telugumale_00301.wav,Telugu
train_telugumale_00302.wav,Telugu
train_telugumale_00303.wav,Telugu
train_telugumale_00304.wav,Telugu
train_telugumale_00305.wav,Telugu
train_telugumale_00306.wav,Telugu
train_telugumale_00307.wav,Telugu
train_telugumale_00308.wav,Telugu
train_telugumale_00309.wav,Telugu
train_telugumale_00310.wav,Telugu
train_telugumale_00311.wav,Telugu
train_telugumale_00312.wav,Telugu
train_telugumale_00313.wav,Telugu
train_telugumale_00314.wav,Telugu
train_telugumale_00315.wav,Telugu
train_telugumale_00316.wav,Telugu
train_telugumale_00317.wav,Telugu
train_telugumale_00318.wav,Telugu
train_telugumale_00319.wav,Telugu
train_telugumale_00320.wav,Telugu
train_telugumale_00321.wav,Telugu
train_telugumale_00322.wav,Telugu
train_telugumale_00323.wav,Telugu
train_telugumale_00324.wav,Telugu
train_telugumale_00325.wav,Telugu
train_telugumale_00326.wav,Telugu
train_telugumale_00327.wav,Telugu
train_telugumale_00328.wav,Telugu
train_telugumale_00329.wav,Telugu
train_telugumale_00330.wav,Telugu
train_telugumale_00331.wav,Telugu
train_telugumale_00332.wav,Telugu
train_telugumale_00333.wav,Telugu
train_telugumale_00334.wav,Telugu
train_telugumale_00335.wav,Telugu
train_telugumale_00336.wav,Telugu
train_telugumale_00337.wav,Telugu
train_telugumale_00338.wav,Telugu
train_telugumale_00339.wav,Telugu
train_telugumale_00340.wav,Telugu
train_telugumale_00341.wav,Telugu
train_telugumale_00342.wav,Telugu
train_telugumale_00343.wav,Telugu
train_telugumale_00344.wav,Telugu
train_telugumale_00345.wav,Telugu
train_telugumale_00346.wav,Telugu
train_telugumale_00347.wav,Telugu
train_telugumale_00348.wav,Telugu
train_telugumale_00349.wav,Telugu
train_telugumale_00350.wav,Telugu
train_telugumale_00351.wav,Telugu
train_telugumale_00352.wav,Telugu
train_telugumale_00353.wav,Telugu
train_telugumale_00354.wav,Telugu
train_telugumale_00355.wav,Telugu
train_telugumale_00356.wav,Telugu
train_telugumale_00357.wav,Telugu
train_telugumale_00358.wav,Telugu
train_telugumale_00359.wav,Telugu
train_telugumale_00360.wav,Telugu
train_telugumale_00361.wav,Telugu
train_telugumale_00362.wav,Telugu
train_telugumale_00363.wav,Telugu
train_telugumale_00364.wav,Telugu
train_telugumale_00365.wav,Telugu
train_telugumale_00366.wav,Telugu
train_telugumale_00367.wav,Telugu
train_telugumale_00368.wav,Telugu
train_telugumale_00369.wav,Telugu
train_telugumale_00370.wav,Telugu
train_telugumale_00371.wav,Telugu
train_telugumale_00372.wav,Telugu
train_telugumale_00373.wav,Telugu
train_telugumale_00374.wav,Telugu
train_telugumale_00375.wav,Telugu
train_telugumale_00376.wav,Telugu
train_telugumale_00377.wav,Telugu
train_telugumale_00378.wav,Telugu
train_telugumale_00379.wav,Telugu
train_telugumale_00380.wav,Telugu
train_telugumale_00381.wav,Telugu
train_telugumale_00382.wav,Telugu
train_telugumale_00383.wav,Telugu
train_telugumale_00384.wav,Telugu
train_telugumale_00385.wav,Telugu
train_telugumale_00386.wav,Telugu
train_telugumale_00387.wav,Telugu
train_telugumale_00388.wav,Telugu
train_telugumale_00389.wav,Telugu
train_telugumale_00390.wav,Telugu
train_telugumale_00391.wav,Telugu
train_telugumale_00392.wav,Telugu
train_telugumale_00393.wav,Telugu
train_telugumale_00394.wav,Telugu
train_telugumale_00395.wav,Telugu
train_telugumale_00396.wav,Telugu
train_telugumale_00397.wav,Telugu
train_telugumale_00398.wav,Telugu
train_telugumale_00399.wav,Telugu
train_telugumale_00400.wav,Telugu
train_telugumale_00401.wav,Telugu
train_telugumale_00402.wav,Telugu
train_telugumale_00403.wav,Telugu
train_telugumale_00404.wav,Telugu
train_telugumale_00405.wav,Telugu
train_telugumale_00406.wav,Telugu
train_telugumale_00407.wav,Telugu
train_telugumale_00408.wav,Telugu
train_telugumale_00409.wav,Telugu
train_telugumale_00410.wav,Telugu
train_telugumale_00411.wav,Telugu
train_telugumale_00412.wav,Telugu
train_telugumale_00413.wav,Telugu
train_telugumale_00414.wav,Telugu
train_telugumale_00415.wav,Telugu
train_telugumale_00416.wav,Telugu
train_telugumale_00417.wav,Telugu
train_telugumale_00418.wav,Telugu
train_telugumale_00419.wav,Telugu
train_telugumale_00420.wav,Telugu
train_telugumale_00421.wav,Telugu
train_telugumale_00422.wav,Telugu
train_telugumale_00423.wav,Telugu
train_telugumale_00424.wav,Telugu
train_telugumale_00425.wav,Telugu
train_telugumale_00426.wav,Telugu
train_telugumale_00427.wav,Telugu
train_telugumale_00428.wav,Telugu
train_telugumale_00429.wav,Telugu
train_telugumale_00430.wav,Telugu
train_telugumale_00431.wav,Telugu
train_telugumale_00432.wav,Telugu
train_telugumale_00433.wav,Telugu
train_telugumale_00434.wav,Telugu
train_telugumale_00435.wav,Telugu
train_telugumale_00436.wav,Telugu
train_telugumale_00437.wav,Telugu
train_telugumale_00438.wav,Telugu
train_telugumale_00439.wav,Telugu
train_telugumale_00440.wav,Telugu
train_telugumale_00441.wav,Telugu
train_telugumale_00442.wav,Telugu
train_telugumale_00443.wav,Telugu
train_telugumale_00444.wav,Telugu
train_telugumale_00445.wav,Telugu
train_telugumale_00446.wav,Telugu
train_telugumale_00447.wav,Telugu
train_telugumale_00448.wav,Telugu
train_telugumale_00449.wav,Telugu
train_telugumale_00450.wav,Telugu
train_telugumale_00451.wav,Telugu
train_telugumale_00452.wav,Telugu
train_telugumale_00453.wav,Telugu
train_telugumale_00454.wav,Telugu
train_telugumale_00455.wav,Telugu
train_telugumale_00456.wav,Telugu
train_telugumale_00457.wav,Telugu
train_telugumale_00458.wav,Telugu
train_telugumale_00459.wav,Telugu
train_telugumale_00460.wav,Telugu
train_telugumale_00461.wav,Telugu
train_telugumale_00462.wav,Telugu
train_telugumale_00463.wav,Telugu
train_telugumale_00464.wav,Telugu
train_telugumale_00465.wav,Telugu
train_telugumale_00466.wav,Telugu
train_telugumale_00467.wav,Telugu
train_telugumale_00468.wav,Telugu
train_telugumale_00469.wav,Telugu
train_telugumale_00470.wav,Telugu
train_telugumale_00471.wav,Telugu
train_telugumale_00472.wav,Telugu
train_telugumale_00473.wav,Telugu
train_telugumale_00474.wav,Telugu
train_telugumale_00475.wav,Telugu
train_telugumale_00476.wav,Telugu
train_telugumale_00477.wav,Telugu
train_telugumale_00478.wav,Telugu
train_telugumale_00479.wav,Telugu
train_telugumale_00480.wav,Telugu
train_telugumale_00481.wav,Telugu
train_telugumale_00482.wav,Telugu
train_telugumale_00483.wav,Telugu
train_telugumale_00484.wav,Telugu
train_telugumale_00485.wav,Telugu
train_telugumale_00486.wav,Telugu
train_telugumale_00487.wav,Telugu
train_telugumale_00488.wav,Telugu
train_telugumale_00489.wav,Telugu
train_telugumale_00490.wav,Telugu
train_telugumale_00491.wav,Telugu
train_telugumale_00492.wav,Telugu
train_telugumale_00493.wav,Telugu
train_telugumale_00494.wav,Telugu
train_telugumale_00495.wav,Telugu
train_telugumale_00496.wav,Telugu
train_telugumale_00497.wav,Telugu
train_telugumale_00498.wav,Telugu
train_telugumale_00499.wav,Telugu
train_telugumale_00500.wav,Telugu
train_telugumale_00501.wav,Telugu
train_telugumale_00502.wav,Telugu
train_telugumale_00503.wav,Telugu
train_telugumale_00504.wav,Telugu
train_telugumale_00505.wav,Telugu
train_telugumale_00506.wav,Telugu
train_telugumale_00507.wav,Telugu
train_telugumale_00508.wav,Telugu
train_telugumale_00509.wav,Telugu
train_telugumale_00510.wav,Telugu
train_telugumale_00511.wav,Telugu
train_telugumale_00512.wav,Telugu
train_telugumale_00513.wav,Telugu
train_telugumale_00514.wav,Telugu
train_telugumale_00515.wav,Telugu
train_telugumale_00516.wav,Telugu
train_telugumale_00517.wav,Telugu
train_telugumale_00518.wav,Telugu
train_telugumale_00519.wav,Telugu
train_telugumale_00520.wav,Telugu
train_telugumale_00521.wav,Telugu
train_telugumale_00522.wav,Telugu
train_telugumale_00523.wav,Telugu
train_telugumale_00524.wav,Telugu
train_telugumale_00525.wav,Telugu
train_telugumale_00526.wav,Telugu
train_telugumale_00527.wav,Telugu
train_telugumale_00528.wav,Telugu
train_telugumale_00529.wav,Telugu
train_telugumale_00530.wav,Telugu
train_telugumale_00531.wav,Telugu
train_telugumale_00532.wav,Telugu
train_telugumale_00533.wav,Telugu
train_telugumale_00534.wav,Telugu
train_telugumale_00535.wav,Telugu
train_telugumale_00536.wav,Telugu
train_telugumale_00537.wav,Telugu
train_telugumale_00538.wav,Telugu
train_telugumale_00539.wav,Telugu
train_telugumale_00540.wav,Telugu
train_telugumale_00541.wav,Telugu
train_telugumale_00542.wav,Telugu
train_telugumale_00543.wav,Telugu
train_telugumale_00544.wav,Telugu
train_telugumale_00545.wav,Telugu
train_telugumale_00546.wav,Telugu
train_telugumale_00547.wav,Telugu
train_telugumale_00548.wav,Telugu
train_telugumale_00549.wav,Telugu
train_telugumale_00550.wav,Telugu
train_telugumale_00551.wav,Telugu
train_telugumale_00552.wav,Telugu
train_telugumale_00553.wav,Telugu
train_telugumale_00554.wav,Telugu
train_telugumale_00555.wav,Telugu
train_telugumale_00556.wav,Telugu
train_telugumale_00557.wav,Telugu
train_telugumale_00558.wav,Telugu
train_telugumale_00559.wav,Telugu
train_telugumale_00560.wav,Telugu
train_telugumale_00561.wav,Telugu
train_telugumale_00562.wav,Telugu
train_telugumale_00563.wav,Telugu
train_telugumale_00564.wav,Telugu
train_telugumale_00565.wav,Telugu
train_telugumale_00566.wav,Telugu
train_telugumale_00567.wav,Telugu
train_telugumale_00568.wav,Telugu
train_telugumale_00569.wav,Telugu
train_telugumale_00570.wav,Telugu
train_telugumale_00571.wav,Telugu
train_telugumale_00572.wav,Telugu
train_telugumale_00573.wav,Telugu
train_telugumale_00574.wav,Telugu
train_telugumale_00575.wav,Telugu
train_telugumale_00576.wav,Telugu
train_telugumale_00577.wav,Telugu
train_telugumale_00578.wav,Telugu
train_telugumale_00579.wav,Telugu
train_telugumale_00580.wav,Telugu
train_telugumale_00581.wav,Telugu
train_telugumale_00582.wav,Telugu
train_telugumale_00583.wav,Telugu
train_telugumale_00584.wav,Telugu
train_telugumale_00585.wav,Telugu
train_telugumale_00586.wav,Telugu
train_telugumale_00587.wav,Telugu
train_telugumale_00588.wav,Telugu
train_telugumale_00589.wav,Telugu
train_telugumale_00590.wav,Telugu
train_telugumale_00591.wav,Telugu
train_telugumale_00592.wav,Telugu
train_telugumale_00593.wav,Telugu
train_telugumale_00594.wav,Telugu
train_telugumale_00595.wav,Telugu
train_telugumale_00596.wav,Telugu
train_telugumale_00597.wav,Telugu
train_telugumale_00598.wav,Telugu
train_telugumale_00599.wav,Telugu
train_telugumale_00600.wav,Telugu
train_telugumale_00601.wav,Telugu
train_telugumale_00602.wav,Telugu
train_telugumale_00603.wav,Telugu
train_telugumale_00604.wav,Telugu
train_telugumale_00605.wav,Telugu
train_telugumale_00606.wav,Telugu
train_telugumale_00607.wav,Telugu
train_telugumale_00608.wav,Telugu
train_telugumale_00609.wav,Telugu
train_telugumale_00610.wav,Telugu
train_telugumale_00611.wav,Telugu
train_telugumale_00612.wav,Telugu
train_telugumale_00613.wav,Telugu
train_telugumale_00614.wav,Telugu
train_telugumale_00615.wav,Telugu
train_telugumale_00616.wav,Telugu
train_telugumale_00617.wav,Telugu
train_telugumale_00618.wav,Telugu
train_telugumale_00619.wav,Telugu
train_telugumale_00620.wav,Telugu
train_telugumale_00621.wav,Telugu
train_telugumale_00622.wav,Telugu
train_telugumale_00623.wav,Telugu
train_telugumale_00624.wav,Telugu
train_telugumale_00625.wav,Telugu
train_telugumale_00626.wav,Telugu
train_telugumale_00627.wav,Telugu
train_telugumale_00628.wav,Telugu
train_telugumale_00629.wav,Telugu
train_telugumale_00630.wav,Telugu
train_telugumale_00631.wav,Telugu
train_telugumale_00632.wav,Telugu
train_telugumale_00633.wav,Telugu
train_telugumale_00634.wav,Telugu
train_telugumale_00635.wav,Telugu
train_telugumale_00636.wav,Telugu
train_telugumale_00637.wav,Telugu
train_telugumale_00638.wav,Telugu
train_telugumale_00639.wav,Telugu
train_telugumale_00640.wav,Telugu
train_telugumale_00641.wav,Telugu
train_telugumale_00642.wav,Telugu
train_telugumale_00643.wav,Telugu
train_telugumale_00644.wav,Telugu
train_telugumale_00645.wav,Telugu
train_telugumale_00646.wav,Telugu
train_telugumale_00647.wav,Telugu
train_telugumale_00648.wav,Telugu
train_telugumale_00649.wav,Telugu
train_telugumale_00650.wav,Telugu
train_telugumale_00651.wav,Telugu
train_telugumale_00652.wav,Telugu
train_telugumale_00653.wav,Telugu
train_telugumale_00654.wav,Telugu
train_telugumale_00655.wav,Telugu
train_telugumale_00656.wav,Telugu
train_telugumale_00657.wav,Telugu
train_telugumale_00658.wav,Telugu
train_telugumale_00659.wav,Telugu
train_telugumale_00660.wav,Telugu
train_telugumale_00661.wav,Telugu
train_telugumale_00662.wav,Telugu
train_telugumale_00663.wav,Telugu
train_telugumale_00664.wav,Telugu
train_telugumale_00665.wav,Telugu
train_telugumale_00666.wav,Telugu
train_telugumale_00667.wav,Telugu
train_telugumale_00668.wav,Telugu
train_telugumale_00669.wav,Telugu
train_telugumale_00670.wav,Telugu
train_telugumale_00671.wav,Telugu
train_telugumale_00672.wav,Telugu
train_telugumale_00673.wav,Telugu
train_telugumale_00674.wav,Telugu
train_telugumale_00675.wav,Telugu
train_telugumale_00676.wav,Telugu
train_telugumale_00677.wav,Telugu
train_telugumale_00678.wav,Telugu
train_telugumale_00679.wav,Telugu
train_telugumale_00680.wav,Telugu
train_telugumale_00681.wav,Telugu
train_telugumale_00682.wav,Telugu
train_telugumale_00683.wav,Telugu
train_telugumale_00684.wav,Telugu
train_telugumale_00685.wav,Telugu
train_telugumale_00686.wav,Telugu
train_telugumale_00687.wav,Telugu
train_telugumale_00688.wav,Telugu
train_telugumale_00689.wav,Telugu
train_telugumale_00690.wav,Telugu
train_telugumale_00691.wav,Telugu
train_telugumale_00692.wav,Telugu
train_telugumale_00693.wav,Telugu
train_telugumale_00694.wav,Telugu
train_telugumale_00695.wav,Telugu
train_telugumale_00696.wav,Telugu
train_telugumale_00697.wav,Telugu
train_telugumale_00698.wav,Telugu
train_telugumale_00699.wav,Telugu
train_telugumale_00700.wav,Telugu
train_telugumale_00701.wav,Telugu
train_telugumale_00702.wav,Telugu
train_telugumale_00703.wav,Telugu
train_telugumale_00704.wav,Telugu
train_telugumale_00705.wav,Telugu
train_telugumale_00706.wav,Telugu
train_telugumale_00707.wav,Telugu
train_telugumale_00708.wav,Telugu
train_telugumale_00709.wav,Telugu
train_telugumale_00710.wav,Telugu
train_telugumale_00711.wav,Telugu
train_telugumale_00712.wav,Telugu
train_telugumale_00713.wav,Telugu
train_telugumale_00714.wav,Telugu
train_telugumale_00715.wav,Telugu
train_telugumale_00716.wav,Telugu
train_telugumale_00717.wav,Telugu
train_telugumale_00718.wav,Telugu
train_telugumale_00719.wav,Telugu
train_telugumale_00720.wav,Telugu
train_telugumale_00721.wav,Telugu
train_telugumale_00722.wav,Telugu
train_telugumale_00723.wav,Telugu
train_telugumale_00724.wav,Telugu
train_telugumale_00725.wav,Telugu
train_telugumale_00726.wav,Telugu
train_telugumale_00727.wav,Telugu
train_telugumale_00728.wav,Telugu
train_telugumale_00729.wav,Telugu
train_telugumale_00730.wav,Telugu
train_telugumale_00731.wav,Telugu
train_telugumale_00732.wav,Telugu
train_telugumale_00733.wav,Telugu
train_telugumale_00734.wav,Telugu
train_telugumale_00735.wav,Telugu
train_telugumale_00736.wav,Telugu
train_telugumale_00737.wav,Telugu
train_telugumale_00738.wav,Telugu
train_telugumale_00739.wav,Telugu
train_telugumale_00740.wav,Telugu
train_telugumale_00741.wav,Telugu
train_telugumale_00742.wav,Telugu
train_telugumale_00743.wav,Telugu
train_telugumale_00744.wav,Telugu
train_telugumale_00745.wav,Telugu
train_telugumale_00746.wav,Telugu
train_telugumale_00747.wav,Telugu
train_telugumale_00748.wav,Telugu
train_telugumale_00749.wav,Telugu
train_telugumale_00750.wav,Telugu
train_telugumale_00751.wav,Telugu
train_telugumale_00752.wav,Telugu
train_telugumale_00753.wav,Telugu
train_telugumale_00754.wav,Telugu
train_telugumale_00755.wav,Telugu
train_telugumale_00756.wav,Telugu
train_telugumale_00757.wav,Telugu
train_telugumale_00758.wav,Telugu
train_telugumale_00759.wav,Telugu
train_telugumale_00760.wav,Telugu
train_telugumale_00761.wav,Telugu
train_telugumale_00762.wav,Telugu
train_telugumale_00763.wav,Telugu
train_telugumale_00764.wav,Telugu
train_telugumale_00765.wav,Telugu
train_telugumale_00766.wav,Telugu
train_telugumale_00767.wav,Telugu
train_telugumale_00768.wav,Telugu
train_telugumale_00769.wav,Telugu
train_telugumale_00770.wav,Telugu
train_telugumale_00771.wav,Telugu
train_telugumale_00772.wav,Telugu
train_telugumale_00773.wav,Telugu
train_telugumale_00774.wav,Telugu
train_telugumale_00775.wav,Telugu
train_telugumale_00776.wav,Telugu
train_telugumale_00777.wav,Telugu
train_telugumale_00778.wav,Telugu
train_telugumale_00779.wav,Telugu
train_telugumale_00780.wav,Telugu
train_telugumale_00781.wav,Telugu
train_telugumale_00782.wav,Telugu
train_telugumale_00783.wav,Telugu
train_telugumale_00784.wav,Telugu
train_telugumale_00785.wav,Telugu
train_telugumale_00786.wav,Telugu
train_telugumale_00787.wav,Telugu
train_telugumale_00788.wav,Telugu
train_telugumale_00789.wav,Telugu
train_telugumale_00790.wav,Telugu
train_telugumale_00791.wav,Telugu
train_telugumale_00792.wav,Telugu
train_telugumale_00793.wav,Telugu
train_telugumale_00794.wav,Telugu
train_telugumale_00795.wav,Telugu
train_telugumale_00796.wav,Telugu
train_telugumale_00797.wav,Telugu
train_telugumale_00798.wav,Telugu
train_telugumale_00799.wav,Telugu
train_telugumale_00800.wav,Telugu
train_telugumale_00801.wav,Telugu
train_telugumale_00802.wav,Telugu
train_telugumale_00803.wav,Telugu
train_telugumale_00804.wav,Telugu
train_telugumale_00805.wav,Telugu
train_telugumale_00806.wav,Telugu
train_telugumale_00807.wav,Telugu
train_telugumale_00808.wav,Telugu
train_telugumale_00809.wav,Telugu
train_telugumale_00810.wav,Telugu
train_telugumale_00811.wav,Telugu
train_telugumale_00812.wav,Telugu
train_telugumale_00813.wav,Telugu
train_telugumale_00814.wav,Telugu
train_telugumale_00815.wav,Telugu
train_telugumale_00816.wav,Telugu
train_telugumale_00817.wav,Telugu
train_telugumale_00818.wav,Telugu
train_telugumale_00819.wav,Telugu
train_telugumale_00820.wav,Telugu
train_telugumale_00821.wav,Telugu
train_telugumale_00822.wav,Telugu
train_telugumale_00823.wav,Telugu
train_telugumale_00824.wav,Telugu
train_telugumale_00825.wav,Telugu
train_telugumale_00826.wav,Telugu
train_telugumale_00827.wav,Telugu
train_telugumale_00828.wav,Telugu
train_telugumale_00829.wav,Telugu
train_telugumale_00830.wav,Telugu
train_telugumale_00831.wav,Telugu
train_telugumale_00832.wav,Telugu
train_telugumale_00833.wav,Telugu
train_telugumale_00834.wav,Telugu
train_telugumale_00835.wav,Telugu
train_telugumale_00836.wav,Telugu
train_telugumale_00837.wav,Telugu
train_telugumale_00838.wav,Telugu
train_telugumale_00839.wav,Telugu
train_telugumale_00840.wav,Telugu
train_telugumale_00841.wav,Telugu
train_telugumale_00842.wav,Telugu
train_telugumale_00843.wav,Telugu
train_telugumale_00844.wav,Telugu
train_telugumale_00845.wav,Telugu
train_telugumale_00846.wav,Telugu
train_telugumale_00847.wav,Telugu
train_telugumale_00848.wav,Telugu
train_telugumale_00849.wav,Telugu
train_telugumale_00850.wav,Telugu
train_telugumale_00851.wav,Telugu
train_telugumale_00852.wav,Telugu
train_telugumale_00853.wav,Telugu
train_telugumale_00854.wav,Telugu
train_telugumale_00855.wav,Telugu
train_telugumale_00856.wav,Telugu
train_telugumale_00857.wav,Telugu
train_telugumale_00858.wav,Telugu
train_telugumale_00859.wav,Telugu
train_telugumale_00860.wav,Telugu
train_telugumale_00861.wav,Telugu
train_telugumale_00862.wav,Telugu
train_telugumale_00863.wav,Telugu
train_telugumale_00864.wav,Telugu
train_telugumale_00865.wav,Telugu
train_telugumale_00866.wav,Telugu
train_telugumale_00867.wav,Telugu
train_telugumale_00868.wav,Telugu
train_telugumale_00869.wav,Telugu
train_telugumale_00870.wav,Telugu
train_telugumale_00871.wav,Telugu
train_telugumale_00872.wav,Telugu
train_telugumale_00873.wav,Telugu
train_telugumale_00874.wav,Telugu
train_telugumale_00875.wav,Telugu
train_telugumale_00876.wav,Telugu
train_telugumale_00877.wav,Telugu
train_telugumale_00878.wav,Telugu
train_telugumale_00879.wav,Telugu
train_telugumale_00880.wav,Telugu
train_telugumale_00881.wav,Telugu
train_telugumale_00882.wav,Telugu
train_telugumale_00883.wav,Telugu
train_telugumale_00884.wav,Telugu
train_telugumale_00885.wav,Telugu
train_telugumale_00886.wav,Telugu
train_telugumale_00887.wav,Telugu
train_telugumale_00888.wav,Telugu
train_telugumale_00889.wav,Telugu
train_telugumale_00890.wav,Telugu
train_telugumale_00891.wav,Telugu
train_telugumale_00892.wav,Telugu
train_telugumale_00893.wav,Telugu
train_telugumale_00894.wav,Telugu
train_telugumale_00895.wav,Telugu
train_telugumale_00896.wav,Telugu
train_telugumale_00897.wav,Telugu
train_telugumale_00898.wav,Telugu
train_telugumale_00899.wav,Telugu
train_telugumale_00900.wav,Telugu
train_telugumale_00901.wav,Telugu
train_telugumale_00902.wav,Telugu
train_telugumale_00903.wav,Telugu
train_telugumale_00904.wav,Telugu
train_telugumale_00905.wav,Telugu
train_telugumale_00906.wav,Telugu
train_telugumale_00907.wav,Telugu
train_telugumale_00908.wav,Telugu
train_telugumale_00909.wav,Telugu
train_telugumale_00910.wav,Telugu
train_telugumale_00911.wav,Telugu
train_telugumale_00912.wav,Telugu
train_telugumale_00913.wav,Telugu
train_telugumale_00914.wav,Telugu
train_telugumale_00915.wav,Telugu
train_telugumale_00916.wav,Telugu
train_telugumale_00917.wav,Telugu
train_telugumale_00918.wav,Telugu
train_telugumale_00919.wav,Telugu
train_telugumale_00920.wav,Telugu
train_telugumale_00921.wav,Telugu
train_telugumale_00922.wav,Telugu
train_telugumale_00923.wav,Telugu
train_telugumale_00924.wav,Telugu
train_telugumale_00925.wav,Telugu
train_telugumale_00926.wav,Telugu
train_telugumale_00927.wav,Telugu
train_telugumale_00928.wav,Telugu
train_telugumale_00929.wav,Telugu
train_telugumale_00930.wav,Telugu
train_telugumale_00931.wav,Telugu
train_telugumale_00932.wav,Telugu
train_telugumale_00933.wav,Telugu
train_telugumale_00934.wav,Telugu
train_telugumale_00935.wav,Telugu
train_telugumale_00936.wav,Telugu
train_telugumale_00937.wav,Telugu
train_telugumale_00938.wav,Telugu
train_telugumale_00939.wav,Telugu
train_telugumale_00940.wav,Telugu
train_telugumale_00941.wav,Telugu
train_telugumale_00942.wav,Telugu
train_telugumale_00943.wav,Telugu
train_telugumale_00944.wav,Telugu
train_telugumale_00945.wav,Telugu
train_telugumale_00946.wav,Telugu
train_telugumale_00947.wav,Telugu
train_telugumale_00948.wav,Telugu
train_telugumale_00949.wav,Telugu
train_telugumale_00950.wav,Telugu
train_telugumale_00951.wav,Telugu
train_telugumale_00952.wav,Telugu
train_telugumale_00953.wav,Telugu
train_telugumale_00954.wav,Telugu
train_telugumale_00955.wav,Telugu
train_telugumale_00956.wav,Telugu
train_telugumale_00957.wav,Telugu
train_telugumale_00958.wav,Telugu
train_telugumale_00959.wav,Telugu
train_telugumale_00960.wav,Telugu
train_telugumale_00961.wav,Telugu
train_telugumale_00962.wav,Telugu
train_telugumale_00963.wav,Telugu
train_telugumale_00964.wav,Telugu
train_telugumale_00965.wav,Telugu
train_telugumale_00966.wav,Telugu
train_telugumale_00967.wav,Telugu
train_telugumale_00968.wav,Telugu
train_telugumale_00969.wav,Telugu
train_telugumale_00970.wav,Telugu
train_telugumale_00971.wav,Telugu
train_telugumale_00972.wav,Telugu
train_telugumale_00973.wav,Telugu
train_telugumale_00974.wav,Telugu
train_telugumale_00975.wav,Telugu
train_telugumale_00976.wav,Telugu
train_telugumale_00977.wav,Telugu
train_telugumale_00978.wav,Telugu
train_telugumale_00979.wav,Telugu
train_telugumale_00980.wav,Telugu
train_telugumale_00981.wav,Telugu
train_telugumale_00982.wav,Telugu
train_telugumale_00983.wav,Telugu
train_telugumale_00984.wav,Telugu
train_telugumale_00985.wav,Telugu
train_telugumale_00986.wav,Telugu
train_telugumale_00987.wav,Telugu
train_telugumale_00988.wav,Telugu
train_telugumale_00989.wav,Telugu
train_telugumale_00990.wav,Telugu
train_telugumale_00991.wav,Telugu
train_telugumale_00992.wav,Telugu
train_telugumale_00993.wav,Telugu
train_telugumale_00994.wav,Telugu
train_telugumale_00995.wav,Telugu
train_telugumale_00996.wav,Telugu
train_telugumale_00997.wav,Telugu
train_telugumale_00998.wav,Telugu
train_telugumale_00999.wav,Telugu
train_telugumale_01000.wav,Telugu
